distance_m,rain_rate_mmph,humidity_pct,visibility_km,Cn2,SNR_RF_dB,SNR_FSO_dB,SNR_THz_dB,C_RF_bps,C_FSO_bps,C_THz_bps,Eb_RF_J_per_bit,Eb_FSO_J_per_bit,Eb_THz_J_per_bit,best_channel,scenario
10.0,56.5513945986145,92.27852244835447,0.18261982399399146,5e-14,47.1351937405813,70.81427375519743,47.99741911946339,313160006.7496767,1000000000.0,1000000000.0,3.193255774832533e-10,1.0000000000000001e-11,3.1622776601683794e-11,1,worst
20.0,56.5513945986145,92.27852244835447,0.18261982399399146,5e-14,41.631382294899566,62.788798703526034,41.948135649449256,276594898.7103635,1000000000.0,1000000000.0,3.6153956731036844e-10,1.0000000000000001e-11,3.1622776601683794e-11,1,worst
30.0,56.5513945986145,92.27852244835447,0.18261982399399146,5e-14,42.14807419522084,57.26321000894261,38.39762691160112,280027503.10713494,1000000000.0,1000000000.0,3.571077800945191e-10,1.0000000000000001e-11,3.1622776601683794e-11,1,worst
40.0,56.5513945986145,92.27852244835447,0.18261982399399146,5e-14,40.1695198218347,52.76136724396071,35.87016862270062,266883287.70847264,1000000000.0,1000000000.0,3.74695623913454e-10,1.0000000000000001e-11,3.1622776601683794e-11,1,worst
50.0,56.5513945986145,92.27852244835447,0.18261982399399146,5e-14,34.82132330662556,48.82060329081108,33.90328480580497,231357370.44929224,1000000000.0,1000000000.0,4.322317452251538e-10,1.0000000000000001e-11,3.1622776601683794e-11,1,worst
60.0,56.5513945986145,92.27852244835447,0.18261982399399146,5e-14,34.188355997839125,45.23480898497978,32.29097632811798,227153517.91691497,1000000000.0,1000000000.0,4.4023091043026064e-10,1.0000000000000001e-11,3.1622776601683794e-11,1,worst
70.0,56.5513945986145,92.27852244835447,0.18261982399399146,5e-14,31.85824777887298,41.894026682974875,30.92335697877121,211680420.1813128,1000000000.0,1000000000.0,4.724102489703392e-10,1.0000000000000001e-11,3.1622776601683794e-11,1,worst
80.0,56.5513945986145,92.27852244835447,0.18261982399399146,5e-14,29.35139010995232,38.73261406759486,29.734834482482967,195039897.02461994,1000000000.0,1000000000.0,5.127156111417398e-10,1.0000000000000001e-11,3.1622776601683794e-11,1,worst
90.0,56.5513945986145,92.27852244835447,0.18261982399399146,5e-14,29.793566202733274,35.70822581561216,28.68310047680083,197974411.9129844,1000000000.0,1000000000.0,5.05115782558571e-10,1.0000000000000001e-11,3.1622776601683794e-11,1,worst
100.0,56.5513945986145,92.27852244835447,0.18261982399399146,5e-14,27.21275565544758,32.79194568903066,27.739267108852815,180852401.8237341,1000000000.0,1000000000.0,5.529370856653812e-10,1.0000000000000001e-11,3.1622776601683794e-11,1,worst
110.0,56.5513945986145,92.27852244835447,0.18261982399399146,5e-14,29.562687270020405,29.96314669475477,26.882729848953815,196442135.83420992,1000000000.0,1000000000.0,5.090557561662656e-10,1.0000000000000001e-11,3.1622776601683794e-11,1,worst
120.0,56.5513945986145,92.27852244835447,0.18261982399399146,5e-14,27.14485862572748,27.20659700426718,26.098275074431314,180402165.83497432,1000000000.0,1000000000.0,5.543170700704146e-10,1.0000000000000001e-11,3.1622776601683794e-11,1,worst
130.0,56.5513945986145,92.27852244835447,0.18261982399399146,5e-14,25.757223564465647,24.51072818060561,25.37434939251257,171203832.3030414,1000000000.0,1000000000.0,5.840990745054924e-10,1.0000000000000001e-11,3.1622776601683794e-11,1,worst
140.0,56.5513945986145,92.27852244835447,0.18261982399399146,5e-14,24.09026407647775,21.866546955599077,24.70197216835004,160164537.9571723,1000000000.0,1000000000.0,6.243579338813428e-10,1.0000000000000001e-11,3.1622776601683794e-11,1,worst
150.0,56.5513945986145,92.27852244835447,0.18261982399399146,5e-14,25.288353436897978,19.26692331752878,24.07402414406667,168097439.99410406,1000000000.0,1000000000.0,5.948930572857472e-10,1.0000000000000001e-11,3.1622776601683794e-11,1,worst
160.0,56.5513945986145,92.27852244835447,0.18261982399399146,5e-14,25.42548431676032,16.706108801179354,23.48476611532729,169005871.6655862,1000000000.0,1000000000.0,5.916954187122629e-10,1.0000000000000001e-11,3.1622776601683794e-11,1,worst
170.0,56.5513945986145,92.27852244835447,0.18261982399399146,5e-14,22.82250500454741,14.179401052874084,22.92950378414581,151779694.01120698,1000000000.0,1000000000.0,6.588496613559933e-10,1.0000000000000001e-11,3.1622776601683794e-11,1,worst
180.0,56.5513945986145,92.27852244835447,0.18261982399399146,5e-14,24.292279256482814,11.682904405903116,22.404348552910648,161501603.6966573,1000000000.0,1000000000.0,6.191888978875184e-10,1.0000000000000001e-11,3.1622776601683794e-11,1,worst
190.0,56.5513945986145,92.27852244835447,0.18261982399399146,5e-14,20.883616499409243,9.213355266342518,21.90604307918568,138982209.2835332,1000000000.0,1000000000.0,7.195165519062456e-10,1.0000000000000001e-11,3.1622776601683794e-11,1,worst
200.0,56.5513945986145,92.27852244835447,0.18261982399399146,5e-14,20.93645834173455,6.767992332919292,21.43183162822811,139330458.7245879,1000000000.0,1000000000.0,7.177181566427501e-10,1.0000000000000001e-11,3.1622776601683794e-11,1,worst
210.0,56.5513945986145,92.27852244835447,0.18261982399399146,5e-14,24.969253175590595,4.344458508552876,20.979362090094867,165983873.5679924,1000000000.0,1000000000.0,6.024681666381087e-10,1.0000000000000001e-11,3.1622776601683794e-11,1,worst
220.0,56.5513945986145,92.27852244835447,0.18261982399399146,5e-14,24.005044728259648,1.940725647270554,20.546610811594633,159600573.5796585,1000000000.0,1000000000.0,6.265641642577734e-10,1.0000000000000001e-11,3.1622776601683794e-11,1,worst
230.0,56.5513945986145,92.27852244835447,0.18261982399399146,5e-14,20.998710346170924,-0.4449639603821822,20.131824150952383,139740768.43835425,927985323.8454654,1000000000.0,7.156107778533819e-10,1.0776032489997945e-11,3.1622776601683794e-11,2,worst
240.0,56.5513945986145,92.27852244835447,0.18261982399399146,5e-14,23.162133327315445,-2.8141436417741517,19.73347248033761,154024860.49544868,607011710.7302103,1000000000.0,6.492458404333691e-10,1.647414674746622e-11,3.1622776601683794e-11,2,worst
250.0,56.5513945986145,92.27852244835447,0.18261982399399146,5e-14,21.280418211559194,-5.168158990929129,19.350213584394453,141598105.73711547,383184411.6594759,1000000000.0,7.062241368232383e-10,2.6097095016711403e-11,3.1622776601683794e-11,2,worst
260.0,56.5513945986145,92.27852244835447,0.18261982399399146,5e-14,25.010941010856627,-7.50819732663561,18.980863241684375,166259966.4715047,235718001.2634185,1000000000.0,6.014677021911887e-10,4.242357370417733e-11,3.1622776601683794e-11,2,worst
270.0,56.5513945986145,92.27852244835447,0.18261982399399146,5e-14,22.97301861378253,-9.835311589288366,18.624371361186462,152774579.5188487,142563624.67366296,1000000000.0,6.545591571251055e-10,7.014412002283629e-11,3.1622776601683794e-11,2,worst
280.0,56.5513945986145,92.27852244835447,0.18261982399399146,5e-14,23.00025176309805,-12.15043989070044,18.279802460787323,152954607.5864246,85353289.52301092,1000000000.0,6.537887388812173e-10,1.1716010075164167e-10,3.1622776601683794e-11,2,worst
290.0,56.5513945986145,92.27852244835447,0.18261982399399146,5e-14,17.958065129782256,-14.454421632641427,17.94631957291807,119768887.12338452,50822999.81392835,1000000000.0,8.349413808694837e-10,1.9676130957660315e-10,3.1622776601683794e-11,2,worst
300.0,56.5513945986145,92.27852244835447,0.18261982399399146,5e-14,18.46905167670431,-16.74801089239557,17.623170879769447,123113317.78910713,30187135.936670545,1000000000.0,8.122598090589988e-10,3.312669350606482e-10,3.1622776601683794e-11,2,worst
310.0,56.5513945986145,92.27852244835447,0.18261982399399146,5e-14,15.648401710298955,-19.03188761325748,17.309678540742738,104741113.00373358,17917857.57276177,1000000000.0,9.547349377167248e-10,5.581024382737433e-10,3.1622776601683794e-11,2,worst
320.0,56.5513945986145,92.27852244835447,0.18261982399399146,5e-14,21.79652926255649,-21.306667018270034,17.00522929429556,145003166.09976304,10639115.082700362,1000000000.0,6.896401140041274e-10,9.399277968390821e-10,3.1622776601683794e-11,2,worst
330.0,56.5513945986145,92.27852244835447,0.18261982399399146,5e-14,21.452769352159052,-23.5729075753613,16.709266506401434,142734882.58233866,6323124.147644721,1000000000.0,7.005995884875134e-10,1.5814967042399232e-09,3.1622776601683794e-11,2,worst
340.0,56.5513945986145,92.27852244835447,0.18261982399399146,5e-14,18.177248871278067,-25.831117773428872,16.42128340637956,121202736.38018033,3762671.4665303403,1000000000.0,8.250638804583335e-10,2.6576861915667772e-09,3.1622776601683794e-11,2,worst
350.0,56.5513945986145,92.27852244835447,0.18261982399399146,5e-14,16.446986412871013,-28.081761916234797,16.140817303484653,109918005.05594617,2242130.20530284,1000000000.0,9.097690587552232e-10,4.4600442812594465e-09,3.1622776601683794e-11,2,worst
360.0,56.5513945986145,92.27852244835447,0.18261982399399146,5e-14,20.40987635606443,-30.325265100164188,15.867444618409905,135861648.96998563,1337970.7792164567,1000000000.0,7.360428844941508e-10,7.474004780475256e-09,3.1622776601683794e-11,2,worst
370.0,56.5513945986145,92.27852244835447,0.18261982399399146,5e-14,19.426217220761302,-32.562017510042736,15.600776595681253,129392421.92020011,799562.5349956164,1000000000.0,7.728427872049012e-10,1.2506839130543835e-08,3.1622776601683794e-11,2,worst
380.0,56.5513945986145,92.27852244835447,0.18261982399399146,5e-14,19.824115674385254,-34.79237814214963,15.34045558795043,132007484.35501301,478481.00784885563,1000000000.0,7.575328057238482e-10,2.0899471109538455e-08,3.1622776601683794e-11,2,worst
390.0,56.5513945986145,92.27852244835447,0.18261982399399146,5e-14,17.284941487195923,-37.016678043711664,15.086151823022163,115372841.16936731,286723.6903091049,1000000000.0,8.667551131310013e-10,3.487678325156674e-08,3.1622776601683794e-11,2,worst
400.0,56.5513945986145,92.27852244835447,0.18261982399399146,5e-14,17.198758411152554,-39.23522314233776,14.837560580258383,114810859.0292893,172038.77046190982,1000000000.0,8.709977509574167e-10,5.812643262417436e-08,3.1622776601683794e-11,2,worst
410.0,56.5513945986145,92.27852244835447,0.18261982399399146,5e-14,16.795381291078016,-41.44829672615211,14.59439971568841,112183358.48506854,103354.48084735083,1000000000.0,8.913978093578815e-10,9.675439243673894e-08,3.1622776601683794e-11,2,worst
420.0,56.5513945986145,92.27852244835447,0.18261982399399146,5e-14,19.53776940958332,-43.65616162513348,14.356407485390605,130125301.19268066,62165.441101318844,1000000000.0,7.684900559955426e-10,1.6086108009274383e-07,3.1622776601683794e-11,2,worst
430.0,56.5513945986145,92.27852244835447,0.18261982399399146,5e-14,19.90435583206532,-45.85906213584775,14.123340625022365,132535144.19264781,37433.6944411996,1000000000.0,7.545168536931154e-10,2.6713900803213214e-07,3.1622776601683794e-11,2,worst
440.0,56.5513945986145,92.27852244835447,0.18261982399399146,5e-14,18.245284405493223,-48.05722572497007,13.894972650155864,121648032.25486514,22565.687522879194,1000000000.0,8.220437120634201e-10,4.43150690173347e-07,3.1622776601683794e-11,2,worst
450.0,56.5513945986145,92.27852244835447,0.18261982399399146,5e-14,16.202790325129882,-50.25086454142442,13.671092347638222,108332560.08829343,13617.144160351456,1000000000.0,9.230835117207402e-10,7.343683728572572e-07,3.1622776601683794e-11,2,worst
460.0,56.5513945986145,92.27852244835447,0.18261982399399146,5e-14,13.762785488597572,-52.440176762379025,13.451502432779108,92626338.19004902,8225.373443931163,1000000000.0,1.0796065347506434e-09,1.21575027178592e-06,3.1622776601683794e-11,2,worst
470.0,56.5513945986145,92.27852244835447,0.18261982399399146,5e-14,12.293425793065751,-54.62534779453526,13.236018350961729,83329084.71181107,4973.235338322918,1000000000.0,1.2000611832692554e-09,2.010763480855546e-06,3.1622776601683794e-11,2,worst
480.0,56.5513945986145,92.27852244835447,0.18261982399399146,5e-14,15.844394104241303,-56.806551348989075,13.02446720542983,106009479.80994762,3009.670497174897,1000000000.0,9.433118639887552e-10,3.3226228616676652e-06,3.1622776601683794e-11,2,worst
490.0,56.5513945986145,92.27852244835447,0.18261982399399146,5e-14,18.997439419406618,-58.983950405305194,12.816686795636798,126577448.62850069,1822.9687507290298,1000000000.0,7.900301442597067e-10,5.485557553304666e-06,3.1622776601683794e-11,2,worst
500.0,56.5513945986145,92.27852244835447,0.18261982399399146,5e-14,17.712783562267745,-61.157698078231846,12.612524752752165,118165665.7656874,1105.1075977541032,1000000000.0,8.462695094384828e-10,9.048892633009564e-06,3.1622776601683794e-11,2,worst
510.0,56.5513945986145,92.27852244835447,0.18261982399399146,5e-14,17.61454867764178,-63.327938398623246,12.41183776077932,117523996.20800534,670.4719266534199,1000000000.0,8.508900584269644e-10,1.49148675768034e-05,3.1622776601683794e-11,2,worst
520.0,56.5513945986145,92.27852244835447,0.18261982399399146,5e-14,13.897152236154852,-65.49480701856396,12.21449085330758,93483560.98431577,407.09313238050544,1000000000.0,1.0697067906599915e-09,2.456440358382934e-05,3.1622776601683794e-11,2,worst
530.0,56.5513945986145,92.27852244835447,0.18261982399399146,5e-14,16.952904974260704,-67.65843184935767,12.020356777253255,113208859.00920945,247.3610504918173,1000000000.0,8.83323097460642e-10,4.0426736465249606e-05,3.1622776601683794e-11,2,worst
540.0,56.5513945986145,92.27852244835447,0.18261982399399146,5e-14,15.456612055848169,-69.81893363990801,11.829315416075161,103501412.40326878,150.41153808806934,1000000000.0,9.661703901235052e-10,6.648426129480025e-05,3.1622776601683794e-11,2,worst
550.0,56.5513945986145,92.27852244835447,0.18261982399399146,5e-14,16.04592617641252,-71.97642650205319,11.641253265915168,107315211.79421857,91.5233431427743,1000000000.0,9.318343441538764e-10,0.00010926174303314327,3.1622776601683794e-11,2,worst
560.0,56.5513945986145,92.27852244835447,0.18261982399399146,5e-14,11.3747199269623,-74.13101838858915,11.456062958941516,77601415.20258762,55.72790163556735,1000000000.0,1.2886362927652576e-09,0.00017944332563237366,3.1622776601683794e-11,2,worst
570.0,56.5513945986145,92.27852244835447,0.18261982399399146,5e-14,17.503294253545604,-76.28281152900396,11.273642828881208,116797581.7560874,33.95419058259553,1000000000.0,8.561821100785599e-10,0.0002945144569320368,3.1622776601683794e-11,2,worst
580.0,56.5513945986145,92.27852244835447,0.18261982399399146,5e-14,14.308742486245634,-78.43190282733542,11.093896514337757,96115737.88975757,20.70066300866101,1000000000.0,1.0404123424063766e-09,0.00048307631479320597,3.1622776601683794e-11,2,worst
590.0,56.5513945986145,92.27852244835447,0.18261982399399146,5e-14,13.065620997541757,-80.57838422603677,10.91673259601913,88196497.10820977,12.628044970110837,1000000000.0,1.1338318785757252e-09,0.0007918882157664846,3.1622776601683794e-11,2,worst
600.0,56.5513945986145,92.27852244835447,0.18261982399399146,5e-14,12.60093552304697,-82.72234303927686,10.742064264454626,85262083.98793127,7.7079739943314936,1000000000.0,1.1728542785108896e-09,0.0012973577761619436,3.1622776601683794e-11,2,worst
610.0,56.5513945986145,92.27852244835447,0.18261982399399146,5e-14,13.94941372311402,-84.86386225870612,10.569809015177668,93817257.26873167,4.70747816559098,1000000000.0,1.0659019770057697e-09,0.0021242796351333883,3.1622776601683794e-11,2,worst
620.0,56.5513945986145,92.27852244835447,0.18261982399399146,5e-14,15.700351113071989,-87.00302083437339,10.39988836869341,105077158.9962023,2.876553345295005,1000000000.0,9.516816114491087e-10,0.0034763826008498548,3.1622776601683794e-11,2,worst
630.0,56.5513945986145,92.27852244835447,0.18261982399399146,5e-14,15.980942451603937,-89.13989393317922,10.232227612852341,106894016.6325544,1.758673140956202,1000000000.0,9.355060568427097e-10,0.0056861049203053935,3.1622776601683794e-11,2,worst
640.0,56.5513945986145,92.27852244835447,0.18261982399399146,5e-14,11.336923359277804,-91.27455317698741,10.066755565511727,77367424.71564013,1.075769562627637,1000000000.0,1.292533651824973e-09,0.009295671068787587,3.1622776601683794e-11,2,worst
650.0,56.5513945986145,92.27852244835447,0.18261982399399146,5e-14,14.51459537160909,-93.40706686228631,9.903404355597871,97435598.05416094,0.6583666132005689,1000000000.0,1.0263189429433544e-09,0.01518910558265739,3.1622776601683794e-11,2,worst
660.0,56.5513945986145,92.27852244835447,0.18261982399399146,5e-14,12.032762067209603,-95.53750016309041,9.742109220883094,81696498.18552342,0.40311086227484166,1000000000.0,1.2240426728317219e-09,0.024807071542473056,3.1622776601683794e-11,2,worst
670.0,56.5513945986145,92.27852244835447,0.18261982399399146,5e-14,15.484575112387319,-97.66591531859277,9.582808320969434,103682068.74126594,0.2469351709974888,1000000000.0,9.644869282994885e-10,0.040496458886780835,3.1622776601683794e-11,2,worst
680.0,56.5513945986145,92.27852244835447,0.18261982399399146,5e-14,11.92392456814288,-99.7923718069247,9.425442564126712,81016516.88739045,0.15133435282938482,1000000000.0,1.2343162091132084e-09,0.06607884999696041,3.1622776601683794e-11,2,worst
690.0,56.5513945986145,92.27852244835447,0.18261982399399146,5e-14,10.226727702431361,-101.91692650623818,9.269955446771831,70561241.75665094,0.09278596730941382,1000000000.0,1.4172086192144462e-09,0.1,3.1622776601683794e-11,2,worst
700.0,56.5513945986145,92.27852244835447,0.18261982399399146,5e-14,11.333730634952516,-104.03963384420575,9.1162929044973,77347665.61054276,0.056913036293604384,1000000000.0,1.2928638403066383e-09,0.1,3.1622776601683794e-11,2,worst
710.0,56.5513945986145,92.27852244835447,0.18261982399399146,5e-14,10.096473684737646,-106.16054593692294,8.964403173666426,69771905.6170933,0.03492375574416753,1000000000.0,1.4332416338002552e-09,0.1,3.1622776601683794e-11,2,worst
720.0,56.5513945986145,92.27852244835447,0.18261982399399146,5e-14,10.94219033027504,-108.27971271810281,8.814236662688046,74932246.58166227,0.02143893187662204,1000000000.0,1.3345389276567136e-09,0.1,3.1622776601683794e-11,2,worst
730.0,56.5513945986145,92.27852244835447,0.18261982399399146,5e-14,11.887789115462198,-110.39718205936498,8.66574583216979,80790980.406835,0.013166082930619235,1000000000.0,1.2377619320428484e-09,0.1,3.1622776601683794e-11,2,worst
740.0,56.5513945986145,92.27852244835447,0.18261982399399146,5e-14,10.261539625761145,-112.51299988234655,8.518885083224887,70772551.2568477,0.008088651922109991,1000000000.0,1.412977181465171e-09,0.1,3.1622776601683794e-11,2,worst
750.0,56.5513945986145,92.27852244835447,0.18261982399399146,5e-14,11.930334025914135,-114.62721026329325,8.373610653275904,81056532.84475924,0.004971077248611425,1000000000.0,1.2337068523708211e-09,0.1,3.1622776601683794e-11,2,worst
760.0,56.5513945986145,92.27852244835447,0.18261982399399146,5e-14,12.691615493249287,-116.73985553072765,8.229880518759558,85833480.40180683,0.0030563892272865755,1000000000.0,1.1650465474763035e-09,0.1,3.1622776601683794e-11,2,worst
770.0,56.5513945986145,92.27852244835447,0.18261982399399146,5e-14,13.173985280337249,-118.85097635673793,8.087654304191261,88882983.35427368,0.0018797706724373693,1000000000.0,1.1250747468884526e-09,0.1,3.1622776601683794e-11,2,worst
780.0,56.5513945986145,92.27852244835447,0.18261982399399146,5e-14,10.709953500375036,-120.96061184238044,7.946893197096784,73507136.40759827,0.0011564369678767217,1000000000.0,1.3604121298576832e-09,0.1,3.1622776601683794e-11,2,worst
790.0,56.5513945986145,92.27852244835447,0.18261982399399146,5e-14,14.104321624144859,-123.06879959764615,7.807559868363057,94807271.08476572,0.001,1000000000.0,1.0547714205442275e-09,0.1,3.1622776601683794e-11,2,worst
800.0,56.5513945986145,92.27852244835447,0.18261982399399146,5e-14,13.549185255741008,-125.17557581640057,7.669618397598498,91265841.5524742,0.001,1000000000.0,1.0957001907718564e-09,0.1,3.1622776601683794e-11,2,worst
810.0,56.5513945986145,92.27852244835447,0.18261982399399146,5e-14,10.87499761032062,-127.28097534667256,7.5330342031298585,74519325.25203189,0.001,1000000000.0,1.3419337824354944e-09,0.1,3.1622776601683794e-11,2,worst
820.0,56.5513945986145,92.27852244835447,0.18261982399399146,5e-14,9.830340333601654,-129.38503175663294,7.397773976294019,68165749.279333,0.001,1000000000.0,1.467012408096844e-09,0.1,3.1622776601683794e-11,2,worst
830.0,56.5513945986145,92.27852244835447,0.18261982399399146,5e-14,14.250913259362534,-131.48777739657774,7.2638056197124,95745354.04822786,0.001,1000000000.0,1.0444371008292375e-09,0.1,3.1622776601683794e-11,2,worst
840.0,56.5513945986145,92.27852244835447,0.18261982399399146,5e-14,13.820683940314268,-133.58924345720203,7.1310981892617065,92995584.98093171,0.001,1000000000.0,1.0753198662119768e-09,0.1,3.1622776601683794e-11,2,worst
850.0,56.5513945986145,92.27852244835447,0.18261982399399146,5e-14,5.445581533199999,-135.68946002442792,6.999621839479005,43423829.30893892,0.001,1000000000.0,2.302883038908195e-09,0.1,3.1622776601683794e-11,2,worst
860.0,56.5513945986145,92.27852244835447,0.18261982399399146,5e-14,11.860382404543145,-137.78845613102857,6.869347772158989,80619999.6884158,0.001,1000000000.0,1.2403870055381419e-09,0.1,3.1622776601683794e-11,2,worst
870.0,56.5513945986145,92.27852244835447,0.18261982399399146,5e-14,13.289378908054701,-139.8862598052701,6.74024818792347,89614865.62133114,0.001,1000000000.0,1.1158862908141982e-09,0.1,3.1622776601683794e-11,2,worst
880.0,56.5513945986145,92.27852244835447,0.18261982399399146,5e-14,6.114158722194887,-141.98289811677623,6.612296240557981,46936901.56223862,0.001,1000000000.0,2.1305198398620196e-09,0.1,3.1622776601683794e-11,2,worst
890.0,56.5513945986145,92.27852244835447,0.18261982399399146,5e-14,11.918311521939358,-144.07839721980312,6.485465993928585,80981476.06659193,0.001,1000000000.0,1.2348502998113906e-09,0.1,3.1622776601683794e-11,2,worst
900.0,56.5513945986145,92.27852244835447,0.18261982399399146,5e-14,11.703962814486445,-146.1727823940987,6.359732381305832,79645427.67646551,0.001,1000000000.0,1.2555648568580552e-09,0.1,3.1622776601683794e-11,2,worst
910.0,56.5513945986145,92.27852244835447,0.18261982399399146,5e-14,9.258030234361982,-148.26607808350636,6.235071166935967,64743697.250807546,0.001,1000000000.0,1.5445518907055112e-09,0.1,3.1622776601683794e-11,2,worst
920.0,56.5513945986145,92.27852244835447,0.18261982399399146,5e-14,10.140422518969217,-150.35830793246018,6.111458909712212,70038001.59685762,0.001,1000000000.0,1.4277963065766097e-09,0.1,3.1622776601683794e-11,2,worst
930.0,56.5513945986145,92.27852244835447,0.18261982399399146,5e-14,13.93172409602505,-152.44949482050959,5.98887292881011,93704289.23841688,0.001,1000000000.0,1.0671870072624381e-09,0.1,3.1622776601683794e-11,2,worst
940.0,56.5513945986145,92.27852244835447,0.18261982399399146,5e-14,9.739854459445993,-154.53966089499886,5.867291271160326,67621735.97654139,0.001,1000000000.0,1.4788144456198367e-09,0.1,3.1622776601683794e-11,2,worst
950.0,56.5513945986145,92.27852244835447,0.18261982399399146,5e-14,9.3471050634504,-156.62882760201887,5.746692680642838,65273309.50733723,0.001,1000000000.0,1.5320197605233917e-09,0.1,3.1622776601683794e-11,2,worst
960.0,56.5513945986145,92.27852244835447,0.18261982399399146,5e-14,10.346971621629095,-158.71701571573976,5.62705656889392,71291742.23860927,0.001,1000000000.0,1.4026869993625053e-09,0.1,3.1622776601683794e-11,2,worst
970.0,56.5513945986145,92.27852244835447,0.18261982399399146,5e-14,6.677933748614521,-160.804245366225,5.508362987625901,49983632.753044024,0.001,1000000000.0,2.0006549042578336e-09,0.1,3.1622776601683794e-11,2,worst
980.0,56.5513945986145,92.27852244835447,0.18261982399399146,5e-14,8.39907304083809,-162.89053606581984,5.390592602366382,59698469.187359266,0.001,1000000000.0,1.6750848281579438e-09,0.1,3.1622776601683794e-11,2,worst
990.0,56.5513945986145,92.27852244835447,0.18261982399399146,5e-14,9.435582866106472,-164.97590673420225,5.273726667530781,65800492.951903775,0.001,1000000000.0,1.5197454534739431e-09,0.1,3.1622776601683794e-11,2,worst
1000.0,56.5513945986145,92.27852244835447,0.18261982399399146,5e-14,9.18376531815855,-167.06037572217485,5.157747002747243,64303019.16457918,0.001,1000000000.0,1.555136932902899e-09,0.1,3.1622776601683794e-11,2,worst
1010.0,56.5513945986145,92.27852244835447,0.18261982399399146,5e-14,9.020746089412611,-169.14396083427516,5.042635970359896,63338543.14898825,0.001,1000000000.0,1.5788174945036983e-09,0.1,3.1622776601683794e-11,2,worst
1020.0,56.5513945986145,92.27852244835447,0.18261982399399146,5e-14,10.559500782115578,-171.2266793502726,4.928376454039892,72587051.35481058,0.001,1000000000.0,1.377656181557686e-09,0.1,3.1622776601683794e-11,2,worst
1030.0,56.5513945986145,92.27852244835447,0.18261982399399146,5e-14,8.617509824628044,-173.3085480456175,4.814951838440294,60970395.80743983,0.001,1000000000.0,1.6401402463553903e-09,0.1,3.1622776601683794e-11,2,worst
1040.0,56.5513945986145,92.27852244835447,0.18261982399399146,5e-14,6.981434455543862,-175.389583210904,4.7023459898336455,51653494.46157944,0.001,1000000000.0,1.9359774404882003e-09,0.1,3.1622776601683794e-11,2,worst
1050.0,56.5513945986145,92.27852244835447,0.18261982399399146,5e-14,10.363941518580816,-177.46980067040073,4.590543237675973,71394975.72103892,0.001,1000000000.0,1.400658785720851e-09,0.1,3.1622776601683794e-11,2,worst
1060.0,56.5513945986145,92.27852244835447,0.18261982399399146,5e-14,10.630600355714733,-179.54921579970647,4.4795283570448134,73021540.7460629,0.001,1000000000.0,1.3694589155240702e-09,0.1,3.1622776601683794e-11,2,worst
1070.0,56.5513945986145,92.27852244835447,0.18261982399399146,5e-14,8.98879917284151,-181.6278435425756,4.369286551901524,63150002.289100654,0.001,1000000000.0,1.5835312173418473e-09,0.1,3.1622776601683794e-11,2,worst
1080.0,56.5513945986145,92.27852244835447,0.18261982399399146,5e-14,10.368373421725579,-183.7056984269625,4.259803439132213,71421942.05015473,0.001,1000000000.0,1.4001299478775985e-09,0.1,3.1622776601683794e-11,2,worst
1090.0,56.5513945986145,92.27852244835447,0.18261982399399146,5e-14,6.049737410660029,-185.7827945803275,4.151065033324244,46593533.93575426,0.001,1000000000.0,2.1462205493553147e-09,0.1,3.1622776601683794e-11,2,worst
1100.0,56.5513945986145,92.27852244835447,0.18261982399399146,5e-14,6.770430949568578,-187.8591457442439,4.043057732237713,50490421.6263531,0.001,1000000000.0,1.9805736767269486e-09,0.1,3.1622776601683794e-11,2,worst
1110.0,56.5513945986145,92.27852244835447,0.18261982399399146,5e-14,8.315070676433535,-189.93476528834532,3.935768302934548,59211463.40011933,0.001,1000000000.0,1.6888621604275107e-09,0.1,3.1622776601683794e-11,2,worst
1120.0,56.5513945986145,92.27852244835447,0.18261982399399146,5e-14,9.56038445027643,-192.00966622364786,3.8291838685295545,66545971.51718504,0.001,1000000000.0,1.502720566250591e-09,0.1,3.1622776601683794e-11,2,worst
1130.0,56.5513945986145,92.27852244835447,0.18261982399399146,5e-14,8.696231144647768,-194.0838612152803,3.7232918955302807,61430695.81071539,0.001,1000000000.0,1.6278506808408467e-09,0.1,3.1622776601683794e-11,2,worst
1140.0,56.5513945986145,92.27852244835447,0.18261982399399146,5e-14,6.150125844250454,-196.15736259465552,3.61808018173474,47129044.22180655,0.001,1000000000.0,2.1218338213981887e-09,0.1,3.1622776601683794e-11,2,worst
1150.0,56.5513945986145,92.27852244835447,0.18261982399399146,5e-14,6.305715617445998,-198.2301823711087,3.5135368446574375,47963794.36951604,0.001,1000000000.0,2.0849059444628968e-09,0.1,3.1622776601683794e-11,2,worst
1160.0,56.5513945986145,92.27852244835447,0.18261982399399146,5e-14,6.351789451010177,-200.30233224303407,3.409650310456783,48212081.91324787,0.001,1000000000.0,2.0741688811517945e-09,0.1,3.1622776601683794e-11,2,worst
1170.0,56.5513945986145,92.27852244835447,0.18261982399399146,5e-14,4.438954039920105,-202.37382360854366,3.306409303337432,38360425.399513364,0.001,1000000000.0,2.6068532597990584e-09,0.1,3.1622776601683794e-11,2,worst
1180.0,56.5513945986145,92.27852244835447,0.18261982399399146,5e-14,11.304212078799566,-204.4446675756722,3.20380283540365,77165028.64246933,0.001,1000000000.0,1.2959238369926943e-09,0.1,3.1622776601683794e-11,2,worst
1190.0,56.5513945986145,92.27852244835447,0.18261982399399146,5e-14,6.79687691598636,-206.51487497215294,3.10182019694102,50635664.769077495,0.001,1000000000.0,1.9748926069411186e-09,0.1,3.1622776601683794e-11,2,worst
1200.0,56.5513945986145,92.27852244835447,0.18261982399399146,5e-14,8.595509070176334,-208.58445635478404,3.000450947104639,60841932.31267144,0.001,1000000000.0,1.643603288043059e-09,0.1,3.1622776601683794e-11,2,worst
1210.0,56.5513945986145,92.27852244835447,0.18261982399399146,5e-14,10.280214341778958,-210.653422018407,2.89968490499362,70885967.53737725,0.001,1000000000.0,1.4107164432406357e-09,0.1,3.1622776601683794e-11,2,worst
1220.0,56.5513945986145,92.27852244835447,0.18261982399399146,5e-14,9.499054200754728,-212.72178200451657,2.7995121410931745,66179356.753614135,0.001,1000000000.0,1.5110452096459653e-09,0.1,3.1622776601683794e-11,2,worst
1230.0,56.5513945986145,92.27852244835447,0.18261982399399146,5e-14,9.3009021555295,-214.78954610951803,2.6999229690656534,64998458.35789066,0.001,1000000000.0,1.5384980278976147e-09,0.1,3.1622776601683794e-11,2,worst
1240.0,56.5513945986145,92.27852244835447,0.18261982399399146,5e-14,10.08151245028185,-216.8567238926525,2.6009079378744104,69681374.79053713,0.001,1000000000.0,1.435103717465405e-09,0.1,3.1622776601683794e-11,2,worst
1250.0,56.5513945986145,92.27852244835447,0.18261982399399146,5e-14,0.8130104249991632,-218.92332468360263,2.5024578242234554,22826975.440694924,0.001,1000000000.0,4.380781863098885e-09,0.1,3.1622776601683794e-11,2,worst
1260.0,56.5513945986145,92.27852244835447,0.18261982399399146,5e-14,9.898824040281042,-220.98935758979695,2.4045636252988345,68578194.03534241,0.001,1000000000.0,1.4581894639637794e-09,0.1,3.1622776601683794e-11,2,worst
1270.0,56.5513945986145,92.27852244835447,0.18261982399399146,5e-14,7.79440444603118,-223.05483150342434,2.3072165517964436,56220530.176853016,0.001,1000000000.0,1.778709657938654e-09,0.1,3.1622776601683794e-11,2,worst
1280.0,56.5513945986145,92.27852244835447,0.18261982399399146,5e-14,9.580173817025667,-225.1197551081753,2.2104080212237136,66664377.143095896,0.001,1000000000.0,1.5000515160495506e-09,0.1,3.1622776601683794e-11,2,worst
1290.0,56.5513945986145,92.27852244835447,0.18261982399399146,5e-14,7.351914414487695,-227.18413688572008,2.1141296514615817,53718348.05487359,0.001,1000000000.0,1.8615613402305194e-09,0.1,3.1622776601683794e-11,2,worst
1300.0,56.5513945986145,92.27852244835447,0.18261982399399146,5e-14,10.549063206772487,-229.2479851219374,2.0183732545753514,72523315.5117601,0.001,1000000000.0,1.378866910514928e-09,0.1,3.1622776601683794e-11,2,worst
1310.0,56.5513945986145,92.27852244835447,0.18261982399399146,5e-14,6.993217062176896,-231.31130791290468,1.9231308308622772,51718723.46763212,0.001,1000000000.0,1.933535735130517e-09,0.1,3.1622776601683794e-11,2,worst
1320.0,56.5513945986145,92.27852244835447,0.18261982399399146,5e-14,7.151769821033113,-233.37411317066085,1.8283945631260679,52599324.31226629,0.001,1000000000.0,1.9011651063487097e-09,0.1,3.1622776601683794e-11,2,worst
1330.0,56.5513945986145,92.27852244835447,0.18261982399399146,5e-14,4.169514941530949,-235.43640862875168,1.7341568111668266,37054916.3285446,0.001,1000000000.0,2.698697228550123e-09,0.1,3.1622776601683794e-11,2,worst
1340.0,56.5513945986145,92.27852244835447,0.18261982399399146,5e-14,5.533748905854111,-237.49820184756845,1.6404101064779013,43880566.65059313,0.001,1000000000.0,2.278913141579686e-09,0.1,3.1622776601683794e-11,2,worst
1350.0,56.5513945986145,92.27852244835447,0.18261982399399146,5e-14,2.2102839314904514,-239.559500219487,1.5471471471394125,28266697.487380806,0.001,1000000000.0,3.5377319916712352e-09,0.1,3.1622776601683794e-11,2,worst
1360.0,56.5513945986145,92.27852244835447,0.18261982399399146,5e-14,6.853208155816745,-241.62031097381873,1.4543607929006725,50945549.32558706,0.001,1000000000.0,1.962880002743943e-09,0.1,3.1622776601683794e-11,2,worst
1370.0,56.5513945986145,92.27852244835447,0.18261982399399146,5e-14,2.637656555564348,-243.6806411815797,1.362044060442372,30072547.682419423,0.001,1000000000.0,3.325291925913565e-09,0.1,3.1622776601683794e-11,2,worst
1380.0,56.5513945986145,92.27852244835447,0.18261982399399146,5e-14,8.710556398615452,-245.7404977600866,1.2701901188112856,61514565.81887408,0.001,1000000000.0,1.6256312414598512e-09,0.1,3.1622776601683794e-11,2,worst
1390.0,56.5513945986145,92.27852244835447,0.18261982399399146,5e-14,6.11752816288579,-247.7998874773873,1.1787922850195969,46954888.45971181,0.001,1000000000.0,2.1297037066929017e-09,0.1,3.1622776601683794e-11,2,worst
1400.0,56.5513945986145,92.27852244835447,0.18261982399399146,5e-14,4.559228957781315,-249.85881695653256,1.0878440198022474,38950205.73307146,0.001,1000000000.0,2.5673805341442133e-09,0.1,3.1622776601683794e-11,2,worst
1410.0,56.5513945986145,92.27852244835447,0.18261982399399146,5e-14,3.248464215111369,-251.91729267969555,0.9973389235248931,32763718.074312832,0.001,1000000000.0,3.052156650023224e-09,0.1,3.1622776601683794e-11,2,worst
1420.0,56.5513945986145,92.27852244835447,0.18261982399399146,5e-14,5.166407367581172,-253.97532099214703,0.9072707322368672,41991270.75346669,0.001,1000000000.0,2.3814473390697345e-09,0.1,3.1622776601683794e-11,2,worst
1430.0,56.5513945986145,92.27852244835447,0.18261982399399146,5e-14,6.80316501893617,-256.03290810608996,0.8176333138622454,50670222.021789275,0.001,1000000000.0,1.973545723896727e-09,0.1,3.1622776601683794e-11,2,worst
1440.0,56.5513945986145,92.27852244835447,0.18261982399399146,5e-14,8.452377734487726,-258.0900601043614,0.7284206645239806,60008123.39072241,0.001,1000000000.0,1.6664410474709257e-09,0.1,3.1622776601683794e-11,2,worst
1450.0,56.5513945986145,92.27852244835447,0.18261982399399146,5e-14,5.030136275173035,-260.1467829440065,0.6396269049949694,41299708.169728816,0.001,1000000000.0,2.4213246153951368e-09,0.1,3.1622776601683794e-11,2,worst
1460.0,56.5513945986145,92.27852244835447,0.18261982399399146,5e-14,4.213710756698575,-262.2030824597294,0.5512462772712183,37267549.618138626,0.001,1000000000.0,2.6832995736142693e-09,0.1,3.1622776601683794e-11,2,worst
1470.0,56.5513945986145,92.27852244835447,0.18261982399399146,5e-14,5.667401639522623,-264.2589643672271,0.4632731412619364,44576798.984783836,0.001,1000000000.0,2.2433194459327313e-09,0.1,3.1622776601683794e-11,2,worst
1480.0,56.5513945986145,92.27852244835447,0.18261982399399146,5e-14,6.438500246389353,-266.31443426640953,0.37570197159180907,48680700.45916788,0.001,1000000000.0,2.05420215931111e-09,0.1,3.1622776601683794e-11,2,worst
1490.0,56.5513945986145,92.27852244835447,0.18261982399399146,5e-14,7.784331685278303,-268.3694976445126,0.28852735451096123,56163153.673500635,0.001,1000000000.0,1.7805267948687653e-09,0.1,3.1622776601683794e-11,2,worst
1500.0,56.5513945986145,92.27852244835447,0.18261982399399146,5e-14,7.0600171737140585,-270.424159879106,0.2017439849083189,52089087.49699517,0.001,1000000000.0,1.919787901943351e-09,0.1,3.1622776601683794e-11,2,worst
1510.0,56.5513945986145,92.27852244835447,0.18261982399399146,5e-14,4.718103524078657,-272.4784262410021,0.11534666342404876,39735768.81340847,0.001,1000000000.0,2.5166242653962673e-09,0.1,3.1622776601683794e-11,2,worst
1520.0,56.5513945986145,92.27852244835447,0.18261982399399146,5e-14,6.575683509832302,-274.5323018970686,0.02933029365749462,49425625.990937814,0.001,1000000000.0,2.0232419518234327e-09,0.1,3.1622776601683794e-11,2,worst
1530.0,56.5513945986145,92.27852244835447,0.18261982399399146,5e-14,6.500689987712235,-276.58579191294893,-0.05631012053356699,49017867.209416494,0.001,1000000000.0,2.040072440785218e-09,0.1,3.1622776601683794e-11,0,worst
1540.0,56.5513945986145,92.27852244835447,0.18261982399399146,5e-14,5.359584519282038,-278.6389012556948,-0.14157947764533674,42980313.86619264,0.001,1000000000.0,2.326646573855241e-09,0.1,3.1622776601683794e-11,0,worst
1550.0,56.5513945986145,92.27852244835447,0.18261982399399146,5e-14,4.984351987538233,-280.6916347963127,-0.22648258105641617,41068512.70107479,0.001,1000000000.0,2.4349554786137398e-09,0.1,3.1622776601683794e-11,0,worst
1560.0,56.5513945986145,92.27852244835447,0.18261982399399146,5e-14,6.422048972397519,-282.7439973122295,-0.31102414147432,48591657.44143173,0.001,1000000000.0,2.0579664342697414e-09,0.1,3.1622776601683794e-11,0,worst
1570.0,56.5513945986145,92.27852244835447,0.18261982399399146,5e-14,4.960819395999337,-284.79599348967895,-0.39520877930428355,40949908.88917551,0.001,1000000000.0,2.442007875295505e-09,0.1,3.1622776601683794e-11,0,worst
1580.0,56.5513945986145,92.27852244835447,0.18261982399399146,5e-14,5.871003864664104,-286.8476279260126,-0.47904102694255357,45646203.905689664,0.001,1000000000.0,2.1907626799944103e-09,0.1,3.1622776601683794e-11,0,worst
1590.0,56.5513945986145,92.27852244835447,0.18261982399399146,5e-14,3.697463212334938,-288.8989051319377,-0.5625253309976586,34821657.94930653,0.001,1000000000.0,2.8717759546538618e-09,0.1,3.1622776601683794e-11,0,worst
1600.0,56.5513945986145,92.27852244835447,0.18261982399399146,5e-14,6.5867878162647315,-290.94982953368566,-0.6456660544416195,49486111.350933164,0.001,1000000000.0,2.020769005081954e-09,0.1,3.1622776601683794e-11,0,worst
1610.0,56.5513945986145,92.27852244835447,0.18261982399399146,5e-14,2.3386590496184994,-293.00040547511253,-0.7284674786946255,28802334.455119193,0.001,1000000000.0,3.4719407954873767e-09,0.1,3.1622776601683794e-11,0,worst
1620.0,56.5513945986145,92.27852244835447,0.18261982399399146,5e-14,3.968816494996119,-295.0506372197344,-0.8109338056447655,36096890.31737779,0.001,1000000000.0,2.7703217402042506e-09,0.1,3.1622776601683794e-11,0,worst
1630.0,56.5513945986145,92.27852244835447,0.18261982399399146,5e-14,2.8050049598138713,-297.1005289527007,-0.8930691596058011,30797150.809898134,0.001,1000000000.0,3.2470536192542924e-09,0.1,3.1622776601683794e-11,0,worst
1640.0,56.5513945986145,92.27852244835447,0.18261982399399146,5e-14,6.359557276485376,-299.1500847827072,-0.9748775892151116,48253990.93287727,0.001,1000000000.0,2.072367447059518e-09,0.1,3.1622776601683794e-11,0,worst
1650.0,56.5513945986145,92.27852244835447,0.18261982399399146,5e-14,6.363491240716613,-301.19930874385057,-1.0563630692737718,48275220.852795824,0.001,1000000000.0,2.0714560852021162e-09,0.1,3.1622776601683794e-11,0,worst
1660.0,56.5513945986145,92.27852244835447,0.18261982399399146,5e-14,4.2082677765665295,-303.2482047974273,-1.1375295025312653,37241330.34080922,0.001,1000000000.0,2.6851887160008233e-09,0.1,3.1622776601683794e-11,0,worst
1670.0,56.5513945986145,92.27852244835447,0.18261982399399146,5e-14,2.4008217556677494,-305.2967768336786,-1.218380721416338,29063815.507875282,0.001,1000000000.0,3.4407044722983285e-09,0.1,3.1622776601683794e-11,0,worst
1680.0,56.5513945986145,92.27852244835447,0.18261982399399146,5e-14,6.552386609741973,-307.3450286734835,-1.298920489716437,49298818.01694021,0.001,1000000000.0,2.0284461985607384e-09,0.1,3.1622776601683794e-11,0,worst
1690.0,56.5513945986145,92.27852244835447,0.18261982399399146,5e-14,3.876338921037444,-309.392964070001,-1.3791525042071555,35659673.8435996,0.001,1000000000.0,2.804288127776821e-09,0.1,3.1622776601683794e-11,0,worst
1700.0,56.5513945986145,92.27852244835447,0.18261982399399146,5e-14,3.1790132984036177,-311.4405867102651,-1.4590803962336736,32451338.67752857,0.001,1000000000.0,3.0815369742896474e-09,0.1,3.1622776601683794e-11,0,worst
1710.0,56.5513945986145,92.27852244835447,0.18261982399399146,5e-14,2.1610483042110076,-313.487900216732,-1.538707733245758,28062831.02361847,0.001,1000000000.0,3.563432353486973e-09,0.1,3.1622776601683794e-11,0,worst
1720.0,56.5513945986145,92.27852244835447,0.18261982399399146,5e-14,6.936438032261236,-315.53490814878273,-1.6180380202881963,51404664.59388212,0.001,1000000000.0,1.9453487497689347e-09,0.1,3.1622776601683794e-11,0,worst
1730.0,56.5513945986145,92.27852244835447,0.18261982399399146,5e-14,5.2782698981801985,-317.58161400418237,-1.697074701447633,42562764.01624155,0.001,1000000000.0,2.3494714760968285e-09,0.1,3.1622776601683794e-11,0,worst
1740.0,56.5513945986145,92.27852244835447,0.18261982399399146,5e-14,2.3183502684933757,-319.6280212204974,-1.7758211612582215,28717205.536894586,0.001,1000000000.0,3.482232972547571e-09,0.1,3.1622776601683794e-11,0,worst
1750.0,56.5513945986145,92.27852244835447,0.18261982399399146,5e-14,5.759593524172828,-321.6741331764715,-1.8542807260666052,45059728.416136794,0.001,1000000000.0,2.219276580552758e-09,0.1,3.1622776601683794e-11,0,worst
1760.0,56.5513945986145,92.27852244835447,0.18261982399399146,5e-14,1.3162599094008982,-323.71995319336395,-1.9324566653582167,24702566.393279128,0.001,1000000000.0,4.048162381508959e-09,0.1,3.1622776601683794e-11,0,worst
1770.0,56.5513945986145,92.27852244835447,0.18261982399399146,5e-14,5.701169756876553,-325.76548453624844,-2.010352193045861,44753434.918877125,0.001,1000000000.0,2.234465358497426e-09,0.1,3.1622776601683794e-11,0,worst
1780.0,56.5513945986145,92.27852244835447,0.18261982399399146,5e-14,3.6044182708070736,-327.8107304152764,-2.087970468722119,34389797.71899764,0.001,1000000000.0,2.9078391451182603e-09,0.1,3.1622776601683794e-11,0,worst
1790.0,56.5513945986145,92.27852244835447,0.18261982399399146,5e-14,3.1774257021486108,-329.8556939869048,-2.16531459887662,32444216.799675535,0.001,1000000000.0,3.0822134070131128e-09,0.1,3.1622776601683794e-11,0,worst
1800.0,56.5513945986145,92.27852244835447,0.18261982399399146,5e-14,3.8613413126403913,-331.9003783550895,-2.2423876380793786,35589021.51331825,0.001,1000000000.0,2.809855279740626e-09,0.1,3.1622776601683794e-11,0,worst
1810.0,56.5513945986145,92.27852244835447,0.18261982399399146,5e-14,7.902074578691128,-333.94478657244605,-2.3191925901314505,56835019.78804295,0.001,1000000000.0,1.7594785815670321e-09,0.1,3.1622776601683794e-11,0,worst
1820.0,56.5513945986145,92.27852244835447,0.18261982399399146,5e-14,1.1972867204891173,-335.98892164137794,-2.3957324091837506,24250557.657359898,0.001,1000000000.0,4.123616512779474e-09,0.1,3.1622776601683794e-11,0,worst
1830.0,56.5513945986145,92.27852244835447,0.18261982399399146,5e-14,3.9289843551501065,-338.03278651517456,-2.4720100008253496,35908242.39227461,0.001,1000000000.0,2.784875932037104e-09,0.1,3.1622776601683794e-11,0,worst
1840.0,56.5513945986145,92.27852244835447,0.18261982399399146,5e-14,3.2935743669951734,-340.07638409907923,-2.548028223142012,32967479.01751708,0.001,1000000000.0,3.033292292287972e-09,0.1,3.1622776601683794e-11,0,worst
1850.0,56.5513945986145,92.27852244835447,0.18261982399399146,5e-14,5.0941746887651504,-342.119717251328,-2.623789887746085,41624058.582849115,0.001,1000000000.0,2.4024567378733285e-09,0.1,3.1622776601683794e-11,0,worst
1860.0,56.5513945986145,92.27852244835447,0.18261982399399146,5e-14,2.751619372012115,-344.16278878416074,-2.69929776077862,30564940.617541213,0.001,1000000000.0,3.2717223714352654e-09,0.1,3.1622776601683794e-11,0,worst
1870.0,56.5513945986145,92.27852244835447,0.18261982399399146,5e-14,4.220128947161072,-346.205601464805,-2.7745545638847773,37298478.16762296,0.001,1000000000.0,2.6810745347461728e-09,0.1,3.1622776601683794e-11,0,worst
1880.0,56.5513945986145,92.27852244835447,0.18261982399399146,5e-14,8.558948264302359,-348.24815801643405,-2.849562975162911,60628626.791691504,0.001,1000000000.0,1.6493858642647654e-09,0.1,3.1622776601683794e-11,0,worst
1890.0,56.5513945986145,92.27852244835447,0.18261982399399146,5e-14,2.97087100048617,-350.29046111909884,-2.9243256300887026,31524874.326243926,0.001,1000000000.0,3.1720982918162403e-09,0.1,3.1622776601683794e-11,0,worst
1900.0,56.5513945986145,92.27852244835447,0.18261982399399146,5e-14,1.2339981011197665,-352.33251341063635,-2.998845122414906,24389467.618780386,0.001,1000000000.0,4.100130497436441e-09,0.1,3.1622776601683794e-11,0,worst
1910.0,56.5513945986145,92.27852244835447,0.18261982399399146,5e-14,4.708644273252773,-354.37431748755324,-3.07312400504739,39688791.84206611,0.001,1000000000.0,2.5196030254065357e-09,0.1,3.1622776601683794e-11,0,worst
1920.0,56.5513945986145,92.27852244835447,0.18261982399399146,5e-14,6.248002548069195,-356.4158759058871,-3.14716479089833,47653488.74435236,0.001,1000000000.0,2.098482244111696e-09,0.1,3.1622776601683794e-11,0,worst
1930.0,56.5513945986145,92.27852244835447,0.18261982399399146,5e-14,5.928062717800685,-358.4571911820452,-3.220969953717315,45947771.30352811,0.001,1000000000.0,2.176384124039581e-09,0.1,3.1622776601683794e-11,0,worst
1940.0,56.5513945986145,92.27852244835447,0.18261982399399146,5e-14,2.650400715283169,-360.4982657936211,-3.2945419289008555,30127386.077748813,0.001,1000000000.0,3.3192391713616675e-09,0.1,3.1622776601683794e-11,0,worst
1950.0,56.5513945986145,92.27852244835447,0.18261982399399146,5e-14,5.991332438232362,-362.53910218019115,-3.3678831142811987,46283107.755469926,0.001,1000000000.0,2.1606154998997794e-09,0.1,3.1622776601683794e-11,0,worst
1960.0,56.5513945986145,92.27852244835447,0.18261982399399146,5e-14,2.846016800495164,-364.5797027440901,-3.4409958708948807,30976207.5382076,0.001,1000000000.0,3.2282841557235505e-09,0.1,3.1622776601683794e-11,0,worst
1970.0,56.5513945986145,92.27852244835447,0.18261982399399146,5e-14,8.608888033991406,-366.62006985116716,-3.5138825237317235,60920043.35292548,0.001,1000000000.0,1.6414958771561322e-09,0.1,3.1622776601683794e-11,0,worst
1980.0,56.5513945986145,92.27852244835447,0.18261982399399146,5e-14,4.679515822884312,-368.660205831523,-3.586545362464989,39544295.26063485,0.001,1000000000.0,2.5288097648701047e-09,0.1,3.1622776601683794e-11,0,worst
1990.0,56.5513945986145,92.27852244835447,0.18261982399399146,5e-14,5.142802209799257,-370.7001129802277,-3.6589866421630006,41871110.58643382,0.001,1000000000.0,2.3882815287063312e-09,0.1,3.1622776601683794e-11,0,worst
2000.0,56.5513945986145,92.27852244835447,0.18261982399399146,5e-14,2.685091927596474,-372.73979355802203,-3.7312085839830047,30276950.078751974,0.001,1000000000.0,3.302842582885483e-09,0.1,3.1622776601683794e-11,0,worst
2010.0,56.5513945986145,92.27852244835447,0.18261982399399146,5e-14,3.304009444129548,-374.7792497919997,-3.803213375847662,33014710.293605857,0.001,1000000000.0,3.0289528246857756e-09,0.1,3.1622776601683794e-11,0,worst
2020.0,56.5513945986145,92.27852244835447,0.18261982399399146,5e-14,3.4287015507974417,-376.81848387627406,-3.8750031731048864,33581880.455333516,0.001,1000000000.0,2.9777963188514026e-09,0.1,3.1622776601683794e-11,0,worst
2030.0,56.5513945986145,92.27852244835447,0.18261982399399146,5e-14,1.019794202850079,-378.8574979726265,-3.9465800991711717,23586098.58287768,0.001,1000000000.0,4.239785552011343e-09,0.1,3.1622776601683794e-11,0,worst
2040.0,56.5513945986145,92.27852244835447,0.18261982399399146,5e-14,3.6265533013202713,-380.8962942111422,-4.017946246159397,34492282.61390394,0.001,1000000000.0,2.8991992533335476e-09,0.1,3.1622776601683794e-11,0,worst
2050.0,56.5513945986145,92.27852244835447,0.18261982399399146,5e-14,2.0633941399282065,-382.93487469082635,-4.089103675491003,27661063.65586826,0.001,1000000000.0,3.615189974040826e-09,0.1,3.1622776601683794e-11,0,worst
2060.0,56.5513945986145,92.27852244835447,0.18261982399399146,5e-14,4.407079084942538,-384.97324148020886,-4.160054418493502,38204842.86255316,0.001,1000000000.0,2.617469213517325e-09,0.1,3.1622776601683794e-11,0,worst
2070.0,56.5513945986145,92.27852244835447,0.18261982399399146,5e-14,2.8729747319028576,-387.0113966179319,-4.2308004769832905,31094220.644068845,0.001,1000000000.0,3.2160317232158957e-09,0.1,3.1622776601683794e-11,0,worst
2080.0,56.5513945986145,92.27852244835447,0.18261982399399146,5e-14,4.297964528970681,-389.0493421133256,-4.301343823834657,37674555.80448726,0.001,1000000000.0,2.6543113213849603e-09,0.1,3.1622776601683794e-11,0,worst
2090.0,56.5513945986145,92.27852244835447,0.18261982399399146,5e-14,1.517312611337033,-391.0870799469674,-4.371686403535023,25478429.032594398,0.001,1000000000.0,3.924888770499571e-09,0.1,3.1622776601683794e-11,0,worst
2100.0,56.5513945986145,92.27852244835447,0.18261982399399146,5e-14,4.7353756128030255,-393.12461207123073,-4.441830132726835,39821612.86559619,0.001,1000000000.0,2.51119914046462e-09,0.1,3.1622776601683794e-11,0,worst
2110.0,56.5513945986145,92.27852244835447,0.18261982399399146,5e-14,2.863784949874301,-395.1619404108185,-4.511776900736805,31053962.68260604,0.001,1000000000.0,3.2202009457560163e-09,0.1,3.1622776601683794e-11,0,worst
2120.0,56.5513945986145,92.27852244835447,0.18261982399399146,5e-14,3.0413218822621673,-397.19906686328534,-4.581528570092502,31836816.93967058,0.001,1000000000.0,3.141017526642056e-09,0.1,3.1622776601683794e-11,0,worst
2130.0,56.5513945986145,92.27852244835447,0.18261982399399146,5e-14,2.853490808921535,-399.23599329954703,-4.651086977026722,31008901.292262536,0.001,1000000000.0,3.224880464402407e-09,0.1,3.1622776601683794e-11,0,worst
2140.0,56.5513945986145,92.27852244835447,0.18261982399399146,5e-14,4.046386329905502,-401.2727215643781,-4.720453931970297,36465688.041292064,0.001,1000000000.0,2.7423039402619967e-09,0.1,3.1622776601683794e-11,0,worst
2150.0,56.5513945986145,92.27852244835447,0.18261982399399146,5e-14,4.646378942907077,-403.309253476898,-4.789631220033101,39380213.26359067,0.001,1000000000.0,2.539346329352053e-09,0.1,3.1622776601683794e-11,0,worst
2160.0,56.5513945986145,92.27852244835447,0.18261982399399146,5e-14,3.047620122102785,-405.3455908310456,-4.858620601474115,31864786.407609966,0.001,1000000000.0,3.1382604835574217e-09,0.1,3.1622776601683794e-11,0,worst
2170.0,56.5513945986145,92.27852244835447,0.18261982399399146,5e-14,2.986695151178651,-407.38173539604344,-4.927423812160583,31594793.49261531,0.001,1000000000.0,3.1650784495038123e-09,0.1,3.1622776601683794e-11,0,worst
2180.0,56.5513945986145,92.27852244835447,0.18261982399399146,5e-14,8.671448936078974,-409.4176889168507,-4.996042564016591,61285681.25183689,0.001,1000000000.0,1.6317025112126456e-09,0.1,3.1622776601683794e-11,0,worst
2190.0,56.5513945986145,92.27852244835447,0.18261982399399146,5e-14,1.7381938235378556,-411.4534531146057,-5.0644785454613555,26348092.549793076,0.001,1000000000.0,3.79534115462128e-09,0.1,3.1622776601683794e-11,0,worst
2200.0,56.5513945986145,92.27852244835447,0.18261982399399146,5e-14,2.6628409764522303,-413.48902968705977,-5.132733421837628,30180971.45305241,0.001,1000000000.0,3.313345965538373e-09,0.1,3.1622776601683794e-11,0,worst
2210.0,56.5513945986145,92.27852244835447,0.18261982399399146,5e-14,1.4798035147778705,-415.5244203089987,-5.20080883583023,25332539.922000512,0.001,1000000000.0,3.947492052036723e-09,0.1,3.1622776601683794e-11,0,worst
2220.0,56.5513945986145,92.27852244835447,0.18261982399399146,5e-14,6.15676623880762,-417.5596266326577,-5.2687064078753,47164552.425499834,0.001,1000000000.0,2.120236382142245e-09,0.1,3.1622776601683794e-11,0,worst
2230.0,56.5513945986145,92.27852244835447,0.18261982399399146,5e-14,4.074946955908757,-419.5946502881244,-5.3364277365602675,36601947.36831268,0.001,1000000000.0,2.732095071164787e-09,0.1,3.1622776601683794e-11,0,worst
2240.0,56.5513945986145,92.27852244835447,0.18261982399399146,5e-14,2.902504907302088,-421.629492883735,-5.4039743990148,31223780.6657467,0.001,1000000000.0,3.2026871143667303e-09,0.1,3.1622776601683794e-11,0,worst
2250.0,56.5513945986145,92.27852244835447,0.18261982399399146,5e-14,2.6330738178835134,-423.6641560064595,-5.471347951293296,30052841.92610077,0.001,1000000000.0,3.3274723317647515e-09,0.1,3.1622776601683794e-11,0,worst
2260.0,56.5513945986145,92.27852244835447,0.18261982399399146,5e-14,-2.6619560161707767,-425.6986412222808,-5.53854992874858,12491504.823211346,0.001,1000000000.0,8.005440610660692e-09,0.1,3.1622776601683794e-11,0,worst
2270.0,56.5513945986145,92.27852244835447,0.18261982399399146,5e-14,4.084988283481039,-427.73295007656327,-5.605581846397513,36649913.311032675,0.001,1000000000.0,2.7285194142573084e-09,0.1,3.1622776601683794e-11,0,worst
2280.0,56.5513945986145,92.27852244835447,0.18261982399399146,5e-14,8.156364381952514,-429.76708409441414,-5.672445199278627,58294672.62616726,0.001,1000000000.0,1.7154226191693561e-09,0.1,3.1622776601683794e-11,0,worst
2290.0,56.5513945986145,92.27852244835447,0.18261982399399146,5e-14,3.997755129951912,-431.80104478103794,-5.739141462801825,36234256.90691832,0.001,1000000000.0,2.759819257695518e-09,0.1,3.1622776601683794e-11,0,worst
2300.0,56.5513945986145,92.27852244835447,0.18261982399399146,5e-14,0.9575110238950657,-433.8348336220813,-5.805672093090436,23355749.644572783,0.001,1000000000.0,4.281600955730281e-09,0.1,3.1622776601683794e-11,0,worst
2310.0,56.5513945986145,92.27852244835447,0.18261982399399146,5e-14,2.803421568323742,-435.86845208397153,-5.872038527315965,30790249.389434952,0.001,1000000000.0,3.247781423761802e-09,0.1,3.1622776601683794e-11,0,worst
2320.0,56.5513945986145,92.27852244835447,0.18261982399399146,5e-14,5.800993224696185,-437.901901614248,-5.938242184025597,45277295.66824893,0.001,1000000000.0,2.2086124739584616e-09,0.1,3.1622776601683794e-11,0,worst
2330.0,56.5513945986145,92.27852244835447,0.18261982399399146,5e-14,-2.0986412978115254,-439.9351836418858,-6.004284463462483,13862609.228664178,0.001,1000000000.0,7.213649202000636e-09,0.1,3.1622776601683794e-11,0,worst
2340.0,56.5513945986145,92.27852244835447,0.18261982399399146,5e-14,2.8537200584254805,-441.96829957761247,-6.070166747879455,31009904.408247408,0.001,1000000000.0,3.2247761451790856e-09,0.1,3.1622776601683794e-11,0,worst
2350.0,56.5513945986145,92.27852244835447,0.18261982399399146,5e-14,0.4549966446232929,-444.0012508142189,-6.135890401845842,21551035.931258056,0.001,1000000000.0,4.640148172875439e-09,0.1,3.1622776601683794e-11,0,worst
2360.0,56.5513945986145,92.27852244835447,0.18261982399399146,5e-14,3.0981490480375413,-446.03403872686283,-6.201456772547743,32089663.33867991,0.001,1000000000.0,3.1162682806791254e-09,0.1,3.1622776601683794e-11,0,worst
2370.0,56.5513945986145,92.27852244835447,0.18261982399399146,5e-14,-0.6789498162423797,-448.0666646733655,-6.266867190082195,17832637.698014833,0.001,1000000000.0,5.607695378184699e-09,0.1,3.1622776601683794e-11,0,worst
2380.0,56.5513945986145,92.27852244835447,0.18261982399399146,5e-14,3.559747188102534,-450.0991299945033,-6.33212296774488,34183454.20567968,0.001,1000000000.0,2.925391898615814e-09,0.1,3.1622776601683794e-11,0,worst
2390.0,56.5513945986145,92.27852244835447,0.18261982399399146,5e-14,-3.3860643323680364,-452.1314360142927,-6.397225402311875,10890840.347661477,0.001,1000000000.0,9.182027906732871e-09,0.1,3.1622776601683794e-11,0,worst
2400.0,56.5513945986145,92.27852244835447,0.18261982399399146,5e-14,3.554245908934945,-454.16358404026937,-6.462175774315767,34158087.60767453,0.001,1000000000.0,2.9275643633378443e-09,0.1,3.1622776601683794e-11,0,worst
2410.0,56.5513945986145,92.27852244835447,0.18261982399399146,5e-14,-1.044416300047672,-456.19557536376044,-6.526975348315517,16738613.302564735,0.001,1000000000.0,5.9742105389744405e-09,0.1,3.1622776601683794e-11,0,worst
2420.0,56.5513945986145,92.27852244835447,0.18261982399399146,5e-14,0.3736436743694327,-458.2274112601534,-6.591625373161293,21267906.111749336,0.001,1000000000.0,4.701920324199455e-09,0.1,3.1622776601683794e-11,0,worst
2430.0,56.5513945986145,92.27852244835447,0.18261982399399146,5e-14,0.02207663497965484,-460.25909298915735,-6.65612708225342,20073430.192970663,0.001,1000000000.0,4.981709605118617e-09,0.1,3.1622776601683794e-11,0,worst
2440.0,56.5513945986145,92.27852244835447,0.18261982399399146,5e-14,2.264002992411932,-462.2906217950597,-6.720481693796245,28490120.061767317,0.001,1000000000.0,3.5099887183064663e-09,0.1,3.1622776601683794e-11,0,worst
2450.0,56.5513945986145,92.27852244835447,0.18261982399399146,5e-14,1.5096459251496839,-464.32199890697825,-6.7846904110468245,25448567.503977038,0.001,1000000000.0,3.929494262668115e-09,0.1,3.1622776601683794e-11,0,worst
2460.0,56.5513945986145,92.27852244835447,0.18261982399399146,5e-14,2.10888496491431,-466.35322553910646,-6.848754422558272,27847793.375124387,0.001,1000000000.0,3.5909487927085476e-09,0.1,3.1622776601683794e-11,0,worst
2470.0,56.5513945986145,92.27852244835447,0.18261982399399146,5e-14,3.7229031175891834,-468.3843028909562,-6.912674902418502,34940219.50876784,0.001,1000000000.0,2.8620312466813827e-09,0.1,3.1622776601683794e-11,0,worst
2480.0,56.5513945986145,92.27852244835447,0.18261982399399146,5e-14,2.14768233114647,-470.41523214759286,-6.976453010484022,28007637.88180096,0.001,1000000000.0,3.570454617487712e-09,0.1,3.1622776601683794e-11,0,worst
2490.0,56.5513945986145,92.27852244835447,0.18261982399399146,5e-14,1.3730911125709468,-472.44601447986827,-7.040089892608933,24920350.923826337,0.001,1000000000.0,4.012784583398063e-09,0.1,3.1622776601683794e-11,0,worst
2500.0,56.5513945986145,92.27852244835447,0.18261982399399146,5e-14,-0.2943596105477724,-474.4766510446465,-7.103586680869455,19038724.60053267,0.001,1000000000.0,5.2524526772766165e-09,0.1,3.1622776601683794e-11,0,worst
2510.0,56.5513945986145,92.27852244835447,0.18261982399399146,5e-14,4.007665197696667,-476.50714298502805,-7.166944493783944,36281358.27546799,0.001,1000000000.0,2.7562363911721578e-09,0.1,3.1622776601683794e-11,0,worst
2520.0,56.5513945986145,92.27852244835447,0.18261982399399146,5e-14,-0.5276895830678967,-478.5374914305668,-7.230164436528582,18300268.384781573,0.001,1000000000.0,5.464400734317076e-09,0.1,3.1622776601683794e-11,0,worst
2530.0,56.5513945986145,92.27852244835447,0.18261982399399146,5e-14,1.724276366114907,-480.5676974974841,-7.2932476011485505,26292764.95055303,0.001,1000000000.0,3.803327652609493e-09,0.1,3.1622776601683794e-11,0,worst
2540.0,56.5513945986145,92.27852244835447,0.18261982399399146,5e-14,2.6035512029800714,-482.5977622888789,-7.356195066765508,29926070.759414826,0.001,1000000000.0,3.341567986119251e-09,0.1,3.1622776601683794e-11,0,worst
2550.0,56.5513945986145,92.27852244835447,0.18261982399399146,5e-14,2.897247311239582,-484.6276868949327,-7.4190078997803255,31200691.72020549,0.001,1000000000.0,3.2050571473465204e-09,0.1,3.1622776601683794e-11,0,worst
2560.0,56.5513945986145,92.27852244835447,0.18261982399399146,5e-14,4.224224956608623,-486.6574723931117,-7.481687154072745,37318222.94518557,0.001,1000000000.0,2.679655999346052e-09,0.1,3.1622776601683794e-11,0,worst
2570.0,56.5513945986145,92.27852244835447,0.18261982399399146,5e-14,2.616437551964637,-488.6871198483632,-7.544233871196127,29981367.717845857,0.001,1000000000.0,3.335404873490039e-09,0.1,3.1622776601683794e-11,0,worst
2580.0,56.5513945986145,92.27852244835447,0.18261982399399146,5e-14,-0.24636402737085916,-490.7166303133115,-7.606649080569355,19193201.33967523,0.001,1000000000.0,5.210178241254886e-09,0.1,3.1622776601683794e-11,0,worst
2590.0,56.5513945986145,92.27852244835447,0.18261982399399146,5e-14,2.539251256313449,-492.7460048284453,-7.6689337996642735,29651021.17813908,0.001,1000000000.0,3.3725651268202318e-09,0.1,3.1622776601683794e-11,0,worst
2600.0,56.5513945986145,92.27852244835447,0.18261982399399146,5e-14,0.05398401936049879,-494.77524442230686,-7.7310890341900915,20179888.310723662,0.001,1000000000.0,4.9554288140861345e-09,0.1,3.1622776601683794e-11,0,worst
2610.0,56.5513945986145,92.27852244835447,0.18261982399399146,5e-14,3.766047616411285,-496.80435011167197,-7.7931157782738865,35141765.70162398,0.001,1000000000.0,2.845616832377286e-09,0.1,3.1622776601683794e-11,0,worst
2620.0,56.5513945986145,92.27852244835447,0.18261982399399146,5e-14,0.9504494036779363,-498.83332290173166,-7.855015014637672,23329725.322408304,0.001,1000000000.0,4.286377084086351e-09,0.1,3.1622776601683794e-11,0,worst
2630.0,56.5513945986145,92.27852244835447,0.18261982399399146,5e-14,-1.1438944592856046,-500.8621637862667,-7.9167877147724255,16449562.490658676,0.001,1000000000.0,6.079189039634803e-09,0.1,3.1622776601683794e-11,0,worst
2640.0,56.5513945986145,92.27852244835447,0.18261982399399146,5e-14,1.2949947146563119,-502.89087374782116,-7.978434839108388,24621385.676328503,0.001,1000000000.0,4.0615098319239616e-09,0.1,3.1622776601683794e-11,0,worst
2650.0,56.5513945986145,92.27852244835447,0.18261982399399146,5e-14,-0.46013821556454104,-504.91945375787066,-8.039957337182443,18511922.657533534,0.001,1000000000.0,5.401924038360458e-09,0.1,3.1622776601683794e-11,0,worst
2660.0,56.5513945986145,92.27852244835447,0.18261982399399146,5e-14,2.2443980229271716,-506.9479047769893,-8.101356147802136,28408461.415643033,0.001,1000000000.0,3.5200779984844693e-09,0.1,3.1622776601683794e-11,0,worst
2670.0,56.5513945986145,92.27852244835447,0.18261982399399146,5e-14,2.3115956765808505,-508.9762277550125,-8.162632199206797,28688924.68520059,0.001,1000000000.0,3.4856656740287583e-09,0.1,3.1622776601683794e-11,0,worst
2680.0,56.5513945986145,92.27852244835447,0.18261982399399146,5e-14,1.718487636767847,-511.00442363119714,-8.223786409225568,26269773.351793006,0.001,1000000000.0,3.806656367409224e-09,0.1,3.1622776601683794e-11,0,worst
2690.0,56.5513945986145,92.27852244835447,0.18261982399399146,5e-14,1.675141198380686,-513.032493334378,-8.284819685432467,26098002.50291652,0.001,998306767.2165554,3.83171087476234e-09,0.1,3.1676412141183146e-11,0,worst
2700.0,56.5513945986145,92.27852244835447,0.18261982399399146,5e-14,0.18946057074843736,-515.0604377831231,-8.345732925298563,20636237.94869721,0.001,985310010.5768257,4.845844492034127e-09,0.1,3.209424065748709e-11,0,worst
2710.0,56.5513945986145,92.27852244835447,0.18261982399399146,5e-14,-3.736312948185912,-517.0882578858832,-8.406527016341443,10179272.907092063,0.001,972496260.4178586,9.8238843690229e-09,0.1,3.251711897390354e-11,0,worst
2720.0,56.5513945986145,92.27852244835447,0.18261982399399146,5e-14,-0.12833134275480518,-519.115954541142,-8.46720283627181,19576841.673396606,0.001,959862778.4020187,5.108076249903588e-09,0.1,3.294510143869673e-11,0,worst
2730.0,56.5513945986145,92.27852244835447,0.18261982399399146,5e-14,1.4106402956723798,-521.1435286375608,-8.527761253137442,25064905.43446536,0.001,947406868.221467,3.989642022047909e-09,0.1,3.337824293067254e-11,0,worst
2740.0,56.5513945986145,92.27852244835447,0.18261982399399146,5e-14,4.028328560984676,-523.1709810541225,-8.588203125464617,36379667.080764115,0.001,935125874.9805474,2.748788211227897e-09,0.1,3.38165988641279e-11,0,worst
2750.0,56.5513945986145,92.27852244835447,0.18261982399399146,5e-14,-2.098056530207103,-525.198312660271,-8.648529302396582,13864091.42052094,0.001,923017184.585493,7.212878000211753e-09,0.1,3.426022519384067e-11,0,worst
2760.0,56.5513945986145,92.27852244835447,0.18261982399399146,5e-14,2.2187535908341687,-527.2255243160503,-8.70874062383021,28301854.93247328,0.001,911078223.1412256,3.533337310879258e-09,0.1,3.4709178420108024e-11,0,worst
2770.0,56.5513945986145,92.27852244835447,0.18261982399399146,5e-14,4.0406603485685935,-529.2526168722394,-8.768837920549345,36438400.49004664,0.001,899306456.355552,2.7443575638649556e-09,0.1,3.5163515593822594e-11,0,worst
2780.0,56.5513945986145,92.27852244835447,0.18261982399399146,5e-14,2.5076266260095252,-531.2795911704856,-8.828822014356405,29516276.427183818,0.001,887699388.9504349,3.3879612235878872e-09,0.1,3.562329432159772e-11,0,worst
2790.0,56.5513945986145,92.27852244835447,0.18261982399399146,5e-14,1.0775404494344372,-533.3064480434343,-8.888693718201324,23800975.44112135,0.001,876254564.0805248,4.2015084737757556e-09,0.1,3.6088572770934823e-11,0,worst
2800.0,56.5513945986145,92.27852244835447,0.18261982399399146,5e-14,4.804986118069152,-535.3331883148592,-8.94845383630826,40168453.44044095,0.001,864969562.7588403,2.489515812409188e-09,0.1,3.655940967543669e-11,0,worst
2810.0,56.5513945986145,92.27852244835447,0.18261982399399146,5e-14,1.2297081980439373,-537.3598127997861,-9.008103164299996,24373209.236899048,0.001,853842003.2896088,4.10286552862346e-09,0.1,3.7035864340065594e-11,0,worst
2820.0,56.5513945986145,92.27852244835447,0.18261982399399146,5e-14,-2.09496314084312,-539.3863223046185,-9.067642489320122,13871934.189887486,0.001,842869540.7082355,7.208800058531066e-09,0.1,3.751799664644687e-11,0,worst
2830.0,56.5513945986145,92.27852244835447,0.18261982399399146,5e-14,1.0727679856073564,-541.4127176272583,-9.127072590153205,23783169.21296161,0.001,832049866.2283313,4.204654102427229e-09,0.1,3.800586705822012e-11,0,worst
2840.0,56.5513945986145,92.27852244835447,0.18261982399399146,5e-14,-1.5188178681864457,-543.4389995572255,-9.186394237342654,15393487.03264094,0.001,821380706.6958388,6.49625388893083e-09,0.1,3.849953662643534e-11,0,worst
2850.0,56.5513945986145,92.27852244835447,0.18261982399399146,5e-14,-4.497333282128551,-545.4651688757764,-9.245608193306623,8766524.04497086,0.001,810859824.050164,1.1407029683260556e-08,0.1,3.899906699499696e-11,0,worst
2860.0,56.5513945986145,92.27852244835447,0.18261982399399146,5e-14,3.1563195402264625,-547.4912263560166,-9.304715212451782,32349616.000829276,0.001,800485014.7923232,3.091226801500102e-09,0.1,3.9504520406153963e-11,0,worst
2870.0,56.5513945986145,92.27852244835447,0.18261982399399146,5e-14,1.0218643363752307,-549.5171727630175,-9.363716041285272,23593779.932736393,0.001,790254109.4599994,4.238405218879316e-09,0.1,4.001595970603991e-11,0,worst
2880.0,56.5513945986145,92.27852244835447,0.18261982399399146,5e-14,3.2474463319873763,-551.5430088539249,-9.422611418524554,32759128.154352248,0.001,780164972.1095486,3.0525842912798764e-09,0.1,4.0533448350259195e-11,0,worst
2890.0,56.5513945986145,92.27852244835447,0.18261982399399146,5e-14,-0.5204073828481626,-553.5687353780708,-9.48140207520538,18323001.57888698,0.001,770215499.8048699,5.457621098238996e-09,0.1,4.1057050409522085e-11,0,worst
2900.0,56.5513945986145,92.27852244835447,0.18261982399399146,5e-14,0.24360556953766377,-555.5943530770786,-9.540088734788071,20820586.72490275,0.001,760403622.1130704,4.802938616537334e-09,0.1,4.158683057533037e-11,0,worst
2910.0,56.5513945986145,92.27852244835447,0.18261982399399146,5e-14,-0.4340377894549192,-557.6198626849712,-9.598672113261586,18594167.44329697,0.001,750727300.6069641,5.378030519782649e-09,0.1,4.212285416570935e-11,0,worst
2920.0,56.5513945986145,92.27852244835447,0.18261982399399146,5e-14,1.7856084809790218,-559.6452649282725,-9.6571529192463,26537119.3827771,0.001,741184528.3742335,3.76830652029629e-09,0.1,4.2665187130993446e-11,0,worst
2930.0,56.5513945986145,92.27852244835447,0.18261982399399146,5e-14,0.6110112668943657,-561.6705605261119,-9.71553185409465,22101067.839464407,0.001,731773329.5333244,4.5246682525193036e-09,0.1,4.321389605965916e-11,0,worst
2940.0,56.5513945986145,92.27852244835447,0.18261982399399146,5e-14,0.9538273158646291,-563.6957501903225,-9.773809611990117,23342171.654900562,0.001,722491758.7559699,4.284091535202362e-09,0.1,4.376904818420878e-11,0,worst
2950.0,56.5513945986145,92.27852244835447,0.18261982399399146,5e-14,-0.19874048317616655,-565.7208346255419,-9.831986880044724,19347350.731145956,0.001,713337900.7962533,5.1686663145573185e-09,0.1,4.433071138710745e-11,0,worst
2960.0,56.5513945986145,92.27852244835447,0.18261982399399146,5e-14,-3.574744645213201,-567.7458145293068,-9.890064338394751,10502568.595922416,0.001,704309870.0262258,9.521480301383096e-09,0.1,4.4898954206770213e-11,0,worst
2970.0,56.5513945986145,92.27852244835447,0.18261982399399146,5e-14,3.1046356869412506,-569.7706905921516,-9.948042660294732,32118594.370048307,0.001,695405809.9780123,3.113461281893875e-09,0.1,4.547384584359981e-11,0,worst
2980.0,56.5513945986145,92.27852244835447,0.18261982399399146,5e-14,2.447739840150703,-571.7954634976984,-10.005922512210077,29262079.4494825,0.001,686623892.8922856,3.417392129381581e-09,0.1,4.605545616607989e-11,0,worst
2990.0,56.5513945986145,92.27852244835447,0.18261982399399146,5e-14,1.684317246810238,-573.820133922753,-10.063704553908082,26134307.09792697,0.001,677962319.2731316,3.8263880356687256e-09,0.1,4.66438557169191e-11,0,worst
3000.0,56.5513945986145,92.27852244835447,0.18261982399399146,5e-14,-0.8721275215596478,-575.844702537392,-10.121389438547254,17248058.72931318,0.001,669419317.4492202,5.797753913607066e-09,0.1,4.72391157192481e-11,0,worst
3010.0,56.5513945986145,92.27852244835447,0.18261982399399146,5e-14,-2.412623082312848,-577.8691700050555,-10.178977812765396,13084490.726367315,0.001,660993143.1411954,7.642636010164631e-09,0.1,4.784130808287192e-11,0,worst
3020.0,56.5513945986145,92.27852244835447,0.18261982399399146,5e-14,0.21845427781322257,-579.8935369826319,-10.236470316766031,20734814.158751406,0.001,652682079.0352684,4.8228066687443e-09,0.1,4.845050541057527e-11,0,worst
3030.0,56.5513945986145,92.27852244835447,0.18261982399399146,5e-14,-0.1475035537397531,-581.9178041205458,-10.293867584403642,19514164.152183484,0.001,644484434.362905,5.124482874087681e-09,0.1,4.90667810044846e-11,0,worst
3040.0,56.5513945986145,92.27852244835447,0.18261982399399146,5e-14,-4.210693820227235,-583.9419720628426,-10.351170243267092,9277771.473281424,0.001,636398544.4866362,1.0778450438015729e-08,0.1,4.969020887248092e-11,0,worst
3050.0,56.5513945986145,92.27852244835447,0.18261982399399146,5e-14,1.8572503469907105,-585.9660414472714,-10.408378914762238,26824295.634208944,0.001,628422770.4917823,3.727963684998696e-09,0.1,5.0320863734674796e-11,0,worst
3060.0,56.5513945986145,92.27852244835447,0.18261982399399146,5e-14,1.0635356836610868,-587.9900129053675,-10.46549421419266,23748747.52642275,0.001,620555498.7841986,4.210748372676936e-09,0.1,5.0958821029931403e-11,0,worst
3070.0,56.5513945986145,92.27852244835447,0.18261982399399146,5e-14,-3.7848154428512686,-590.0138870625335,-10.522516750839287,10083853.939174095,0.001,612795140.6938726,9.916843361992446e-09,0.1,5.160415692245386e-11,0,worst
3080.0,56.5513945986145,92.27852244835447,0.18261982399399146,5e-14,-1.1454174568203825,-592.0376645381181,-10.579447128038936,16445166.09946209,0.001,605140132.0842894,6.080814228034519e-09,0.1,5.225694830842765e-11,0,worst
3090.0,56.5513945986145,92.27852244835447,0.18261982399399146,5e-14,-0.41630417076119386,-594.0613459454945,-10.63628594326127,18650195.938850306,0.001,597588932.9676155,5.361873962497604e-09,0.1,5.2917272822717235e-11,0,worst
3100.0,56.5513945986145,92.27852244835447,0.18261982399399146,5e-14,-0.1897297980967636,-596.0849318921374,-10.693033788184522,19376614.32793383,0.001,590140027.1255516,5.160860318917398e-09,0.1,5.358520884562213e-11,0,worst
3110.0,56.5513945986145,92.27852244835447,0.18261982399399146,5e-14,0.9807098867274107,-598.1084229796992,-10.749691248770318,23441377.456926685,0.001,582791921.7357754,4.265960913933027e-09,0.1,5.426083550969473e-11,0,worst
3120.0,56.5513945986145,92.27852244835447,0.18261982399399146,5e-14,-0.19424466861514134,-600.1318198040826,-10.806258905336932,19361947.70639233,0.001,575543147.0039946,5.164769656256488e-09,0.1,5.494423270661289e-11,0,worst
3130.0,56.5513945986145,92.27852244835447,0.18261982399399146,5e-14,-3.9311865231688756,-602.1551229555167,-10.862737332631582,9800421.123635199,0.001,568392255.8014657,1.0203643163744757e-08,0.1,5.563548109411494e-11,0,worst
3140.0,56.5513945986145,92.27852244835447,0.18261982399399146,5e-14,-1.5658697648761546,-604.1783330186265,-10.919127099901402,15264650.429750921,0.001,561337823.3079727,6.5510835285883285e-09,0.1,5.633466210299222e-11,0,worst
3150.0,56.5513945986145,92.27852244835447,0.18261982399399146,5e-14,0.17710478440258726,-606.2014505725053,-10.975428770963617,20594326.944182705,0.001,554378446.6601319,4.85570615009815e-09,0.1,5.7041857944146404e-11,0,worst
3160.0,56.5513945986145,92.27852244835447,0.18261982399399146,5e-14,-0.10351512022464249,-608.2244761907845,-11.031642904274179,19658179.21986333,0.001,547512744.6050506,5.086941108917983e-09,0.1,5.7757151615703384e-11,0,worst
3170.0,56.5513945986145,92.27852244835447,0.18261982399399146,5e-14,-0.14531350159886358,-610.2474104417012,-11.087770052995666,19521316.7295271,0.001,540739357.1591982,5.122605272253194e-09,0.1,5.848062691019138e-11,0,worst
3180.0,56.5513945986145,92.27852244835447,0.18261982399399146,5e-14,-1.5506791644688604,-612.2702538881675,-11.14381076506379,15306155.357493157,0.001,534056945.2724733,6.533319286547345e-09,0.1,5.921236842177945e-11,0,worst
3190.0,56.5513945986145,92.27852244835447,0.18261982399399146,5e-14,-5.010899928280622,-614.2930070878359,-11.199765583253253,7910801.263552746,0.001,527464190.49735653,1.2640944535002759e-08,0.1,5.995246155358157e-11,0,worst
3200.0,56.5513945986145,92.27852244835447,0.18261982399399146,5e-14,0.7841116686205396,-616.3156705931654,-11.255635045242258,22722174.656356793,0.001,520959794.6631407,4.4009872079750005e-09,0.1,6.070099252502102e-11,0,worst
3210.0,56.5513945986145,92.27852244835447,0.18261982399399146,5e-14,-2.774132254329075,-618.3382449514859,-11.311419683676093,12231808.491029803,0.001,514542479.5551384,8.175405956799848e-09,0.1,6.145804837925941e-11,0,worst
3220.0,56.5513945986145,92.27852244835447,0.18261982399399146,5e-14,1.5750275587831624,-620.3607307050614,-11.36712002622977,25703926.681917172,0.001,508210986.59880435,3.890456164051793e-09,0.1,6.222371699069087e-11,0,worst
3230.0,56.5513945986145,92.27852244835447,0.18261982399399146,5e-14,-1.237152063229658,-622.3831283911536,-11.422736595669704,16181964.884477757,0.001,501964076.54872924,6.179719256214869e-09,0.1,6.299808707249979e-11,0,worst
3240.0,56.5513945986145,92.27852244835447,0.18261982399399146,5e-14,1.1221751041275922,-624.4054385420819,-11.478269909914417,23967924.008265365,0.001,495800529.18241525,4.1722428678226326e-09,0.1,6.378124818428566e-11,0,worst
3250.0,56.5513945986145,92.27852244835447,0.18261982399399146,5e-14,-2.1408496607722327,-626.427661685286,-11.53372048209414,13755950.7779731,0.001,489719142.9988145,7.2695811154054386e-09,0.1,6.457329073975027e-11,0,worst
3260.0,56.5513945986145,92.27852244835447,0.18261982399399146,5e-14,0.21202599413322787,-628.4497983433832,-11.589088820609959,20712930.802127663,0.001,483718734.92148757,4.8279019978055375e-09,0.1,6.537430601445793e-11,0,worst
3270.0,56.5513945986145,92.27852244835447,0.18261982399399146,5e-14,2.792545512549907,-630.47184903423,-11.644375429191399,30742868.062834695,0.001,477798140.00643843,3.25278694868716e-09,0.1,6.618438615365407e-11,0,worst
3280.0,56.5513945986145,92.27852244835447,0.18261982399399146,5e-14,-1.0017931295127624,-632.4938142709777,-11.699580806953776,16863603.233906873,0.001,471956211.1544273,5.929930787207718e-09,0.1,6.700362418016065e-11,0,worst
3290.0,56.5513945986145,92.27852244835447,0.18261982399399146,5e-14,1.5230551415227183,-634.5156945621304,-11.754705448454189,25500810.31223361,0.001,466191818.82783383,3.921444015919235e-09,0.1,6.783211400233127e-11,0,worst
3300.0,56.5513945986145,92.27852244835447,0.18261982399399146,5e-14,-5.828678941554955,-636.5374904116017,-11.809749843746943,6698128.696061526,0.001,460503850.77189267,1.4929542942165267e-08,0.1,6.866995042208216e-11,0,worst
3310.0,56.5513945986145,92.27852244835447,0.18261982399399146,5e-14,0.8739849995593971,-638.5592023187681,-11.864714478438088,23049137.104134087,0.001,454891211.7403246,4.338557211413525e-09,0.1,6.951722914298837e-11,0,worst
3320.0,56.5513945986145,92.27852244835447,0.18261982399399146,5e-14,-0.7400556606094426,-640.5808307785265,-11.919599833738943,17646192.706308346,0.001,449352823.22526723,5.666944800180662e-09,0.1,7.037404677845058e-11,0,worst
3330.0,56.5513945986145,92.27852244835447,0.18261982399399146,5e-14,-0.8388796415111415,-642.6023762813447,-11.97440638651912,17347662.53298354,0.001,443887623.1914421,5.764465374506077e-09,0.1,7.124050085993356e-11,0,worst
3340.0,56.5513945986145,92.27852244835447,0.18261982399399146,5e-14,0.047418229106540366,-644.6238393133166,-12.029134609358522,20157949.91379018,0.001,438494565.81451446,4.960821930189904e-09,0.1,7.211668984527483e-11,0,worst
3350.0,56.5513945986145,92.27852244835447,0.18261982399399146,5e-14,-0.04361967343169226,-646.6452203562131,-12.083784970598629,19855462.42006086,0.001,433172621.2235762,5.036397434842189e-09,0.1,7.300271312706562e-11,0,worst
3360.0,56.5513945986145,92.27852244835447,0.18261982399399146,5e-14,-2.0395198071722263,-648.6665198875338,-12.138357934393127,14013087.87659216,0.001,427920775.24769115,7.1361858914081816e-09,0.1,7.389867104110509e-11,0,worst
3370.0,56.5513945986145,92.27852244835447,0.18261982399399146,5e-14,-3.1627873220630107,-650.6877383805573,-12.192853960757532,11365485.487823702,0.001,422738029.16647536,8.798568271204428e-09,0.1,7.480466487492342e-11,0,worst
3380.0,56.5513945986145,92.27852244835447,0.18261982399399146,5e-14,0.15452826143810228,-652.7088763043914,-12.247273505618352,20517897.80410288,0.001,417623399.4645938,4.8737936485873045e-09,0.1,7.572079687638473e-11,0,worst
3390.0,56.5513945986145,92.27852244835447,0.18261982399399146,5e-14,-3.610574558627931,-654.7299341240221,-12.301617020861414,10430147.222665763,0.001,412575917.5901796,9.587592376710649e-09,0.1,7.664717026235973e-11,0,worst
3400.0,56.5513945986145,92.27852244835447,0.18261982399399146,5e-14,-2.294123264491404,-656.7509123003612,-12.355884954379377,13374019.750445282,0.001,407594629.71708864,7.477183514453129e-09,0.1,7.758388922747376e-11,0,worst
3410.0,56.5513945986145,92.27852244835447,0.18261982399399146,5e-14,-2.9854255575978073,-658.7718112902952,-12.410077750118745,11754442.562899752,0.001,402678596.51092297,8.507421722883522e-09,0.1,7.853105895293345e-11,0,worst
3420.0,56.5513945986145,92.27852244835447,0.18261982399399146,5e-14,-0.9438130986781772,-660.7926315467311,-12.464195848125968,17034727.101332158,0.001,397826892.8988128,5.870361139638085e-09,0.1,7.948878561542354e-11,0,worst
3430.0,56.5513945986145,92.27852244835447,0.18261982399399146,5e-14,-0.2168295405780043,-662.8133735186433,-12.518239684593198,19288697.40259938,0.001,393038607.84283215,5.184383264083132e-09,0.1,8.045717639608848e-11,0,worst
3440.0,56.5513945986145,92.27852244835447,0.18261982399399146,5e-14,-1.4811143085271397,-664.8340376511192,-12.572209691902913,15497318.889171675,0.001,388312844.1170796,6.452729063339611e-09,0.1,8.143633948958241e-11,0,worst
3450.0,56.5513945986145,92.27852244835447,0.18261982399399146,5e-14,-1.8578143669179639,-666.8546243854034,-12.626106298672283,14483512.476423362,0.001,383648718.0882874,6.904402517192056e-09,0.1,8.242638411320477e-11,0,worst
3460.0,56.5513945986145,92.27852244835447,0.18261982399399146,5e-14,-2.2036823363203695,-668.8751341589434,-12.679929929796856,13598363.666277632,0.001,379045359.4999575,7.3538259789292465e-09,0.1,8.342742051611196e-11,0,worst
3470.0,56.5513945986145,92.27852244835447,0.18261982399399146,5e-14,1.6585188485111502,-670.8955674054316,-12.73368100649327,26032316.009656556,0.001,374501911.2599723,3.841379305740815e-09,0.1,8.443955998860537e-11,0,worst
3480.0,56.5513945986145,92.27852244835447,0.18261982399399146,5e-14,-1.4969150673487235,-672.9159245548498,-12.787359946341951,15453740.922546677,0.001,370017529.23158014,6.470925098407865e-09,0.1,8.546291487150675e-11,0,worst
3490.0,56.5513945986145,92.27852244835447,0.18261982399399146,5e-14,-1.719000004778195,-674.9362060335097,-12.840967163328429,14851019.04912041,0.001,365591382.0277885,6.733544659073262e-09,0.1,8.649759856560336e-11,0,worst
3500.0,56.5513945986145,92.27852244835447,0.18261982399399146,5e-14,-0.521034244447705,-676.9564122640971,-12.894503067884841,18321043.880028307,0.001,361222650.8090047,5.458204273448064e-09,0.1,8.75437255411877e-11,0,worst
3510.0,56.5513945986145,92.27852244835447,0.18261982399399146,5e-14,-1.551041961719278,-678.9765436657115,-12.947968066930315,15305163.098537087,0.001,356910529.08397937,6.53374285240765e-09,0.1,8.860141134766887e-11,0,worst
3520.0,56.5513945986145,92.27852244835447,0.18261982399399146,5e-14,1.9016690378755499,-680.9966006539071,-13.00136256391096,27003290.343602523,0.001,352654222.5139402,3.703252408412202e-09,0.1,8.967077262327055e-11,0,worst
3530.0,56.5513945986145,92.27852244835447,0.18261982399399146,5e-14,1.6438995358747803,-683.0165836407325,-13.054686958839312,25974629.140767828,0.001,348452948.7198781,3.849910597685782e-09,0.1,9.075192710481379e-11,0,worst
3540.0,56.5513945986145,92.27852244835447,0.18261982399399146,5e-14,-3.2792770109216036,-685.0364930347713,-13.10794164833311,11115780.180552498,0.001,344305937.0929542,8.996219642320205e-09,0.1,9.184499363758113e-11,0,worst
3550.0,56.5513945986145,92.27852244835447,0.18261982399399146,5e-14,-1.4102629089799308,-687.0563292411792,-13.161127025653741,15693866.023375208,0.001,340212428.607957,6.3719162538443456e-09,0.1,9.295009218526883e-11,0,worst
3560.0,56.5513945986145,92.27852244835447,0.18261982399399146,5e-14,-3.8056416028600495,-689.0760926617247,-13.214243480743875,10043112.493413698,0.001,336171675.6397822,9.957072577408676e-09,0.1,9.406734384002215e-11,0,worst
3570.0,56.5513945986145,92.27852244835447,0.18261982399399146,5e-14,-1.0893928151364776,-691.0957836948245,-13.267291400264753,16607464.934206188,0.001,332182941.7828813,6.021388598209909e-09,0.1,9.519687083255711e-11,0,worst
3580.0,56.5513945986145,92.27852244835447,0.18261982399399146,5e-14,-3.4188367555390897,-693.1154027355828,-13.320271167632882,10822563.25699935,0.001,328245501.67362446,9.239955232909018e-09,0.1,9.633879654237096e-11,0,worst
3590.0,56.5513945986145,92.27852244835447,0.18261982399399146,5e-14,-0.8957651632520935,-695.1349501758267,-13.373183163056268,17177499.79402987,0.001,324358640.8155439,5.821568982626653e-09,0.1,9.74932455080394e-11,0,worst
3600.0,56.5513945986145,92.27852244835447,0.18261982399399146,5e-14,-2.083243225162022,-697.1544264041437,-13.426027763570147,13901679.413297603,0.001,320521655.40740806,7.193375492772863e-09,0.1,9.866034343760259e-11,0,worst
3610.0,56.5513945986145,92.27852244835447,0.18261982399399146,5e-14,-0.4642151675844275,-699.173831805916,-13.478805343072054,18499099.278697643,0.001,316733852.1740845,5.405668594640902e-09,0.1,9.984021721903965e-11,0,worst
3620.0,56.5513945986145,92.27852244835447,0.18261982399399146,5e-14,-3.812501044192004,-701.1931667633578,-13.531516272356725,10029723.78347751,0.001,312994548.2001381,9.970364305020569e-09,0.1,1.010329949308358e-10,0,worst
3630.0,56.5513945986145,92.27852244835447,0.18261982399399146,5e-14,-1.461906872106752,-703.2124316555474,-13.584160919150179,15550417.280530661,0.001,309303070.76614696,6.43069560102425e-09,0.1,1.0223880585263458e-10,0,worst
3640.0,56.5513945986145,92.27852244835447,0.18261982399399146,5e-14,-2.225149040201501,-705.2316268584647,-13.636739648143532,13544849.179005362,0.001,305658757.187651,7.3828802874380396e-09,0.1,1.0345778047598956e-10,0,worst
3650.0,56.5513945986145,92.27852244835447,0.18261982399399146,5e-14,-2.2939718087058196,-707.2507527450219,-13.689252821026429,13374393.00015039,0.001,302060954.65673304,7.476974842811598e-09,0.1,1.0469005051520288e-10,0,worst
3660.0,56.5513945986145,92.27852244835447,0.18261982399399146,5e-14,-0.05243169431393824,-709.2698096851,-13.741700796519638,19826351.373237267,0.001,298509020.0861782,5.0437923810321285e-09,0.1,1.0593574891825527e-10,0,worst
3670.0,56.5513945986145,92.27852244835447,0.18261982399399146,5e-14,-4.057652091728357,-711.2887980455783,-13.794083930407737,9560948.503556449,0.001,295002319.9561384,1.0459213326251296e-08,0.1,1.071950098778394e-10,0,worst
3680.0,56.5513945986145,92.27852244835447,0.18261982399399146,5e-14,-0.6057570117325639,-713.3077181903707,-13.846402575570806,18057830.559805438,0.001,291540230.1633318,5.537763778921926e-09,0.1,1.0846796884247338e-10,0,worst
3690.0,56.5513945986145,92.27852244835447,0.18261982399399146,5e-14,1.80792499619848,-715.3265704804543,-13.898657082016172,26626373.535191663,0.001,288122135.8726534,3.755674796187756e-09,0.1,1.097547625277243e-10,0,worst
3700.0,56.5513945986145,92.27852244835447,0.18261982399399146,5e-14,-2.597837726924027,-717.3453552739032,-13.950847796909386,12641911.843424344,0.001,284747431.37122303,7.910195960748985e-09,0.1,1.1105552892751971e-10,0,worst
3710.0,56.5513945986145,92.27852244835447,0.18261982399399146,5e-14,1.8189948872443438,-719.364072925919,-14.002975064604868,26670714.902533483,0.001,281415519.9248158,3.749430803240332e-09,0.1,1.1237040732555288e-10,0,worst
3720.0,56.5513945986145,92.27852244835447,0.18261982399399146,5e-14,-0.41437065186134703,-721.3827237888615,-14.055039226676428,18656312.051249564,0.001,278125813.63658583,5.360116175442198e-09,0.1,1.1369953830680317e-10,0,worst
3730.0,56.5513945986145,92.27852244835447,0.18261982399399146,5e-14,-7.256492383746249,-723.4013082122791,-14.107040621946737,4972725.352954788,0.001,274877733.3081592,2.010969697744922e-08,0.1,1.1504306376912755e-10,0,worst
3740.0,56.5513945986145,92.27852244835447,0.18261982399399146,5e-14,0.21445410123327235,-725.419826542939,-14.158979586517091,20721194.781129915,0.001,271670708.3029228,4.825976545091241e-09,0.1,1.1640112693497761e-10,0,worst
3750.0,56.5513945986145,92.27852244835447,0.18261982399399146,5e-14,-0.5795880384448537,-727.4382791248561,-14.210856453796396,18138839.524732336,0.001,268504176.4115689,5.513031848793295e-09,0.1,1.1777387236320574e-10,0,worst
3760.0,56.5513945986145,92.27852244835447,0.18261982399399146,5e-14,-3.3841909572198574,-729.4566662993237,-14.262671554529732,10894753.973317781,0.001,265377583.71984258,9.17872952844175e-09,0.1,1.1916144596096615e-10,0,worst
3770.0,56.5513945986145,92.27852244835447,0.18261982399399146,5e-14,-1.903327334258492,-731.4749884049398,-14.314425216826862,14364553.658813732,0.001,262290384.4784098,6.961580733741943e-09,0.1,1.2056399499573266e-10,0,worst
3780.0,56.5513945986145,92.27852244835447,0.18261982399399146,5e-14,-3.0579567929356983,-733.4932457776387,-14.36611776619003,11594093.870402096,0.001,259242040.97487128,8.6250811074839e-09,0.1,1.219816681074079e-10,0,worst
3790.0,56.5513945986145,92.27852244835447,0.18261982399399146,5e-14,-2.8634779122366183,-735.5114387507152,-14.417749525541467,12028082.682869405,0.001,256232023.4078518,8.313877002393879e-09,0.1,1.2341461532054063e-10,0,worst
3800.0,56.5513945986145,92.27852244835447,0.18261982399399146,5e-14,-5.829496988390133,-737.5295676548564,-14.46932081525074,6697002.844365229,0.001,253259809.7631402,1.4932052788978385e-08,0.1,1.248629880566475e-10,0,worst
3810.0,56.5513945986145,92.27852244835447,0.18261982399399146,5e-14,1.0258035720156897,-739.5476328181651,-14.520831953161434,23608401.15840909,0.001,250324885.69185385,4.235780277072298e-09,0.1,1.2632693914663742e-10,0,worst
3820.0,56.5513945986145,92.27852244835447,0.18261982399399146,5e-14,-5.950120606554435,-741.56563456619,-14.57228325461773,6532822.670837426,0.001,247426744.39057282,1.5307318909236712e-08,0.1,1.2780662284334954e-10,0,worst
3830.0,56.5513945986145,92.27852244835447,0.18261982399399146,5e-14,-5.231664217860597,-743.5835732219501,-14.623675032490496,7565822.939407635,0.001,244564886.48344752,1.3217332840177397e-08,0.1,1.2930219483418797e-10,0,worst
3840.0,56.5513945986145,92.27852244835447,0.18261982399399146,5e-14,-1.7042178609633254,-745.6014491059618,-14.675007597203177,14890571.113858918,0.001,241738819.9062024,6.715659139959262e-09,0.1,1.3081381225387718e-10,0,worst
3850.0,56.5513945986145,92.27852244835447,0.18261982399399146,5e-14,2.393191733643988,-747.6192625362652,-14.726281256757062,29031646.712056357,0.001,238948059.79205638,3.444516978035272e-09,0.1,1.3234163369731226e-10,0,worst
3860.0,56.5513945986145,92.27852244835447,0.18261982399399146,5e-14,-1.2840718820231132,-749.6370138284483,-14.777496316756668,16048564.163411226,0.001,236192128.35946962,6.2310870294545005e-09,0.1,1.3388581923253558e-10,0,worst
3870.0,56.5513945986145,92.27852244835447,0.18261982399399146,5e-14,-6.616434072267253,-751.6547032956738,-14.828653080434322,5689094.826047617,0.001,233470554.80175644,1.757748869682191e-08,0.1,1.3544653041380399e-10,0,worst
3880.0,56.5513945986145,92.27852244835447,0.18261982399399146,5e-14,-5.0242072042950525,-753.6723312487034,-14.879751848674715,7889625.253540439,0.001,230782875.17845598,1.2674873240034486e-08,0.1,1.3702393029478922e-10,0,worst
3890.0,56.5513945986145,92.27852244835447,0.18261982399399146,5e-14,-4.800225883888658,-755.6898979959217,-14.930792920039238,8252680.468440729,0.001,228128632.30849642,1.2117275154710323e-08,0.1,1.3861818344187756e-10,0,worst
3900.0,56.5513945986145,92.27852244835447,0.18261982399399146,5e-14,1.8829516144470801,-757.7074038433616,-14.981776590789565,26927776.63289736,0.001,225507375.6650933,3.7136374593151944e-09,0.1,1.402294559475854e-10,0,worst
3910.0,56.5513945986145,92.27852244835447,0.18261982399399146,5e-14,-5.439056932030496,-759.7248490947277,-15.032703154911445,7253798.908793494,0.001,222918661.27235094,1.3785879820679059e-08,0.1,1.41857915444094e-10,0,worst
3920.0,56.5513945986145,92.27852244835447,0.18261982399399146,5e-14,-3.958668721308044,-761.7422340514202,-15.083572904137753,9747956.883318486,0.001,220362051.60356054,1.0258559942045734e-08,0.1,1.4350373111689092e-10,0,worst
3930.0,56.5513945986145,92.27852244835447,0.18261982399399146,5e-14,1.5300483960326687,-763.7595590125577,-15.134386127971652,25528082.757481955,0.001,217837115.48112923,3.917254615240985e-09,0.1,1.4516707371854273e-10,0,worst
3940.0,56.5513945986145,92.27852244835447,0.18261982399399146,5e-14,-2.2616267505296577,-765.7768242750012,-15.185143113709103,13454292.327154968,0.001,215343427.9781653,7.432572265296239e-09,0.1,1.468481155825669e-10,0,worst
3950.0,56.5513945986145,92.27852244835447,0.18261982399399146,5e-14,2.3385489070993657,-767.7940301333762,-15.235844146461318,28801872.37128716,0.001,212880570.32163984,3.471996497689188e-09,0.1,1.4854703063743745e-10,0,worst
3960.0,56.5513945986145,92.27852244835447,0.18261982399399146,5e-14,-1.7858707676802084,-769.8111768800948,-15.286489509176874,14673098.775316225,0.001,210448129.79713044,6.815192995785232e-09,0.1,1.502639944207049e-10,0,worst
3970.0,56.5513945986145,92.27852244835447,0.18261982399399146,5e-14,-2.755611019026759,-771.8282648053791,-15.337079482663427,12274385.564931452,0.001,208045699.65512234,8.147047318254783e-09,0.1,1.5199918409323007e-10,0,worst
3980.0,56.5513945986145,92.27852244835447,0.18261982399399146,5e-14,-1.5494766637815331,-773.8452941972826,-15.387614345609393,15309444.57367727,0.001,205672879.01881355,6.531915610572696e-09,0.1,1.5375277845355174e-10,0,worst
3990.0,56.5513945986145,92.27852244835447,0.18261982399399146,5e-14,-1.2547205932933991,-775.8622653417112,-15.4380943746051,16131918.114092281,0.001,203329272.7934335,6.198890875390912e-09,0.1,1.5552495795236546e-10,0,worst
4000.0,56.5513945986145,92.27852244835447,0.18261982399399146,5e-14,-3.3961465275732223,-777.8791785224455,-15.488519844163903,10869797.730676468,0.001,201014491.57701692,9.199803204965123e-09,0.1,1.57315904707138e-10,0,worst
