distance_m,extinction_per_m,path_loss_dB,Pr_dBm,SNR_dB,Eb_J,capacity_bps,outage_flag_cap
10.0,0.5,22.715,-12.715,86.285,1e-09,286632565.7012931,0
20.0,0.5,44.43,-34.43,64.57,1e-09,214496902.1239061,0
30.0,0.5,66.145,-56.144999999999996,42.855000000000004,1e-09,142361976.09605896,0
40.0,0.5,87.86,-77.86,21.14,1e-09,70336097.44708629,0
50.0,0.5,109.575,-99.575,-0.5750000000000028,1e-09,9076534.584737554,1
60.0,0.5,131.29,-121.28999999999999,-22.289999999999992,1e-09,84897.72920922034,1
70.0,0.5,153.005,-143.005,-44.004999999999995,1e-09,573.6749735076197,1
80.0,0.5,174.72,-164.72,-65.72,1e-09,3.865222338362698,1
90.0,0.5,196.435,-186.435,-87.435,1e-09,0.026042012278844937,1
100.0,0.5,218.15,-208.15,-109.15,1e-09,0.00017545807646588373,1
110.0,0.5,239.865,-229.865,-130.865,1e-09,1.182064379907656e-06,1
120.0,0.5,261.58,-251.57999999999998,-152.57999999999998,1e-09,6.406853007629834e-09,1
130.0,0.5,283.295,-273.295,-174.29500000000002,1e-09,0.0,1
140.0,0.5,305.01,-295.01,-196.01,1e-09,0.0,1
150.0,0.5,326.725,-316.725,-217.72500000000002,1e-09,0.0,1
160.0,0.5,348.44,-338.44,-239.44,1e-09,0.0,1
170.0,0.5,370.155,-360.155,-261.155,1e-09,0.0,1
180.0,0.5,391.87,-381.87,-282.87,1e-09,0.0,1
190.0,0.5,413.585,-403.585,-304.585,1e-09,0.0,1
200.0,0.5,435.3,-425.3,-326.3,1e-09,0.0,1
210.0,0.5,457.015,-447.015,-348.015,1e-09,0.0,1
220.0,0.5,478.73,-468.73,-369.73,1e-09,0.0,1
230.0,0.5,500.445,-490.445,-391.445,1e-09,0.0,1
240.0,0.5,522.16,-512.16,-413.15999999999997,1e-09,0.0,1
250.0,0.5,543.875,-533.875,-434.875,1e-09,0.0,1
260.0,0.5,565.59,-555.59,-456.59000000000003,1e-09,0.0,1
270.0,0.5,587.305,-577.305,-478.30499999999995,1e-09,0.0,1
280.0,0.5,609.02,-599.02,-500.02,1e-09,0.0,1
290.0,0.5,630.735,-620.735,-521.735,1e-09,0.0,1
300.0,0.5,652.45,-642.45,-543.45,1e-09,0.0,1
310.0,0.5,674.165,-664.165,-565.165,1e-09,0.0,1
320.0,0.5,695.88,-685.88,-586.88,1e-09,0.0,1
330.0,0.5,717.595,-707.595,-608.595,1e-09,0.0,1
340.0,0.5,739.31,-729.31,-630.31,1e-09,0.0,1
350.0,0.5,761.025,-751.025,-652.025,1e-09,0.0,1
360.0,0.5,782.74,-772.74,-673.74,1e-09,0.0,1
370.0,0.5,804.455,-794.455,-695.455,1e-09,0.0,1
380.0,0.5,826.17,-816.17,-717.17,1e-09,0.0,1
390.0,0.5,847.885,-837.885,-738.885,1e-09,0.0,1
400.0,0.5,869.6,-859.6,-760.6,1e-09,0.0,1
410.0,0.5,891.3149999999999,-881.3149999999999,-782.3149999999999,1e-09,0.0,1
420.0,0.5,913.03,-903.03,-804.03,1e-09,0.0,1
430.0,0.5,934.745,-924.745,-825.745,1e-09,0.0,1
440.0,0.5,956.46,-946.46,-847.46,1e-09,0.0,1
450.0,0.5,978.175,-968.175,-869.175,1e-09,0.0,1
460.0,0.5,999.89,-989.89,-890.89,1e-09,0.0,1
470.0,0.5,1021.605,-1011.605,-912.605,1e-09,0.0,1
480.0,0.5,1043.32,-1033.32,-934.3199999999999,1e-09,0.0,1
490.0,0.5,1065.035,-1055.035,-956.0350000000001,1e-09,0.0,1
500.0,0.5,1086.75,-1076.75,-977.75,1e-09,0.0,1
510.0,0.5,1108.465,-1098.465,-999.4649999999999,1e-09,0.0,1
520.0,0.5,1130.18,-1120.18,-1021.1800000000001,1e-09,0.0,1
530.0,0.5,1151.895,-1141.895,-1042.895,1e-09,0.0,1
540.0,0.5,1173.61,-1163.61,-1064.61,1e-09,0.0,1
550.0,0.5,1195.325,-1185.325,-1086.325,1e-09,0.0,1
560.0,0.5,1217.04,-1207.04,-1108.04,1e-09,0.0,1
570.0,0.5,1238.7549999999999,-1228.7549999999999,-1129.7549999999999,1e-09,0.0,1
580.0,0.5,1260.47,-1250.47,-1151.47,1e-09,0.0,1
590.0,0.5,1282.185,-1272.185,-1173.185,1e-09,0.0,1
600.0,0.5,1303.9,-1293.9,-1194.9,1e-09,0.0,1
610.0,0.5,1325.615,-1315.615,-1216.615,1e-09,0.0,1
620.0,0.5,1347.33,-1337.33,-1238.33,1e-09,0.0,1
630.0,0.5,1369.045,-1359.045,-1260.045,1e-09,0.0,1
640.0,0.5,1390.76,-1380.76,-1281.76,1e-09,0.0,1
650.0,0.5,1412.475,-1402.475,-1303.475,1e-09,0.0,1
660.0,0.5,1434.19,-1424.19,-1325.19,1e-09,0.0,1
670.0,0.5,1455.905,-1445.905,-1346.905,1e-09,0.0,1
680.0,0.5,1477.62,-1467.62,-1368.62,1e-09,0.0,1
690.0,0.5,1499.335,-1489.335,-1390.335,1e-09,0.0,1
700.0,0.5,1521.05,-1511.05,-1412.05,1e-09,0.0,1
710.0,0.5,1542.765,-1532.765,-1433.765,1e-09,0.0,1
720.0,0.5,1564.48,-1554.48,-1455.48,1e-09,0.0,1
730.0,0.5,1586.195,-1576.195,-1477.195,1e-09,0.0,1
740.0,0.5,1607.91,-1597.91,-1498.91,1e-09,0.0,1
750.0,0.5,1629.625,-1619.625,-1520.625,1e-09,0.0,1
760.0,0.5,1651.34,-1641.34,-1542.34,1e-09,0.0,1
770.0,0.5,1673.055,-1663.055,-1564.055,1e-09,0.0,1
780.0,0.5,1694.77,-1684.77,-1585.77,1e-09,0.0,1
790.0,0.5,1716.485,-1706.485,-1607.485,1e-09,0.0,1
800.0,0.5,1738.2,-1728.2,-1629.2,1e-09,0.0,1
810.0,0.5,1759.915,-1749.915,-1650.915,1e-09,0.0,1
820.0,0.5,1781.6299999999999,-1771.6299999999999,-1672.6299999999999,1e-09,0.0,1
830.0,0.5,1803.345,-1793.345,-1694.345,1e-09,0.0,1
840.0,0.5,1825.06,-1815.06,-1716.06,1e-09,0.0,1
850.0,0.5,1846.775,-1836.775,-1737.775,1e-09,0.0,1
860.0,0.5,1868.49,-1858.49,-1759.49,1e-09,0.0,1
870.0,0.5,1890.205,-1880.205,-1781.205,1e-09,0.0,1
880.0,0.5,1911.92,-1901.92,-1802.92,1e-09,0.0,1
890.0,0.5,1933.635,-1923.635,-1824.635,1e-09,0.0,1
900.0,0.5,1955.35,-1945.35,-1846.35,1e-09,0.0,1
910.0,0.5,1977.065,-1967.065,-1868.065,1e-09,0.0,1
920.0,0.5,1998.78,-1988.78,-1889.78,1e-09,0.0,1
930.0,0.5,2020.495,-2010.495,-1911.495,1e-09,0.0,1
940.0,0.5,2042.21,-2032.21,-1933.21,1e-09,0.0,1
950.0,0.5,2063.925,-2053.925,-1954.9250000000002,1e-09,0.0,1
960.0,0.5,2085.64,-2075.64,-1976.6399999999999,1e-09,0.0,1
970.0,0.5,2107.355,-2097.355,-1998.355,1e-09,0.0,1
980.0,0.5,2129.07,-2119.07,-2020.0700000000002,1e-09,0.0,1
990.0,0.5,2150.785,-2140.785,-2041.7849999999999,1e-09,0.0,1
1000.0,0.5,2172.5,-2162.5,-2063.5,1e-09,0.0,1
1010.0,0.5,2194.215,-2184.215,-2085.215,1e-09,0.0,1
1020.0,0.5,2215.93,-2205.93,-2106.93,1e-09,0.0,1
1030.0,0.5,2237.645,-2227.645,-2128.645,1e-09,0.0,1
1040.0,0.5,2259.36,-2249.36,-2150.36,1e-09,0.0,1
1050.0,0.5,2281.075,-2271.075,-2172.075,1e-09,0.0,1
1060.0,0.5,2302.79,-2292.79,-2193.79,1e-09,0.0,1
1070.0,0.5,2324.505,-2314.505,-2215.505,1e-09,0.0,1
1080.0,0.5,2346.22,-2336.22,-2237.22,1e-09,0.0,1
1090.0,0.5,2367.935,-2357.935,-2258.935,1e-09,0.0,1
1100.0,0.5,2389.65,-2379.65,-2280.65,1e-09,0.0,1
1110.0,0.5,2411.365,-2401.365,-2302.365,1e-09,0.0,1
1120.0,0.5,2433.08,-2423.08,-2324.08,1e-09,0.0,1
1130.0,0.5,2454.795,-2444.795,-2345.795,1e-09,0.0,1
1140.0,0.5,2476.5099999999998,-2466.5099999999998,-2367.5099999999998,1e-09,0.0,1
1150.0,0.5,2498.225,-2488.225,-2389.225,1e-09,0.0,1
1160.0,0.5,2519.94,-2509.94,-2410.94,1e-09,0.0,1
1170.0,0.5,2541.655,-2531.655,-2432.655,1e-09,0.0,1
1180.0,0.5,2563.37,-2553.37,-2454.37,1e-09,0.0,1
1190.0,0.5,2585.085,-2575.085,-2476.085,1e-09,0.0,1
1200.0,0.5,2606.8,-2596.8,-2497.8,1e-09,0.0,1
1210.0,0.5,2628.515,-2618.515,-2519.515,1e-09,0.0,1
1220.0,0.5,2650.23,-2640.23,-2541.23,1e-09,0.0,1
1230.0,0.5,2671.945,-2661.945,-2562.945,1e-09,0.0,1
1240.0,0.5,2693.66,-2683.66,-2584.66,1e-09,0.0,1
1250.0,0.5,2715.375,-2705.375,-2606.375,1e-09,0.0,1
1260.0,0.5,2737.09,-2727.09,-2628.09,1e-09,0.0,1
1270.0,0.5,2758.805,-2748.805,-2649.805,1e-09,0.0,1
1280.0,0.5,2780.52,-2770.52,-2671.52,1e-09,0.0,1
1290.0,0.5,2802.235,-2792.235,-2693.235,1e-09,0.0,1
1300.0,0.5,2823.95,-2813.95,-2714.95,1e-09,0.0,1
1310.0,0.5,2845.665,-2835.665,-2736.665,1e-09,0.0,1
1320.0,0.5,2867.38,-2857.38,-2758.38,1e-09,0.0,1
1330.0,0.5,2889.095,-2879.095,-2780.095,1e-09,0.0,1
1340.0,0.5,2910.81,-2900.81,-2801.81,1e-09,0.0,1
1350.0,0.5,2932.525,-2922.525,-2823.525,1e-09,0.0,1
1360.0,0.5,2954.24,-2944.24,-2845.24,1e-09,0.0,1
1370.0,0.5,2975.955,-2965.955,-2866.955,1e-09,0.0,1
1380.0,0.5,2997.67,-2987.67,-2888.67,1e-09,0.0,1
1390.0,0.5,3019.3849999999998,-3009.3849999999998,-2910.3849999999998,1e-09,0.0,1
1400.0,0.5,3041.1,-3031.1,-2932.1,1e-09,0.0,1
1410.0,0.5,3062.815,-3052.815,-2953.815,1e-09,0.0,1
1420.0,0.5,3084.53,-3074.53,-2975.53,1e-09,0.0,1
1430.0,0.5,3106.245,-3096.245,-2997.245,1e-09,0.0,1
1440.0,0.5,3127.96,-3117.96,-3018.96,1e-09,0.0,1
1450.0,0.5,3149.675,-3139.675,-3040.675,1e-09,0.0,1
1460.0,0.5,3171.39,-3161.39,-3062.39,1e-09,0.0,1
1470.0,0.5,3193.105,-3183.105,-3084.105,1e-09,0.0,1
1480.0,0.5,3214.82,-3204.82,-3105.82,1e-09,0.0,1
1490.0,0.5,3236.535,-3226.535,-3127.535,1e-09,0.0,1
1500.0,0.5,3258.25,-3248.25,-3149.25,1e-09,0.0,1
1510.0,0.5,3279.965,-3269.965,-3170.965,1e-09,0.0,1
1520.0,0.5,3301.68,-3291.68,-3192.68,1e-09,0.0,1
1530.0,0.5,3323.395,-3313.395,-3214.395,1e-09,0.0,1
1540.0,0.5,3345.11,-3335.11,-3236.11,1e-09,0.0,1
1550.0,0.5,3366.825,-3356.825,-3257.825,1e-09,0.0,1
1560.0,0.5,3388.54,-3378.54,-3279.54,1e-09,0.0,1
1570.0,0.5,3410.255,-3400.255,-3301.255,1e-09,0.0,1
1580.0,0.5,3431.97,-3421.97,-3322.97,1e-09,0.0,1
1590.0,0.5,3453.685,-3443.685,-3344.685,1e-09,0.0,1
1600.0,0.5,3475.4,-3465.4,-3366.4,1e-09,0.0,1
1610.0,0.5,3497.115,-3487.115,-3388.115,1e-09,0.0,1
1620.0,0.5,3518.83,-3508.83,-3409.83,1e-09,0.0,1
1630.0,0.5,3540.545,-3530.545,-3431.545,1e-09,0.0,1
1640.0,0.5,3562.2599999999998,-3552.2599999999998,-3453.2599999999998,1e-09,0.0,1
1650.0,0.5,3583.975,-3573.975,-3474.975,1e-09,0.0,1
1660.0,0.5,3605.69,-3595.69,-3496.69,1e-09,0.0,1
1670.0,0.5,3627.405,-3617.405,-3518.405,1e-09,0.0,1
1680.0,0.5,3649.12,-3639.12,-3540.12,1e-09,0.0,1
1690.0,0.5,3670.835,-3660.835,-3561.835,1e-09,0.0,1
1700.0,0.5,3692.55,-3682.55,-3583.55,1e-09,0.0,1
1710.0,0.5,3714.265,-3704.265,-3605.265,1e-09,0.0,1
1720.0,0.5,3735.98,-3725.98,-3626.98,1e-09,0.0,1
1730.0,0.5,3757.695,-3747.695,-3648.695,1e-09,0.0,1
1740.0,0.5,3779.41,-3769.41,-3670.41,1e-09,0.0,1
1750.0,0.5,3801.125,-3791.125,-3692.125,1e-09,0.0,1
1760.0,0.5,3822.84,-3812.84,-3713.84,1e-09,0.0,1
1770.0,0.5,3844.555,-3834.555,-3735.555,1e-09,0.0,1
1780.0,0.5,3866.27,-3856.27,-3757.27,1e-09,0.0,1
1790.0,0.5,3887.985,-3877.985,-3778.985,1e-09,0.0,1
1800.0,0.5,3909.7,-3899.7,-3800.7,1e-09,0.0,1
1810.0,0.5,3931.415,-3921.415,-3822.415,1e-09,0.0,1
1820.0,0.5,3953.13,-3943.13,-3844.13,1e-09,0.0,1
1830.0,0.5,3974.845,-3964.845,-3865.845,1e-09,0.0,1
1840.0,0.5,3996.56,-3986.56,-3887.56,1e-09,0.0,1
1850.0,0.5,4018.275,-4008.275,-3909.275,1e-09,0.0,1
1860.0,0.5,4039.99,-4029.99,-3930.99,1e-09,0.0,1
1870.0,0.5,4061.705,-4051.705,-3952.705,1e-09,0.0,1
1880.0,0.5,4083.42,-4073.42,-3974.42,1e-09,0.0,1
1890.0,0.5,4105.135,-4095.135,-3996.135,1e-09,0.0,1
1900.0,0.5,4126.85,-4116.85,-4017.8500000000004,1e-09,0.0,1
1910.0,0.5,4148.565,-4138.565,-4039.5649999999996,1e-09,0.0,1
1920.0,0.5,4170.28,-4160.28,-4061.2799999999997,1e-09,0.0,1
1930.0,0.5,4191.995,-4181.995,-4082.995,1e-09,0.0,1
1940.0,0.5,4213.71,-4203.71,-4104.71,1e-09,0.0,1
1950.0,0.5,4235.425,-4225.425,-4126.425,1e-09,0.0,1
1960.0,0.5,4257.14,-4247.14,-4148.14,1e-09,0.0,1
1970.0,0.5,4278.855,-4268.855,-4169.855,1e-09,0.0,1
1980.0,0.5,4300.57,-4290.57,-4191.57,1e-09,0.0,1
1990.0,0.5,4322.285,-4312.285,-4213.285,1e-09,0.0,1
2000.0,0.5,4344.0,-4334.0,-4235.0,1e-09,0.0,1
2010.0,0.5,4365.715,-4355.715,-4256.715,1e-09,0.0,1
2020.0,0.5,4387.43,-4377.43,-4278.43,1e-09,0.0,1
2030.0,0.5,4409.1449999999995,-4399.1449999999995,-4300.1449999999995,1e-09,0.0,1
2040.0,0.5,4430.86,-4420.86,-4321.86,1e-09,0.0,1
2050.0,0.5,4452.575,-4442.575,-4343.575,1e-09,0.0,1
2060.0,0.5,4474.29,-4464.29,-4365.29,1e-09,0.0,1
2070.0,0.5,4496.005,-4486.005,-4387.005,1e-09,0.0,1
2080.0,0.5,4517.72,-4507.72,-4408.72,1e-09,0.0,1
2090.0,0.5,4539.435,-4529.435,-4430.435,1e-09,0.0,1
2100.0,0.5,4561.15,-4551.15,-4452.15,1e-09,0.0,1
2110.0,0.5,4582.865,-4572.865,-4473.865,1e-09,0.0,1
2120.0,0.5,4604.58,-4594.58,-4495.58,1e-09,0.0,1
2130.0,0.5,4626.295,-4616.295,-4517.295,1e-09,0.0,1
2140.0,0.5,4648.01,-4638.01,-4539.01,1e-09,0.0,1
2150.0,0.5,4669.725,-4659.725,-4560.725,1e-09,0.0,1
2160.0,0.5,4691.44,-4681.44,-4582.44,1e-09,0.0,1
2170.0,0.5,4713.155,-4703.155,-4604.155,1e-09,0.0,1
2180.0,0.5,4734.87,-4724.87,-4625.87,1e-09,0.0,1
2190.0,0.5,4756.585,-4746.585,-4647.585,1e-09,0.0,1
2200.0,0.5,4778.3,-4768.3,-4669.3,1e-09,0.0,1
2210.0,0.5,4800.015,-4790.015,-4691.015,1e-09,0.0,1
2220.0,0.5,4821.73,-4811.73,-4712.73,1e-09,0.0,1
2230.0,0.5,4843.445,-4833.445,-4734.445,1e-09,0.0,1
2240.0,0.5,4865.16,-4855.16,-4756.16,1e-09,0.0,1
2250.0,0.5,4886.875,-4876.875,-4777.875,1e-09,0.0,1
2260.0,0.5,4908.59,-4898.59,-4799.59,1e-09,0.0,1
2270.0,0.5,4930.305,-4920.305,-4821.305,1e-09,0.0,1
2280.0,0.5,4952.0199999999995,-4942.0199999999995,-4843.0199999999995,1e-09,0.0,1
2290.0,0.5,4973.735,-4963.735,-4864.735,1e-09,0.0,1
2300.0,0.5,4995.45,-4985.45,-4886.45,1e-09,0.0,1
2310.0,0.5,5017.165,-5007.165,-4908.165,1e-09,0.0,1
2320.0,0.5,5038.88,-5028.88,-4929.88,1e-09,0.0,1
2330.0,0.5,5060.595,-5050.595,-4951.595,1e-09,0.0,1
2340.0,0.5,5082.31,-5072.31,-4973.31,1e-09,0.0,1
2350.0,0.5,5104.025,-5094.025,-4995.025,1e-09,0.0,1
2360.0,0.5,5125.74,-5115.74,-5016.74,1e-09,0.0,1
2370.0,0.5,5147.455,-5137.455,-5038.455,1e-09,0.0,1
2380.0,0.5,5169.17,-5159.17,-5060.17,1e-09,0.0,1
2390.0,0.5,5190.885,-5180.885,-5081.885,1e-09,0.0,1
2400.0,0.5,5212.6,-5202.6,-5103.6,1e-09,0.0,1
2410.0,0.5,5234.315,-5224.315,-5125.315,1e-09,0.0,1
2420.0,0.5,5256.03,-5246.03,-5147.03,1e-09,0.0,1
2430.0,0.5,5277.745,-5267.745,-5168.745,1e-09,0.0,1
2440.0,0.5,5299.46,-5289.46,-5190.46,1e-09,0.0,1
2450.0,0.5,5321.175,-5311.175,-5212.175,1e-09,0.0,1
2460.0,0.5,5342.89,-5332.89,-5233.89,1e-09,0.0,1
2470.0,0.5,5364.605,-5354.605,-5255.605,1e-09,0.0,1
2480.0,0.5,5386.32,-5376.32,-5277.32,1e-09,0.0,1
2490.0,0.5,5408.035,-5398.035,-5299.035,1e-09,0.0,1
2500.0,0.5,5429.75,-5419.75,-5320.75,1e-09,0.0,1
2510.0,0.5,5451.465,-5441.465,-5342.465,1e-09,0.0,1
2520.0,0.5,5473.18,-5463.18,-5364.18,1e-09,0.0,1
2530.0,0.5,5494.8949999999995,-5484.8949999999995,-5385.8949999999995,1e-09,0.0,1
2540.0,0.5,5516.61,-5506.61,-5407.61,1e-09,0.0,1
2550.0,0.5,5538.325,-5528.325,-5429.325,1e-09,0.0,1
2560.0,0.5,5560.04,-5550.04,-5451.04,1e-09,0.0,1
2570.0,0.5,5581.755,-5571.755,-5472.755,1e-09,0.0,1
2580.0,0.5,5603.47,-5593.47,-5494.47,1e-09,0.0,1
2590.0,0.5,5625.185,-5615.185,-5516.185,1e-09,0.0,1
2600.0,0.5,5646.9,-5636.9,-5537.9,1e-09,0.0,1
2610.0,0.5,5668.615,-5658.615,-5559.615,1e-09,0.0,1
2620.0,0.5,5690.33,-5680.33,-5581.33,1e-09,0.0,1
2630.0,0.5,5712.045,-5702.045,-5603.045,1e-09,0.0,1
2640.0,0.5,5733.76,-5723.76,-5624.76,1e-09,0.0,1
2650.0,0.5,5755.475,-5745.475,-5646.475,1e-09,0.0,1
2660.0,0.5,5777.19,-5767.19,-5668.19,1e-09,0.0,1
2670.0,0.5,5798.905,-5788.905,-5689.905,1e-09,0.0,1
2680.0,0.5,5820.62,-5810.62,-5711.62,1e-09,0.0,1
2690.0,0.5,5842.335,-5832.335,-5733.335,1e-09,0.0,1
2700.0,0.5,5864.05,-5854.05,-5755.05,1e-09,0.0,1
2710.0,0.5,5885.765,-5875.765,-5776.765,1e-09,0.0,1
2720.0,0.5,5907.48,-5897.48,-5798.48,1e-09,0.0,1
2730.0,0.5,5929.195,-5919.195,-5820.195,1e-09,0.0,1
2740.0,0.5,5950.91,-5940.91,-5841.91,1e-09,0.0,1
2750.0,0.5,5972.625,-5962.625,-5863.625,1e-09,0.0,1
2760.0,0.5,5994.34,-5984.34,-5885.34,1e-09,0.0,1
2770.0,0.5,6016.055,-6006.055,-5907.055,1e-09,0.0,1
2780.0,0.5,6037.7699999999995,-6027.7699999999995,-5928.7699999999995,1e-09,0.0,1
2790.0,0.5,6059.485,-6049.485,-5950.485,1e-09,0.0,1
2800.0,0.5,6081.2,-6071.2,-5972.2,1e-09,0.0,1
2810.0,0.5,6102.915,-6092.915,-5993.915,1e-09,0.0,1
2820.0,0.5,6124.63,-6114.63,-6015.63,1e-09,0.0,1
2830.0,0.5,6146.345,-6136.345,-6037.345,1e-09,0.0,1
2840.0,0.5,6168.06,-6158.06,-6059.06,1e-09,0.0,1
2850.0,0.5,6189.775,-6179.775,-6080.775,1e-09,0.0,1
2860.0,0.5,6211.49,-6201.49,-6102.49,1e-09,0.0,1
2870.0,0.5,6233.205,-6223.205,-6124.205,1e-09,0.0,1
2880.0,0.5,6254.92,-6244.92,-6145.92,1e-09,0.0,1
2890.0,0.5,6276.635,-6266.635,-6167.635,1e-09,0.0,1
2900.0,0.5,6298.35,-6288.35,-6189.35,1e-09,0.0,1
2910.0,0.5,6320.065,-6310.065,-6211.065,1e-09,0.0,1
2920.0,0.5,6341.78,-6331.78,-6232.78,1e-09,0.0,1
2930.0,0.5,6363.495,-6353.495,-6254.495,1e-09,0.0,1
2940.0,0.5,6385.21,-6375.21,-6276.21,1e-09,0.0,1
2950.0,0.5,6406.925,-6396.925,-6297.925,1e-09,0.0,1
2960.0,0.5,6428.64,-6418.64,-6319.64,1e-09,0.0,1
2970.0,0.5,6450.355,-6440.355,-6341.355,1e-09,0.0,1
2980.0,0.5,6472.07,-6462.07,-6363.07,1e-09,0.0,1
2990.0,0.5,6493.785,-6483.785,-6384.785,1e-09,0.0,1
3000.0,0.5,6515.5,-6505.5,-6406.5,1e-09,0.0,1
3010.0,0.5,6537.215,-6527.215,-6428.215,1e-09,0.0,1
3020.0,0.5,6558.93,-6548.93,-6449.93,1e-09,0.0,1
3030.0,0.5,6580.6449999999995,-6570.6449999999995,-6471.6449999999995,1e-09,0.0,1
3040.0,0.5,6602.36,-6592.36,-6493.36,1e-09,0.0,1
3050.0,0.5,6624.075,-6614.075,-6515.075,1e-09,0.0,1
3060.0,0.5,6645.79,-6635.79,-6536.79,1e-09,0.0,1
3070.0,0.5,6667.505,-6657.505,-6558.505,1e-09,0.0,1
3080.0,0.5,6689.22,-6679.22,-6580.22,1e-09,0.0,1
3090.0,0.5,6710.935,-6700.935,-6601.935,1e-09,0.0,1
3100.0,0.5,6732.65,-6722.65,-6623.65,1e-09,0.0,1
3110.0,0.5,6754.365,-6744.365,-6645.365,1e-09,0.0,1
3120.0,0.5,6776.08,-6766.08,-6667.08,1e-09,0.0,1
3130.0,0.5,6797.795,-6787.795,-6688.795,1e-09,0.0,1
3140.0,0.5,6819.51,-6809.51,-6710.51,1e-09,0.0,1
3150.0,0.5,6841.225,-6831.225,-6732.225,1e-09,0.0,1
3160.0,0.5,6862.94,-6852.94,-6753.94,1e-09,0.0,1
3170.0,0.5,6884.655,-6874.655,-6775.655,1e-09,0.0,1
3180.0,0.5,6906.37,-6896.37,-6797.37,1e-09,0.0,1
3190.0,0.5,6928.085,-6918.085,-6819.085,1e-09,0.0,1
3200.0,0.5,6949.8,-6939.8,-6840.8,1e-09,0.0,1
3210.0,0.5,6971.515,-6961.515,-6862.515,1e-09,0.0,1
3220.0,0.5,6993.23,-6983.23,-6884.23,1e-09,0.0,1
3230.0,0.5,7014.945,-7004.945,-6905.945,1e-09,0.0,1
3240.0,0.5,7036.66,-7026.66,-6927.66,1e-09,0.0,1
3250.0,0.5,7058.375,-7048.375,-6949.375,1e-09,0.0,1
3260.0,0.5,7080.09,-7070.09,-6971.09,1e-09,0.0,1
3270.0,0.5,7101.805,-7091.805,-6992.805,1e-09,0.0,1
3280.0,0.5,7123.5199999999995,-7113.5199999999995,-7014.5199999999995,1e-09,0.0,1
3290.0,0.5,7145.235,-7135.235,-7036.235,1e-09,0.0,1
3300.0,0.5,7166.95,-7156.95,-7057.95,1e-09,0.0,1
3310.0,0.5,7188.665,-7178.665,-7079.665,1e-09,0.0,1
3320.0,0.5,7210.38,-7200.38,-7101.38,1e-09,0.0,1
3330.0,0.5,7232.095,-7222.095,-7123.095,1e-09,0.0,1
3340.0,0.5,7253.81,-7243.81,-7144.81,1e-09,0.0,1
3350.0,0.5,7275.525,-7265.525,-7166.525,1e-09,0.0,1
3360.0,0.5,7297.24,-7287.24,-7188.24,1e-09,0.0,1
3370.0,0.5,7318.955,-7308.955,-7209.955,1e-09,0.0,1
3380.0,0.5,7340.67,-7330.67,-7231.67,1e-09,0.0,1
3390.0,0.5,7362.385,-7352.385,-7253.385,1e-09,0.0,1
3400.0,0.5,7384.1,-7374.1,-7275.1,1e-09,0.0,1
3410.0,0.5,7405.815,-7395.815,-7296.815,1e-09,0.0,1
3420.0,0.5,7427.53,-7417.53,-7318.53,1e-09,0.0,1
3430.0,0.5,7449.245,-7439.245,-7340.245,1e-09,0.0,1
3440.0,0.5,7470.96,-7460.96,-7361.96,1e-09,0.0,1
3450.0,0.5,7492.675,-7482.675,-7383.675,1e-09,0.0,1
3460.0,0.5,7514.39,-7504.39,-7405.39,1e-09,0.0,1
3470.0,0.5,7536.105,-7526.105,-7427.105,1e-09,0.0,1
3480.0,0.5,7557.82,-7547.82,-7448.82,1e-09,0.0,1
3490.0,0.5,7579.535,-7569.535,-7470.535,1e-09,0.0,1
3500.0,0.5,7601.25,-7591.25,-7492.25,1e-09,0.0,1
3510.0,0.5,7622.965,-7612.965,-7513.965,1e-09,0.0,1
3520.0,0.5,7644.68,-7634.68,-7535.68,1e-09,0.0,1
3530.0,0.5,7666.3949999999995,-7656.3949999999995,-7557.3949999999995,1e-09,0.0,1
3540.0,0.5,7688.11,-7678.11,-7579.11,1e-09,0.0,1
3550.0,0.5,7709.825,-7699.825,-7600.825,1e-09,0.0,1
3560.0,0.5,7731.54,-7721.54,-7622.54,1e-09,0.0,1
3570.0,0.5,7753.255,-7743.255,-7644.255,1e-09,0.0,1
3580.0,0.5,7774.97,-7764.97,-7665.97,1e-09,0.0,1
3590.0,0.5,7796.685,-7786.685,-7687.685,1e-09,0.0,1
3600.0,0.5,7818.4,-7808.4,-7709.4,1e-09,0.0,1
3610.0,0.5,7840.115,-7830.115,-7731.115,1e-09,0.0,1
3620.0,0.5,7861.83,-7851.83,-7752.83,1e-09,0.0,1
3630.0,0.5,7883.545,-7873.545,-7774.545,1e-09,0.0,1
3640.0,0.5,7905.26,-7895.26,-7796.26,1e-09,0.0,1
3650.0,0.5,7926.975,-7916.975,-7817.975,1e-09,0.0,1
3660.0,0.5,7948.69,-7938.69,-7839.69,1e-09,0.0,1
3670.0,0.5,7970.405,-7960.405,-7861.405,1e-09,0.0,1
3680.0,0.5,7992.12,-7982.12,-7883.12,1e-09,0.0,1
3690.0,0.5,8013.835,-8003.835,-7904.835,1e-09,0.0,1
3700.0,0.5,8035.55,-8025.55,-7926.55,1e-09,0.0,1
3710.0,0.5,8057.265,-8047.265,-7948.265,1e-09,0.0,1
3720.0,0.5,8078.98,-8068.98,-7969.98,1e-09,0.0,1
3730.0,0.5,8100.695,-8090.695,-7991.695,1e-09,0.0,1
3740.0,0.5,8122.41,-8112.41,-8013.41,1e-09,0.0,1
3750.0,0.5,8144.125,-8134.125,-8035.125,1e-09,0.0,1
3760.0,0.5,8165.84,-8155.84,-8056.84,1e-09,0.0,1
3770.0,0.5,8187.555,-8177.555,-8078.555,1e-09,0.0,1
3780.0,0.5,8209.27,-8199.27,-8100.27,1e-09,0.0,1
3790.0,0.5,8230.985,-8220.985,-8121.985000000001,1e-09,0.0,1
3800.0,0.5,8252.7,-8242.7,-8143.700000000001,1e-09,0.0,1
3810.0,0.5,8274.414999999999,-8264.414999999999,-8165.414999999999,1e-09,0.0,1
3820.0,0.5,8296.13,-8286.13,-8187.129999999999,1e-09,0.0,1
3830.0,0.5,8317.845,-8307.845,-8208.845,1e-09,0.0,1
3840.0,0.5,8339.56,-8329.56,-8230.56,1e-09,0.0,1
3850.0,0.5,8361.275,-8351.275,-8252.275,1e-09,0.0,1
3860.0,0.5,8382.99,-8372.99,-8273.99,1e-09,0.0,1
3870.0,0.5,8404.705,-8394.705,-8295.705,1e-09,0.0,1
3880.0,0.5,8426.42,-8416.42,-8317.42,1e-09,0.0,1
3890.0,0.5,8448.135,-8438.135,-8339.135,1e-09,0.0,1
3900.0,0.5,8469.85,-8459.85,-8360.85,1e-09,0.0,1
3910.0,0.5,8491.565,-8481.565,-8382.565,1e-09,0.0,1
3920.0,0.5,8513.28,-8503.28,-8404.28,1e-09,0.0,1
3930.0,0.5,8534.995,-8524.995,-8425.995,1e-09,0.0,1
3940.0,0.5,8556.71,-8546.71,-8447.71,1e-09,0.0,1
3950.0,0.5,8578.425,-8568.425,-8469.425,1e-09,0.0,1
3960.0,0.5,8600.14,-8590.14,-8491.14,1e-09,0.0,1
3970.0,0.5,8621.855,-8611.855,-8512.855,1e-09,0.0,1
3980.0,0.5,8643.57,-8633.57,-8534.57,1e-09,0.0,1
3990.0,0.5,8665.285,-8655.285,-8556.285,1e-09,0.0,1
4000.0,0.5,8687.0,-8677.0,-8578.0,1e-09,0.0,1
