distance_m,distance_km,L_atm_dB,L_turb_dB,L_point_dB,L_total_dB,SNR_dB,Eb_J,capacity_bps,outage_flag_cap
10.0,0.01,0.09262638539238852,0.0001862854583139551,0.30962284345742963,0.40243551430813207,88.59756448569186,1.0000000000000001e-11,29431473862.35405,0
20.0,0.02,0.18525277078477703,0.0006638459040810576,0.30962284345742963,0.4955394601462877,88.50446053985371,1.0000000000000001e-11,29400545401.054764,0
30.0,0.03,0.2778791561771655,0.0013960509064203284,0.30962284345742963,0.5888980505410155,88.41110194945898,1.0000000000000001e-11,29369532348.665867,0
40.0,0.04,0.37050554156955406,0.002365677859954058,0.30962284345742963,0.6824940628869378,88.31750593711305,1.0000000000000001e-11,29338440426.413048,0
50.0,0.05,0.4631319269619426,0.0035614263087947774,0.30962284345742963,0.7763161967281671,88.22368380327183,1.0000000000000001e-11,29307273388.226513,0
60.0,0.06,0.555758312354331,0.004974959851955172,0.30962284345742963,0.8703561156637158,88.12964388433629,1.0000000000000001e-11,29276034003.39876,0
70.0,0.07,0.6483846977467197,0.006599717732420001,0.30962284345742963,0.9646072589365693,88.03539274106343,1.0000000000000001e-11,29244724451.36612,0
80.0,0.08,0.7410110831391081,0.00843031749186535,0.30962284345742963,1.059064244088403,87.9409357559116,1.0000000000000001e-11,29213346520.14256,0
90.0,0.09,0.8336374685314967,0.010462212944346417,0.30962284345742963,1.1537225249332728,87.84627747506673,1.0000000000000001e-11,29181901719.9384,0
100.0,0.1,0.9262638539238852,0.012691480533027325,0.30962284345742963,1.2485781779143421,87.75142182208566,1.0000000000000001e-11,29150391354.131042,0
110.0,0.11,1.0188902393162738,0.015114677231692408,0.30962284345742963,1.3436277600053956,87.65637223999461,1.0000000000000001e-11,29118816566.46906,0
120.0,0.12,1.111516624708662,0.017728741419627828,0.30962284345742963,1.4388682095857197,87.56113179041428,1.0000000000000001e-11,29087178374.00087,0
130.0,0.13,1.2041430101010508,0.02053092109260806,0.30962284345742963,1.5342967746510885,87.4657032253489,1.0000000000000001e-11,29055477690.922523,0
140.0,0.14,1.2967693954934394,0.023518720271603444,0.30962284345742963,1.6299109592224723,87.37008904077753,1.0000000000000001e-11,29023715346.380344,0
150.0,0.15,1.3893957808858277,0.02668985798214444,0.30962284345742963,1.7257084823254019,87.2742915176746,1.0000000000000001e-11,28991892098.09768,0
160.0,0.16,1.4820221662782163,0.03004223618807681,0.30962284345742963,1.8216872459237226,87.17831275407627,1.0000000000000001e-11,28960008643.027084,0
170.0,0.17,1.5746485516706048,0.033573914271274125,0.30962284345742963,1.9178453093993086,87.08215469060069,1.0000000000000001e-11,28928065625.827984,0
180.0,0.18,1.6672749370629933,0.03728308840411878,0.30962284345742963,2.0141808689245417,86.98581913107546,1.0000000000000001e-11,28896063645.718987,0
190.0,0.19,1.759901322455382,0.04116807465001436,0.30962284345742963,2.110692240562826,86.88930775943717,1.0000000000000001e-11,28864003262.09175,0
200.0,0.2,1.8525277078477704,0.04522729495270993,0.30962284345742963,2.20737784625791,86.79262215374209,1.0000000000000001e-11,28831884999.165253,0
210.0,0.21,1.9451540932401588,0.049459265397551896,0.30962284345742963,2.30423620209514,86.69576379790486,1.0000000000000001e-11,28799709349.885323,0
220.0,0.22,2.0377804786325475,0.053862586283278356,0.30962284345742963,2.4012659083732557,86.59873409162674,1.0000000000000001e-11,28767476779.222683,0
230.0,0.23,2.130406864024936,0.058435933653812666,0.30962284345742963,2.4984656411361783,86.50153435886382,1.0000000000000001e-11,28735187726.986073,0
240.0,0.24,2.223033249417324,0.0631780520199505,0.30962284345742963,2.595834144894704,86.40416585510529,1.0000000000000001e-11,28702842610.240017,0
250.0,0.25,2.315659634809713,0.06808774806022169,0.30962284345742963,2.6933702263273642,86.30662977367264,1.0000000000000001e-11,28670441825.397373,0
260.0,0.26,2.4082860202021017,0.07316388513457932,0.30962284345742963,2.791072748794111,86.20892725120589,1.0000000000000001e-11,28637985750.04184,0
270.0,0.27,2.50091240559449,0.07840537847827303,0.30962284345742963,2.888940627530193,86.11105937246981,1.0000000000000001e-11,28605474744.524506,0
280.0,0.28,2.593538790986879,0.08381119096908952,0.30962284345742963,2.9869728254133983,86.0130271745866,1.0000000000000001e-11,28572909153.36997,0
290.0,0.29,2.6861651763792667,0.08938032938120039,0.30962284345742963,3.0851683492178967,85.9148316507821,1.0000000000000001e-11,28540289306.520763,0
300.0,0.3,2.7787915617716554,0.09511184105456212,0.30962284345742963,3.1835262462836473,85.81647375371635,1.0000000000000001e-11,28507615520.443737,0
310.0,0.31,2.871417947164044,0.10100481092126307,0.30962284345742963,3.282045601542737,85.71795439845727,1.0000000000000001e-11,28474888099.117935,0
320.0,0.32,2.9640443325564325,0.1070583588401064,0.30962284345742963,3.3807255348539687,85.61927446514603,1.0000000000000001e-11,28442107334.91999,0
330.0,0.33,3.0566707179488213,0.11327163719871847,0.30962284345742963,3.4795651986049694,85.52043480139503,1.0000000000000001e-11,28409273509.420685,0
340.0,0.34,3.1492971033412096,0.11964382874892916,0.30962284345742963,3.5785637755475683,85.42143622445244,1.0000000000000001e-11,28376386894.10405,0
350.0,0.35,3.241923488733598,0.12617414464644094,0.30962284345742963,3.6777204768374685,85.32227952316254,1.0000000000000001e-11,28343447751.01854,0
360.0,0.36,3.3345498741259867,0.1328618226701688,0.30962284345742963,3.7770345402535854,85.22296545974642,1.0000000000000001e-11,28310456333.368584,0
370.0,0.37,3.427176259518375,0.13970612560015336,0.30962284345742963,3.876505228575958,85.12349477142405,1.0000000000000001e-11,28277412886.053402,0
380.0,0.38,3.519802644910764,0.14670633973601355,0.30962284345742963,3.976131828104207,85.0238681718958,1.0000000000000001e-11,28244317646.159203,0
390.0,0.39,3.612429030303152,0.15386177354030278,0.30962284345742963,4.075913647300885,84.92408635269912,1.0000000000000001e-11,28211170843.409813,0
400.0,0.4,3.705055415695541,0.16117175639329714,0.30962284345742963,4.175850015546268,84.82414998445373,1.0000000000000001e-11,28177972700.58035,0
410.0,0.41,3.797681801087929,0.16863563744746357,0.30962284345742963,4.275940281992822,84.72405971800718,1.0000000000000001e-11,28144723433.877754,0
420.0,0.42,3.8903081864803175,0.17625278457136626,0.30962284345742963,4.376183814509113,84.62381618549088,1.0000000000000001e-11,28111423253.291603,0
430.0,0.43,3.9829345718727063,0.18402258337404345,0.30962284345742963,4.476579998704179,84.52342000129582,1.0000000000000001e-11,28078072362.918243,0
440.0,0.44,4.075560957265095,0.19194443630198477,0.30962284345742963,4.577128237024509,84.42287176297549,1.0000000000000001e-11,28044670961.260723,0
450.0,0.45,4.168187342657483,0.20001776180174186,0.30962284345742963,4.677827947916654,84.32217205208335,1.0000000000000001e-11,28011219241.50699,0
460.0,0.46,4.260813728049872,0.20824199354206085,0.30962284345742963,4.778678565049362,84.22132143495064,1.0000000000000001e-11,27977717391.78829,0
470.0,0.47,4.35344011344226,0.21661657969007297,0.30962284345742963,4.879679536589762,84.12032046341024,1.0000000000000001e-11,27944165595.419613,0
480.0,0.48,4.446066498834648,0.22514098223670953,0.30962284345742963,4.980830324528787,84.01916967547122,1.0000000000000001e-11,27910564031.12379,0
490.0,0.49,4.5386928842270375,0.2338146763670389,0.30962284345742963,5.082130404051505,83.91786959594849,1.0000000000000001e-11,27876912873.240654,0
500.0,0.5,4.631319269619426,0.2426371498716545,0.30962284345742963,5.18357926294851,83.81642073705149,1.0000000000000001e-11,27843212291.92256,0
510.0,0.51,4.723945655011814,0.2516079025956755,0.30962284345742963,5.285176401064919,83.71482359893508,1.0000000000000001e-11,27809462453.317474,0
520.0,0.52,4.816572040404203,0.2607264459222538,0.30962284345742963,5.3869213297838865,83.61307867021611,1.0000000000000001e-11,27775663519.74047,0
530.0,0.53,4.909198425796592,0.2699923022877979,0.30962284345742963,5.488813571541819,83.51118642845819,1.0000000000000001e-11,27741815649.83485,0
540.0,0.54,5.00182481118898,0.27940500472640567,0.30962284345742963,5.590852659372815,83.40914734062719,1.0000000000000001e-11,27707918998.723408,0
550.0,0.55,5.094451196581369,0.28896409644122856,0.30962284345742963,5.693038136480027,83.30696186351997,1.0000000000000001e-11,27673973718.150887,0
560.0,0.56,5.187077581973758,0.2986691304007091,0.30962284345742963,5.795369555831896,83.2046304441681,1.0000000000000001e-11,27639979956.61805,0
570.0,0.57,5.279703967366145,0.3085196689578324,0.30962284345742963,5.897846479781407,83.1021535202186,1.0000000000000001e-11,27605937859.508198,0
580.0,0.58,5.372330352758533,0.3185152834906898,0.30962284345742963,6.000468479706653,82.99953152029335,1.0000000000000001e-11,27571847569.20655,0
590.0,0.59,5.4649567381509225,0.32865555406282054,0.30962284345742963,6.103235135671173,82.89676486432883,1.0000000000000001e-11,27537709225.213093,0
600.0,0.6,5.557583123543311,0.33894006910190744,0.30962284345742963,6.2061460361026475,82.79385396389735,1.0000000000000001e-11,27503522964.249294,0
610.0,0.61,5.650209508935699,0.3493684250955689,0.30962284345742963,6.309200777488697,82.6907992225113,1.0000000000000001e-11,27469288920.359196,0
620.0,0.62,5.742835894328088,0.359940226303042,0.30962284345742963,6.41239896408856,82.58760103591143,1.0000000000000001e-11,27435007225.005146,0
630.0,0.63,5.835462279720477,0.37065508448170553,0.30962284345742963,6.515740207659611,82.4842597923404,1.0000000000000001e-11,27400678007.158684,0
640.0,0.64,5.928088665112865,0.38151261862743713,0.30962284345742963,6.6192241271977315,82.38077587280227,1.0000000000000001e-11,27366301393.386757,0
650.0,0.65,6.020715050505254,0.3925124547279103,0.30962284345742963,6.722850348690594,82.2771496513094,1.0000000000000001e-11,27331877507.933697,0
660.0,0.66,6.113341435897643,0.40365422552798524,0.30962284345742963,6.826618504883057,82.17338149511694,1.0000000000000001e-11,27297406472.799164,0
670.0,0.67,6.205967821290031,0.41493757030643486,0.30962284345742963,6.930528235053895,82.0694717649461,1.0000000000000001e-11,27262888407.812294,0
680.0,0.68,6.298594206682419,0.4263621346632918,0.30962284345742963,7.034579184803141,81.96542081519686,1.0000000000000001e-11,27228323430.702343,0
690.0,0.69,6.3912205920748075,0.437927570317156,0.30962284345742963,7.138771005849393,81.86122899415061,1.0000000000000001e-11,27193711657.166035,0
700.0,0.7,6.483846977467196,0.4496335349118731,0.30962284345742963,7.243103355836499,81.7568966441635,1.0000000000000001e-11,27159053200.93177,0
710.0,0.71,6.576473362859584,0.4614796918320022,0.30962284345742963,7.347575898149016,81.65242410185098,1.0000000000000001e-11,27124348173.82093,0
720.0,0.72,6.669099748251973,0.47346571002656884,0.30962284345742963,7.452188301735972,81.54781169826403,1.0000000000000001e-11,27089596685.806435,0
730.0,0.73,6.761726133644362,0.4855912638406195,0.30962284345742963,7.556940240942411,81.44305975905759,1.0000000000000001e-11,27054798845.06867,0
740.0,0.74,6.85435251903675,0.4978560328541205,0.30962284345742963,7.6618313953483,81.3381686046517,1.0000000000000001e-11,27019954758.049034,0
750.0,0.75,6.946978904429139,0.510259701727794,0.30962284345742963,7.766861449614362,81.23313855038563,1.0000000000000001e-11,26985064529.501144,0
760.0,0.76,7.039605289821528,0.5228019600555024,0.30962284345742963,7.872030093334459,81.12796990666554,1.0000000000000001e-11,26950128262.53986,0
770.0,0.77,7.132231675213916,0.5354825022228128,0.30962284345742963,7.977337020894158,81.02266297910585,1.0000000000000001e-11,26915146058.688282,0
780.0,0.78,7.224858060606304,0.5483010272714185,0.30962284345742963,8.082781931335152,80.91721806866485,1.0000000000000001e-11,26880118017.92277,0
790.0,0.79,7.317484445998693,0.5612572387690886,0.30962284345742963,8.188364528225211,80.81163547177479,1.0000000000000001e-11,26845044238.716187,0
800.0,0.8,7.410110831391082,0.5743508446848613,0.30962284345742963,8.294084519533373,80.70591548046663,1.0000000000000001e-11,26809924818.07931,0
810.0,0.81,7.50273721678347,0.5875815572692074,0.30962284345742963,8.399941617510107,80.60005838248989,1.0000000000000001e-11,26774759851.60066,0
820.0,0.82,7.595363602175858,0.6009490929388974,0.30962284345742963,8.505935538572185,80.49406446142781,1.0000000000000001e-11,26739549433.48476,0
830.0,0.83,7.687989987568247,0.6144531721663428,0.30962284345742963,8.61206600319202,80.38793399680799,1.0000000000000001e-11,26704293656.588882,0
840.0,0.84,7.780616372960635,0.6280935193731807,0.30962284345742963,8.718332735791245,80.28166726420875,1.0000000000000001e-11,26668992612.458374,0
850.0,0.85,7.873242758353023,0.6418698628278895,0.30962284345742963,8.824735464638342,80.17526453536166,1.0000000000000001e-11,26633646391.360756,0
860.0,0.86,7.9658691437454126,0.6557819345472367,0.30962284345742963,8.931273921750078,80.06872607824992,1.0000000000000001e-11,26598255082.318325,0
870.0,0.87,8.0584955291378,0.6698294702013806,0.30962284345742963,9.03794784279661,79.96205215720339,1.0000000000000001e-11,26562818773.13982,0
880.0,0.88,8.15112191453019,0.6840122090224328,0.30962284345742963,9.144756967010052,79.85524303298995,1.0000000000000001e-11,26527337550.450687,0
890.0,0.89,8.243748299922578,0.6983298937163347,0.30962284345742963,9.25170103709634,79.74829896290366,1.0000000000000001e-11,26491811499.722424,0
900.0,0.9,8.336374685314967,0.7127822703778857,0.30962284345742963,9.358779799150282,79.64122020084972,1.0000000000000001e-11,26456240705.30077,0
910.0,0.91,8.429001070707356,0.7273690884087685,0.30962284345742963,9.465993002573553,79.53400699742645,1.0000000000000001e-11,26420625250.432945,0
920.0,0.92,8.521627456099743,0.742090100438444,0.30962284345742963,9.573340399995617,79.42665960000438,1.0000000000000001e-11,26384965217.29394,0
930.0,0.93,8.614253841492133,0.7569450622477862,0.30962284345742963,9.680821747197347,79.31917825280266,1.0000000000000001e-11,26349260687.011887,0
940.0,0.94,8.70688022688452,0.7719337326953214,0.30962284345742963,9.788436803037271,79.21156319696273,1.0000000000000001e-11,26313511739.69252,0
950.0,0.95,8.79950661227691,0.7870558736459683,0.30962284345742963,9.896185329380307,79.1038146706197,1.0000000000000001e-11,26277718454.442913,0
960.0,0.96,8.892132997669297,0.8023112499021646,0.30962284345742963,10.00406709102889,78.99593290897111,1.0000000000000001e-11,26241880909.3943,0
970.0,0.97,8.984759383061686,0.8176996291372723,0.30962284345742963,10.112081855656388,78.88791814434362,1.0000000000000001e-11,26205999181.724243,0
980.0,0.98,9.077385768454075,0.8332207818311714,0.30962284345742963,10.220229393742676,78.77977060625733,1.0000000000000001e-11,26170073347.678,0
990.0,0.99,9.170012153846463,0.848874481207938,0.30962284345742963,10.32850947851183,78.67149052148817,1.0000000000000001e-11,26134103482.589233,0
1000.0,1.0,9.262638539238852,0.8646605031755293,0.30962284345742963,10.43692188587181,78.56307811412819,1.0000000000000001e-11,26098089660.90005,0
1010.0,1.01,9.355264924631241,0.8805786262673851,0.30962284345742963,10.545466394356055,78.45453360564395,1.0000000000000001e-11,26062031956.180405,0
1020.0,1.02,9.447891310023628,0.8966286315858683,0.30962284345742963,10.654142785066925,78.34585721493308,1.0000000000000001e-11,26025930441.146885,0
1030.0,1.03,9.540517695416018,0.9128103027474666,0.30962284345742963,10.762950841620913,78.23704915837908,1.0000000000000001e-11,25989785187.680897,0
1040.0,1.04,9.633144080808407,0.9291234258296909,0.30962284345742963,10.871890350095526,78.12810964990447,1.0000000000000001e-11,25953596266.846355,0
1050.0,1.05,9.725770466200794,0.9455677893195903,0.30962284345742963,10.980961098977813,78.01903890102218,1.0000000000000001e-11,25917363748.906723,0
1060.0,1.06,9.818396851593183,0.9621431840638329,0.30962284345742963,11.090162879114446,77.90983712088556,1.0000000000000001e-11,25881087703.34164,0
1070.0,1.07,9.911023236985573,0.9788494032202806,0.30962284345742963,11.199495483663283,77.80050451633672,1.0000000000000001e-11,25844768198.863003,0
1080.0,1.08,10.00364962237796,0.9956862422110018,0.30962284345742963,11.308958708046392,77.69104129195361,1.0000000000000001e-11,25808405303.430553,0
1090.0,1.09,10.09627600777035,1.0126534986766695,0.30962284345742963,11.418552349904449,77.58144765009555,1.0000000000000001e-11,25771999084.26705,0
1100.0,1.1,10.188902393162738,1.0297509724322875,0.30962284345742963,11.528276209052455,77.47172379094755,1.0000000000000001e-11,25735549607.872963,0
1110.0,1.11,10.281528778555126,1.0469784654241996,0.30962284345742963,11.638130087436755,77.36186991256325,1.0000000000000001e-11,25699056940.040764,0
1120.0,1.12,10.374155163947515,1.0643357816883252,0.30962284345742963,11.748113789093269,77.25188621090673,1.0000000000000001e-11,25662521145.86878,0
1130.0,1.13,10.4667815493399,1.0818227273095837,0.30962284345742963,11.858227120106914,77.14177287989308,1.0000000000000001e-11,25625942289.774715,0
1140.0,1.14,10.55940793473229,1.0994391103824572,0.30962284345742963,11.968469888572177,77.03153011142783,1.0000000000000001e-11,25589320435.508713,0
1150.0,1.15,10.65203432012468,1.1171847409726583,0.30962284345742963,12.078841904554768,76.92115809544524,1.0000000000000001e-11,25552655646.166096,0
1160.0,1.16,10.744660705517067,1.1350594310798503,0.30962284345742963,12.189342980054347,76.81065701994565,1.0000000000000001e-11,25515947984.19976,0
1170.0,1.17,10.837287090909456,1.153062994601394,0.30962284345742963,12.299972928968279,76.70002707103173,1.0000000000000001e-11,25479197511.432236,0
1180.0,1.18,10.929913476301845,1.1711952472970781,0.30962284345742963,12.410731567056352,76.58926843294364,1.0000000000000001e-11,25442404289.067345,0
1190.0,1.19,11.022539861694232,1.1894560067547968,0.30962284345742963,12.52161871190646,76.47838128809354,1.0000000000000001e-11,25405568377.701683,0
1200.0,1.2,11.115166247086622,1.2078450923571493,0.30962284345742963,12.6326341829012,76.3673658170988,1.0000000000000001e-11,25368689837.335648,0
1210.0,1.21,11.207792632479011,1.2263623252489184,0.30962284345742963,12.74377780118536,76.25622219881464,1.0000000000000001e-11,25331768727.38428,0
1220.0,1.22,11.300419017871398,1.245007528305405,0.30962284345742963,12.855049389634232,76.14495061036577,1.0000000000000001e-11,25294805106.687775,0
1230.0,1.23,11.393045403263788,1.2637805261015918,0.30962284345742963,12.966448772822808,76.03355122717718,1.0000000000000001e-11,25257799033.521713,0
1240.0,1.24,11.485671788656177,1.282681144882095,0.30962284345742963,13.0779757769957,75.9220242230043,1.0000000000000001e-11,25220750565.607075,0
1250.0,1.25,11.578298174048564,1.3017092125318943,0.30962284345742963,13.189630230037888,75.81036976996211,1.0000000000000001e-11,25183659760.11992,0
1260.0,1.26,11.670924559440953,1.3208645585478027,0.30962284345742963,13.301411961446185,75.69858803855382,1.0000000000000001e-11,25146526673.7009,0
1270.0,1.27,11.763550944833343,1.3401470140106533,0.30962284345742963,13.413320802301426,75.58667919769857,1.0000000000000001e-11,25109351362.46449,0
1280.0,1.28,11.85617733022573,1.3595564115581924,0.30962284345742963,13.52535658524135,75.47464341475865,1.0000000000000001e-11,25072133882.00798,0
1290.0,1.29,11.94880371561812,1.3790925853586289,0.30962284345742963,13.637519144434178,75.36248085556582,1.0000000000000001e-11,25034874287.4203,0
1300.0,1.3,12.041430101010508,1.3987553710848526,0.30962284345742963,13.74980831555279,75.2501916844472,1.0000000000000001e-11,24997572633.290516,0
1310.0,1.31,12.134056486402896,1.418544605889269,0.30962284345742963,13.862223935749594,75.1377760642504,1.0000000000000001e-11,24960228973.716278,0
1320.0,1.32,12.226682871795285,1.4384601283792526,0.30962284345742963,13.974765843631967,75.02523415636803,1.0000000000000001e-11,24922843362.3119,0
1330.0,1.33,12.319309257187674,1.4585017785931866,0.30962284345742963,14.08743387923829,74.91256612076171,1.0000000000000001e-11,24885415852.216362,0
1340.0,1.34,12.411935642580062,1.4786693979770784,0.30962284345742963,14.20022788401457,74.79977211598543,1.0000000000000001e-11,24847946496.101063,0
1350.0,1.35,12.504562027972451,1.4989628293617252,0.30962284345742963,14.313147700791605,74.6868522992084,1.0000000000000001e-11,24810435346.17741,0
1360.0,1.36,12.597188413364838,1.5193819169404201,0.30962284345742963,14.426193173762687,74.57380682623732,1.0000000000000001e-11,24772882454.204235,0
1370.0,1.37,12.689814798757228,1.539926506247179,0.30962284345742963,14.539364148461836,74.46063585153817,1.0000000000000001e-11,24735287871.495014,0
1380.0,1.38,12.782441184149615,1.5605964441354718,0.30962284345742963,14.652660471742516,74.34733952825748,1.0000000000000001e-11,24697651648.924927,0
1390.0,1.39,12.875067569542002,1.5813915787574384,0.30962284345742963,14.76608199175687,74.23391800824314,1.0000000000000001e-11,24659973836.937813,0
1400.0,1.4,12.967693954934392,1.6023117595435905,0.30962284345742963,14.879628557935412,74.1203714420646,1.0000000000000001e-11,24622254485.55282,0
1410.0,1.41,13.060320340326781,1.6233568371829628,0.30962284345742963,14.993300020967173,74.00669997903283,1.0000000000000001e-11,24584493644.371098,0
1420.0,1.42,13.152946725719168,1.6445266636037177,0.30962284345742963,15.107096232780314,73.89290376721968,1.0000000000000001e-11,24546691362.582188,0
1430.0,1.43,13.245573111111558,1.6658210919541814,0.30962284345742963,15.22101704652317,73.77898295347683,1.0000000000000001e-11,24508847688.970333,0
1440.0,1.44,13.338199496503947,1.6872399765843025,0.30962284345742963,15.33506231654568,73.66493768345433,1.0000000000000001e-11,24470962671.920654,0
1450.0,1.45,13.430825881896334,1.7087831730275183,0.30962284345742963,15.449231898381282,73.55076810161871,1.0000000000000001e-11,24433036359.425125,0
1460.0,1.46,13.523452267288723,1.7304505379830204,0.30962284345742963,15.563525648729174,73.43647435127083,1.0000000000000001e-11,24395068799.088547,0
1470.0,1.47,13.616078652681113,1.7522419292984006,0.30962284345742963,15.677943425436943,73.32205657456305,1.0000000000000001e-11,24357060038.134235,0
1480.0,1.48,13.7087050380735,1.7741572059526813,0.30962284345742963,15.79248508748361,73.20751491251639,1.0000000000000001e-11,24319010123.409714,0
1490.0,1.49,13.80133142346589,1.7961962280397001,0.30962284345742963,15.90715049496302,73.09284950503698,1.0000000000000001e-11,24280919101.392197,0
1500.0,1.5,13.893957808858278,1.8183588567518547,0.30962284345742963,16.021939509067565,72.97806049093244,1.0000000000000001e-11,24242787018.194016,0
1510.0,1.51,13.986584194250666,1.840644954364188,0.30962284345742963,16.136851992072284,72.86314800792772,1.0000000000000001e-11,24204613919.567894,0
1520.0,1.52,14.079210579643055,1.863054384218815,0.30962284345742963,16.2518878073193,72.74811219268071,1.0000000000000001e-11,24166399850.912125,0
1530.0,1.53,14.171836965035443,1.8855870107096622,0.30962284345742963,16.367046819202535,72.63295318079747,1.0000000000000001e-11,24128144857.275642,0
1540.0,1.54,14.264463350427832,1.9082426992675412,0.30962284345742963,16.4823288931528,72.5176711068472,1.0000000000000001e-11,24089848983.36299,0
1550.0,1.55,14.357089735820221,1.9310213163455092,0.30962284345742963,16.59773389562316,72.40226610437684,1.0000000000000001e-11,24051512273.53916,0
1560.0,1.56,14.449716121212608,1.953922729404551,0.30962284345742963,16.71326169407459,72.28673830592541,1.0000000000000001e-11,24013134771.834396,0
1570.0,1.57,14.542342506604998,1.9769468068995368,0.30962284345742963,16.828912156961962,72.17108784303804,1.0000000000000001e-11,23974716521.948807,0
1580.0,1.58,14.634968891997387,2.000093418265468,0.30962284345742963,16.944685153720282,72.05531484627971,1.0000000000000001e-11,23936257567.256958,0
1590.0,1.59,14.727595277389774,2.023362433904005,0.30962284345742963,17.06058055475121,71.93941944524879,1.0000000000000001e-11,23897757950.81238,0
1600.0,1.6,14.820221662782163,2.0467537251702557,0.30962284345742963,17.176598231409848,71.82340176859014,1.0000000000000001e-11,23859217715.351906,0
1610.0,1.61,14.912848048174553,2.0702671643598336,0.30962284345742963,17.292738055991816,71.70726194400818,1.0000000000000001e-11,23820636903.30001,0
1620.0,1.62,15.00547443356694,2.0939026246961645,0.30962284345742963,17.408999901720534,71.59100009827947,1.0000000000000001e-11,23782015556.773006,0
1630.0,1.63,15.098100818959328,2.117659980318047,0.30962284345742963,17.525383642734806,71.47461635726519,1.0000000000000001e-11,23743353717.5832,0
1640.0,1.64,15.190727204351717,2.1415391062674525,0.30962284345742963,17.641889154076598,71.3581108459234,1.0000000000000001e-11,23704651427.24292,0
1650.0,1.65,15.283353589744104,2.1655398784775635,0.30962284345742963,17.7585163116791,71.2414836883209,1.0000000000000001e-11,23665908726.968513,0
1660.0,1.66,15.375979975136493,2.18966217376104,0.30962284345742963,17.875264992354964,71.12473500764503,1.0000000000000001e-11,23627125657.684242,0
1670.0,1.67,15.46860636052888,2.2139058697985106,0.30962284345742963,17.99213507378482,71.00786492621518,1.0000000000000001e-11,23588302260.026108,0
1680.0,1.68,15.56123274592127,2.238270845127284,0.30962284345742963,18.109126434505985,70.89087356549402,1.0000000000000001e-11,23549438574.34558,0
1690.0,1.69,15.65385913131366,2.2627569791302746,0.30962284345742963,18.226238953901362,70.77376104609864,1.0000000000000001e-11,23510534640.71332,0
1700.0,1.7,15.746485516706047,2.2873641520251278,0.30962284345742963,18.343472512188605,70.65652748781139,1.0000000000000001e-11,23471590498.92276,0
1710.0,1.71,15.839111902098436,2.312092244853563,0.30962284345742963,18.460826990409426,70.53917300959057,1.0000000000000001e-11,23432606188.493683,0
1720.0,1.72,15.931738287490825,2.3369411394709014,0.30962284345742963,18.578302270419154,70.42169772958084,1.0000000000000001e-11,23393581748.675644,0
1730.0,1.73,16.024364672883213,2.361910718535793,0.30962284345742963,18.695898234876434,70.30410176512356,1.0000000000000001e-11,23354517218.451447,0
1740.0,1.74,16.1169910582756,2.3870008655001302,0.30962284345742963,18.81361476723316,70.18638523276684,1.0000000000000001e-11,23315412636.54046,0
1750.0,1.75,16.20961744366799,2.4122114645991504,0.30962284345742963,18.93145175172457,70.06854824827543,1.0000000000000001e-11,23276268041.401936,0
1760.0,1.76,16.30224382906038,2.437542400841707,0.30962284345742963,19.049409073359516,69.95059092664049,1.0000000000000001e-11,23237083471.23821,0
1770.0,1.77,16.39487021445277,2.462993560000731,0.30962284345742963,19.167486617910928,69.83251338208908,1.0000000000000001e-11,23197858963.9979,0
1780.0,1.78,16.487496599845155,2.488564828603849,0.30962284345742963,19.285684271906433,69.71431572809357,1.0000000000000001e-11,23158594557.379013,0
1790.0,1.79,16.580122985237544,2.5142560939241765,0.30962284345742963,19.40400192261915,69.59599807738086,1.0000000000000001e-11,23119290288.832024,0
1800.0,1.8,16.672749370629933,2.5400672439712775,0.30962284345742963,19.52243945805864,69.47756054194136,1.0000000000000001e-11,23079946195.56284,0
1810.0,1.81,16.765375756022323,2.5659981674822734,0.30962284345742963,19.640996766962026,69.35900323303798,1.0000000000000001e-11,23040562314.535828,0
1820.0,1.82,16.858002141414712,2.592048753913115,0.30962284345742963,19.759673738785256,69.24032626121475,1.0000000000000001e-11,23001138682.476627,0
1830.0,1.83,16.9506285268071,2.618218893430009,0.30962284345742963,19.87847026369454,69.12152973630546,1.0000000000000001e-11,22961675335.875076,0
1840.0,1.84,17.043254912199487,2.6445084769009823,0.30962284345742963,19.997386232557897,69.0026137674421,1.0000000000000001e-11,22922172310.987995,0
1850.0,1.85,17.135881297591876,2.6709173958876056,0.30962284345742963,20.11642153693691,68.88357846306309,1.0000000000000001e-11,22882629643.841927,0
1860.0,1.86,17.228507682984265,2.697445542636849,0.30962284345742963,20.235576069078544,68.76442393092145,1.0000000000000001e-11,22843047370.235847,0
1870.0,1.87,17.321134068376654,2.7240928100730795,0.30962284345742963,20.35484972190716,68.64515027809284,1.0000000000000001e-11,22803425525.743847,0
1880.0,1.88,17.41376045376904,2.750859091790196,0.30962284345742963,20.474242389016666,68.52575761098333,1.0000000000000001e-11,22763764145.717724,0
1890.0,1.89,17.50638683916143,2.7777442820438965,0.30962284345742963,20.593753964662756,68.40624603533725,1.0000000000000001e-11,22724063265.28957,0
1900.0,1.9,17.59901322455382,2.8047482757440716,0.30962284345742963,20.71338434375532,68.28661565624468,1.0000000000000001e-11,22684322919.37431,0
1910.0,1.91,17.691639609946208,2.83187096844733,0.30962284345742963,20.833133421850967,68.16686657814904,1.0000000000000001e-11,22644543142.672176,0
1920.0,1.92,17.784265995338593,2.859112256349646,0.30962284345742963,20.95300109514567,68.04699890485433,1.0000000000000001e-11,22604723969.671154,0
1930.0,1.93,17.876892380730983,2.8864720362791285,0.30962284345742963,21.07298726046754,67.92701273953246,1.0000000000000001e-11,22564865434.64938,0
1940.0,1.94,17.96951876612337,2.9139502056889075,0.30962284345742963,21.193091815269707,67.80690818473029,1.0000000000000001e-11,22524967571.67755,0
1950.0,1.95,18.06214515151576,2.94154666265014,0.30962284345742963,21.31331465762333,67.68668534237668,1.0000000000000001e-11,22485030414.621212,0
1960.0,1.96,18.15477153690815,2.969261305845128,0.30962284345742963,21.433655686210706,67.5663443137893,1.0000000000000001e-11,22445053997.143044,0
1970.0,1.97,18.24739792230054,2.997094034560548,0.30962284345742963,21.554114800318516,67.44588519968148,1.0000000000000001e-11,22405038352.705166,0
1980.0,1.98,18.340024307692925,3.0250447486807897,0.30962284345742963,21.674691899831142,67.32530810016885,1.0000000000000001e-11,22364983514.57129,0
1990.0,1.99,18.432650693085314,3.053113348681401,0.30962284345742963,21.795386885224143,67.20461311477585,1.0000000000000001e-11,22324889515.80896,0
2000.0,2.0,18.525277078477703,3.0812997356226384,0.30962284345742963,21.916199657557772,67.08380034244223,1.0000000000000001e-11,22284756389.291668,0
2010.0,2.01,18.61790346387009,3.1096038111431197,0.30962284345742963,22.03713011847064,66.96286988152936,1.0000000000000001e-11,22244584167.70097,0
2020.0,2.02,18.710529849262482,3.138025477453577,0.30962284345742963,22.15817817017349,66.84182182982651,1.0000000000000001e-11,22204372883.528584,0
2030.0,2.03,18.803156234654868,3.1665646373307026,0.30962284345742963,22.279343715442998,66.72065628455701,1.0000000000000001e-11,22164122569.078438,0
2040.0,2.04,18.895782620047257,3.195221194111106,0.30962284345742963,22.400626657615792,66.59937334238421,1.0000000000000001e-11,22123833256.468655,0
2050.0,2.05,18.988409005439646,3.223995051685341,0.30962284345742963,22.522026900582414,66.47797309941758,1.0000000000000001e-11,22083504977.63358,0
2060.0,2.06,19.081035390832035,3.2528861144920516,0.30962284345742963,22.643544348781514,66.35645565121848,1.0000000000000001e-11,22043137764.325733,0
2070.0,2.07,19.17366177622442,3.28189428751219,0.30962284345742963,22.76517890719404,66.23482109280596,1.0000000000000001e-11,22002731648.117702,0
2080.0,2.08,19.266288161616814,3.3110194762633274,0.30962284345742963,22.88693048133757,66.11306951866243,1.0000000000000001e-11,21962286660.40406,0
2090.0,2.09,19.3589145470092,3.3402615867940555,0.30962284345742963,23.008798977260685,65.99120102273932,1.0000000000000001e-11,21921802832.40326,0
2100.0,2.1,19.45154093240159,3.369620525678468,0.30962284345742963,23.130784301537485,65.86921569846251,1.0000000000000001e-11,21881280195.159416,0
2110.0,2.11,19.544167317793978,3.3990962000107316,0.30962284345742963,23.25288636126214,65.74711363873786,1.0000000000000001e-11,21840718779.544174,0
2120.0,2.12,19.636793703186367,3.4286885173997335,0.30962284345742963,23.37510506404353,65.62489493595646,1.0000000000000001e-11,21800118616.25846,0
2130.0,2.13,19.729420088578753,3.4583973859638037,0.30962284345742963,23.497440317999985,65.50255968200001,1.0000000000000001e-11,21759479735.834274,0
2140.0,2.14,19.822046473971145,3.488222714325537,0.30962284345742963,23.619892031754112,65.38010796824588,1.0000000000000001e-11,21718802168.63638,0
2150.0,2.15,19.91467285936353,3.518164411606661,0.30962284345742963,23.742460114427622,65.25753988557238,1.0000000000000001e-11,21678085944.864063,0
2160.0,2.16,20.00729924475592,3.548222387423011,0.30962284345742963,23.86514447563636,65.13485552436364,1.0000000000000001e-11,21637331094.552757,0
2170.0,2.17,20.099925630148306,3.578396551879553,0.30962284345742963,23.98794502548529,65.01205497451471,1.0000000000000001e-11,21596537647.575768,0
2180.0,2.18,20.1925520155407,3.6086868155654965,0.30962284345742963,24.110861674563626,64.88913832543638,1.0000000000000001e-11,21555705633.64587,0
2190.0,2.19,20.285178400933084,3.63909308954947,0.30962284345742963,24.233894333939983,64.76610566606001,1.0000000000000001e-11,21514835082.316925,0
2200.0,2.2,20.377804786325477,3.6696152853747703,0.30962284345742963,24.357042915157677,64.64295708484232,1.0000000000000001e-11,21473926022.98547,0
2210.0,2.21,20.470431171717863,3.7002533150546775,0.30962284345742963,24.48030733022997,64.51969266977002,1.0000000000000001e-11,21432978484.892303,0
2220.0,2.22,20.563057557110252,3.731007091067836,0.30962284345742963,24.603687491635515,64.39631250836449,1.0000000000000001e-11,21391992497.124004,0
2230.0,2.23,20.655683942502638,3.7618765263537126,0.30962284345742963,24.72718331231378,64.27281668768622,1.0000000000000001e-11,21350968088.614468,0
2240.0,2.24,20.74831032789503,3.7928615343081002,0.30962284345742963,24.850794705660558,64.14920529433944,1.0000000000000001e-11,21309905288.14642,0
2250.0,2.25,20.840936713287416,3.823962028778703,0.30962284345742963,24.974521585523547,64.02547841447645,1.0000000000000001e-11,21268804124.352882,0
2260.0,2.26,20.9335630986798,3.855177924060775,0.30962284345742963,25.098363866198007,63.90163613380199,1.0000000000000001e-11,21227664625.718643,0
2270.0,2.27,21.026189484072194,3.8865091348928162,0.30962284345742963,25.22232146242244,63.77767853757756,1.0000000000000001e-11,21186486820.581684,0
2280.0,2.28,21.11881586946458,3.9179555764523437,0.30962284345742963,25.346394289374352,63.65360571062565,1.0000000000000001e-11,21145270737.13464,0
2290.0,2.29,21.21144225485697,3.9495171643517035,0.30962284345742963,25.470582262666102,63.5294177373339,1.0000000000000001e-11,21104016403.42616,0
2300.0,2.3,21.30406864024936,3.9811938146339516,0.30962284345742963,25.59488529834074,63.40511470165926,1.0000000000000001e-11,21062723847.36231,0
2310.0,2.31,21.396695025641748,4.012985443768792,0.30962284345742963,25.719303312867968,63.280696687132036,1.0000000000000001e-11,21021393096.707954,0
2320.0,2.32,21.489321411034133,4.044891968648565,0.30962284345742963,25.843836223140126,63.15616377685987,1.0000000000000001e-11,20980024179.08807,0
2330.0,2.33,21.581947796426526,4.07691330658429,0.30962284345742963,25.968483946468243,63.03151605353176,1.0000000000000001e-11,20938617121.989113,0
2340.0,2.34,21.67457418181891,4.109049375301771,0.30962284345742963,26.093246400578114,62.90675359942189,1.0000000000000001e-11,20897171952.760307,0
2350.0,2.35,21.7672005672113,4.141300092937748,0.30962284345742963,26.218123503606478,62.78187649639352,1.0000000000000001e-11,20855688698.614944,0
2360.0,2.36,21.85982695260369,4.173665378036097,0.30962284345742963,26.343115174097218,62.65688482590278,1.0000000000000001e-11,20814167386.63168,0
2370.0,2.37,21.95245333799608,4.206145149544092,0.30962284345742963,26.4682213309976,62.5317786690024,1.0000000000000001e-11,20772608043.75578,0
2380.0,2.38,22.045079723388465,4.238739326808702,0.30962284345742963,26.593441893654596,62.4065581063454,1.0000000000000001e-11,20731010696.800373,0
2390.0,2.39,22.137706108780858,4.271447829572955,0.30962284345742963,26.718776781811243,62.28122321818876,1.0000000000000001e-11,20689375372.447674,0
2400.0,2.4,22.230332494173243,4.3042705779723365,0.30962284345742963,26.84422591560301,62.155774084396995,1.0000000000000001e-11,20647702097.250233,0
2410.0,2.41,22.322958879565633,4.337207492531242,0.30962284345742963,26.969789215554304,62.0302107844457,1.0000000000000001e-11,20605990897.63208,0
2420.0,2.42,22.415585264958022,4.370258494159468,0.30962284345742963,27.09546660257492,61.904533397425084,1.0000000000000001e-11,20564241799.88997,0
2430.0,2.43,22.50821165035041,4.403423504148768,0.30962284345742963,27.22125799795661,61.77874200204339,1.0000000000000001e-11,20522454830.19452,0
2440.0,2.44,22.600838035742797,4.4367024441694305,0.30962284345742963,27.347163323369656,61.65283667663034,1.0000000000000001e-11,20480630014.591385,0
2450.0,2.45,22.69346442113519,4.470095236266913,0.30962284345742963,27.473182500859533,61.52681749914046,1.0000000000000001e-11,20438767379.00237,0
2460.0,2.46,22.786090806527575,4.503601802858526,0.30962284345742963,27.59931545284353,61.40068454715647,1.0000000000000001e-11,20396866949.226604,0
2470.0,2.47,22.878717191919964,4.537222066730141,0.30962284345742963,27.725562102107535,61.27443789789247,1.0000000000000001e-11,20354928750.94163,0
2480.0,2.48,22.971343577312354,4.570955951032964,0.30962284345742963,27.851922371802747,61.14807762819726,1.0000000000000001e-11,20312952809.70452,0
2490.0,2.49,23.063969962704743,4.604803379280328,0.30962284345742963,27.9783961854425,61.0216038145575,1.0000000000000001e-11,20270939150.95295,0
2500.0,2.5,23.15659634809713,4.638764275344541,0.30962284345742963,28.1049834668991,60.8950165331009,1.0000000000000001e-11,20228887800.006298,0
2510.0,2.51,23.249222733489514,4.67283856345377,0.30962284345742963,28.231684140400713,60.768315859599284,1.0000000000000001e-11,20186798782.066704,0
2520.0,2.52,23.341849118881907,4.707026168188968,0.30962284345742963,28.358498130528304,60.641501869471696,1.0000000000000001e-11,20144672122.22011,0
2530.0,2.53,23.434475504274292,4.7413270144808255,0.30962284345742963,28.48542536221255,60.51457463778745,1.0000000000000001e-11,20102507845.437332,0
2540.0,2.54,23.527101889666685,4.775741027606778,0.30962284345742963,28.612465760730892,60.38753423926911,1.0000000000000001e-11,20060305976.575066,0
2550.0,2.55,23.61972827505907,4.8102681331880435,0.30962284345742963,28.739619251704543,60.26038074829546,1.0000000000000001e-11,20018066540.376907,0
2560.0,2.56,23.71235466045146,4.844908257186691,0.30962284345742963,28.86688576109558,60.13311423890442,1.0000000000000001e-11,19975789561.474365,0
2570.0,2.57,23.804981045843846,4.8796613259027595,0.30962284345742963,28.994265215204035,60.00573478479596,1.0000000000000001e-11,19933475064.387886,0
2580.0,2.58,23.89760743123624,4.9145272659713966,0.30962284345742963,29.121757540665065,59.878242459334935,1.0000000000000001e-11,19891123073.52778,0
2590.0,2.59,23.990233816628624,4.94950600436004,0.30962284345742963,29.249362664446092,59.750637335553904,1.0000000000000001e-11,19848733613.195267,0
2600.0,2.6,24.082860202021017,4.984597468365639,0.30962284345742963,29.377080513844085,59.622919486155915,1.0000000000000001e-11,19806306707.583397,0
2610.0,2.61,24.175486587413403,5.0198015856119,0.30962284345742963,29.504911016482733,59.49508898351726,1.0000000000000001e-11,19763842380.778008,0
2620.0,2.62,24.268112972805792,5.05511828404657,0.30962284345742963,29.63285410030979,59.367145899690215,1.0000000000000001e-11,19721340656.758717,0
2630.0,2.63,24.360739358198177,5.090547491938753,0.30962284345742963,29.76090969359436,59.23909030640564,1.0000000000000001e-11,19678801559.399788,0
2640.0,2.64,24.45336574359057,5.126089137876255,0.30962284345742963,29.889077724924253,59.11092227507575,1.0000000000000001e-11,19636225112.471127,0
2650.0,2.65,24.545992128982956,5.161743150762974,0.30962284345742963,30.01735812320336,58.98264187679664,1.0000000000000001e-11,19593611339.639156,0
2660.0,2.66,24.63861851437535,5.1975094598163,0.30962284345742963,30.145750817649077,58.85424918235093,1.0000000000000001e-11,19550960264.467754,0
2670.0,2.67,24.731244899767734,5.233387994564563,0.30962284345742963,30.274255737789726,58.72574426221027,1.0000000000000001e-11,19508271910.41914,0
2680.0,2.68,24.823871285160124,5.269378684844506,0.30962284345742963,30.402872813462057,58.597127186537946,1.0000000000000001e-11,19465546300.85478,0
2690.0,2.69,24.91649767055251,5.305481460798786,0.30962284345742963,30.531601974808726,58.46839802519128,1.0000000000000001e-11,19422783459.036247,0
2700.0,2.7,25.009124055944902,5.3416962528735095,0.30962284345742963,30.660443152275842,58.339556847724154,1.0000000000000001e-11,19379983408.126137,0
2710.0,2.71,25.101750441337288,5.378022991815785,0.30962284345742963,30.7893962766105,58.2106037233895,1.0000000000000001e-11,19337146171.188923,0
2720.0,2.72,25.194376826729677,5.414461608671327,0.30962284345742963,30.918461278858434,58.08153872114157,1.0000000000000001e-11,19294271771.1918,0
2730.0,2.73,25.287003212122066,5.451012034782061,0.30962284345742963,31.047638090361556,57.95236190963844,1.0000000000000001e-11,19251360231.005558,0
2740.0,2.74,25.379629597514455,5.487674201783773,0.30962284345742963,31.176926642755657,57.82307335724434,1.0000000000000001e-11,19208411573.40545,0
2750.0,2.75,25.47225598290684,5.524448041603786,0.30962284345742963,31.306326867968057,57.69367313203195,1.0000000000000001e-11,19165425821.071987,0
2760.0,2.76,25.56488236829923,5.561333486458652,0.30962284345742963,31.43583869821531,57.564161301784694,1.0000000000000001e-11,19122402996.59181,0
2770.0,2.77,25.65750875369162,5.598330468851888,0.30962284345742963,31.565462066000936,57.43453793399907,1.0000000000000001e-11,19079343122.458508,0
2780.0,2.78,25.750135139084005,5.6354389215717156,0.30962284345742963,31.69519690411315,57.304803095886854,1.0000000000000001e-11,19036246221.07345,0
2790.0,2.79,25.842761524476398,5.672658777688854,0.30962284345742963,31.825043145622683,57.174956854377314,1.0000000000000001e-11,18993112314.746563,0
2800.0,2.8,25.935387909868783,5.709989970554305,0.30962284345742963,31.955000723880516,57.04499927611948,1.0000000000000001e-11,18949941425.69723,0
2810.0,2.81,26.028014295261173,5.747432433797196,0.30962284345742963,32.0850695725158,56.9149304274842,1.0000000000000001e-11,18906733576.054974,0
2820.0,2.82,26.120640680653562,5.784986101322627,0.30962284345742963,32.21524962543362,56.78475037456638,1.0000000000000001e-11,18863488787.860363,0
2830.0,2.83,26.21326706604595,5.822650907309546,0.30962284345742963,32.34554081681293,56.65445918318707,1.0000000000000001e-11,18820207083.06576,0
2840.0,2.84,26.305893451438337,5.860426786208643,0.30962284345742963,32.47594308110441,56.52405691889559,1.0000000000000001e-11,18776888483.536114,0
2850.0,2.85,26.39851983683073,5.898313672740293,0.30962284345742963,32.606456353028456,56.393543646971544,1.0000000000000001e-11,18733533011.049755,0
2860.0,2.86,26.491146222223115,5.936311501892481,0.30962284345742963,32.73708056757303,56.26291943242697,1.0000000000000001e-11,18690140687.299175,0
2870.0,2.87,26.583772607615504,5.974420208918786,0.30962284345742963,32.86781565999172,56.13218434000828,1.0000000000000001e-11,18646711533.891804,0
2880.0,2.88,26.676398993007894,6.012639729336366,0.30962284345742963,32.99866156580169,56.00133843419831,1.0000000000000001e-11,18603245572.350773,0
2890.0,2.89,26.769025378400283,6.0509699989239705,0.30962284345742963,33.12961822078169,55.87038177921831,1.0000000000000001e-11,18559742824.115704,0
2900.0,2.9,26.86165176379267,6.089410953719991,0.30962284345742963,33.26068556097009,55.73931443902991,1.0000000000000001e-11,18516203310.54346,0
2910.0,2.91,26.95427814918506,6.127962530020498,0.30962284345742963,33.391863522662995,55.608136477337005,1.0000000000000001e-11,18472627052.90892,0
2920.0,2.92,27.046904534577447,6.166624664377334,0.30962284345742963,33.523152042412214,55.476847957587786,1.0000000000000001e-11,18429014072.40573,0
2930.0,2.93,27.139530919969836,6.205397293596202,0.30962284345742963,33.65455105702347,55.34544894297653,1.0000000000000001e-11,18385364390.147076,0
2940.0,2.94,27.232157305362225,6.2442803547348005,0.30962284345742963,33.78606050355446,55.21393949644554,1.0000000000000001e-11,18341678027.166405,0
2950.0,2.95,27.324783690754614,6.28327378510095,0.30962284345742963,33.917680319313,55.082319680687,1.0000000000000001e-11,18297955004.418224,0
2960.0,2.96,27.417410076147,6.322377522250759,0.30962284345742963,34.049410441855194,54.950589558144806,1.0000000000000001e-11,18254195342.778816,0
2970.0,2.97,27.510036461539393,6.361591503986803,0.30962284345742963,34.18125080898363,54.81874919101637,1.0000000000000001e-11,18210399063.047005,0
2980.0,2.98,27.60266284693178,6.400915668356326,0.30962284345742963,34.31320135874554,54.68679864125446,1.0000000000000001e-11,18166566185.944893,0
2990.0,2.99,27.695289232324168,6.440349953649455,0.30962284345742963,34.445262029431056,54.554737970568944,1.0000000000000001e-11,18122696732.11863,0
3000.0,3.0,27.787915617716557,6.47989429839744,0.30962284345742963,34.57743275957143,54.42256724042857,1.0000000000000001e-11,18078790722.139122,0
3010.0,3.01,27.880542003108943,6.519548641370912,0.30962284345742963,34.709713487937286,54.290286512062714,1.0000000000000001e-11,18034848176.50281,0
3020.0,3.02,27.973168388501332,6.5593129215781545,0.30962284345742963,34.84210415353692,54.15789584646308,1.0000000000000001e-11,17990869115.632404,0
3030.0,3.03,28.065794773893717,6.5991870782633955,0.30962284345742963,34.974604695614545,54.025395304385455,1.0000000000000001e-11,17946853559.877625,0
3040.0,3.04,28.15842115928611,6.639171050905125,0.30962284345742963,35.107215053648666,53.892784946351334,1.0000000000000001e-11,17902801529.515938,0
3050.0,3.05,28.251047544678496,6.679264779214408,0.30962284345742963,35.23993516735034,53.76006483264966,1.0000000000000001e-11,17858713044.753323,0
3060.0,3.06,28.343673930070885,6.719468203133251,0.30962284345742963,35.37276497666157,53.62723502333843,1.0000000000000001e-11,17814588125.725006,0
3070.0,3.07,28.436300315463274,6.759781262832942,0.30962284345742963,35.50570442175365,53.49429557824635,1.0000000000000001e-11,17770426792.49621,0
3080.0,3.08,28.528926700855664,6.800203898712452,0.30962284345742963,35.63875344302555,53.36124655697445,1.0000000000000001e-11,17726229065.062897,0
3090.0,3.09,28.62155308624805,6.840736051396812,0.30962284345742963,35.77191198110229,53.22808801889771,1.0000000000000001e-11,17681994963.35253,0
3100.0,3.1,28.714179471640442,6.881377661735538,0.30962284345742963,35.90517997683341,53.09482002316659,1.0000000000000001e-11,17637724507.224815,0
3110.0,3.11,28.806805857032828,6.922128670801058,0.30962284345742963,36.03855737129132,52.96144262870868,1.0000000000000001e-11,17593417716.47246,0
3120.0,3.12,28.899432242425217,6.96298901988715,0.30962284345742963,36.1720441057698,52.8279558942302,1.0000000000000001e-11,17549074610.82195,0
3130.0,3.13,28.992058627817606,7.003958650507414,0.30962284345742963,36.30564012178245,52.69435987821755,1.0000000000000001e-11,17504695209.934273,0
3140.0,3.14,29.084685013209995,7.045037504393736,0.30962284345742963,36.439345361061164,52.560654638938836,1.0000000000000001e-11,17460279533.405712,0
3150.0,3.15,29.17731139860238,7.08622552349479,0.30962284345742963,36.57315976555461,52.42684023444539,1.0000000000000001e-11,17415827600.768604,0
3160.0,3.16,29.269937783994774,7.127522649974539,0.30962284345742963,36.70708327742675,52.29291672257325,1.0000000000000001e-11,17371339431.492126,0
3170.0,3.17,29.36256416938716,7.168928826210762,0.30962284345742963,36.841115839055355,52.158884160944645,1.0000000000000001e-11,17326815044.983047,0
3180.0,3.18,29.45519055477955,7.210443994793579,0.30962284345742963,36.97525739303056,52.02474260696944,1.0000000000000001e-11,17282254460.586536,0
3190.0,3.19,29.547816940171938,7.252068098524022,0.30962284345742963,37.109507882153395,51.890492117846605,1.0000000000000001e-11,17237657697.586933,0
3200.0,3.2,29.640443325564327,7.293801080412582,0.30962284345742963,37.243867249434345,51.756132750565655,1.0000000000000001e-11,17193024775.208557,0
3210.0,3.21,29.733069710956713,7.335642883677797,0.30962284345742963,37.378335438091945,51.621664561908055,1.0000000000000001e-11,17148355712.616503,0
3220.0,3.22,29.825696096349105,7.377593451744845,0.30962284345742963,37.51291239155138,51.48708760844862,1.0000000000000001e-11,17103650528.917439,0
3230.0,3.23,29.91832248174149,7.419652728244154,0.30962284345742963,37.647598053443076,51.352401946556924,1.0000000000000001e-11,17058909243.160435,0
3240.0,3.24,30.01094886713388,7.461820657010021,0.30962284345742963,37.78239236760133,51.21760763239867,1.0000000000000001e-11,17014131874.337782,0
3250.0,3.25,30.10357525252627,7.504097182079244,0.30962284345742963,37.917295278062944,51.082704721937056,1.0000000000000001e-11,16969318441.385817,0
3260.0,3.26,30.196201637918655,7.546482247689776,0.30962284345742963,38.05230672906586,50.94769327093414,1.0000000000000001e-11,16924468963.185774,0
3270.0,3.27,30.288828023311044,7.588975798279387,0.30962284345742963,38.187426665047866,50.812573334952134,1.0000000000000001e-11,16879583458.564625,0
3280.0,3.28,30.381454408703434,7.631577778484326,0.30962284345742963,38.322655030645194,50.677344969354806,1.0000000000000001e-11,16834661946.295948,0
3290.0,3.29,30.474080794095823,7.674288133138026,0.30962284345742963,38.45799177069128,50.54200822930872,1.0000000000000001e-11,16789704445.100784,0
3300.0,3.3,30.56670717948821,7.717106807269792,0.30962284345742963,38.59343683021543,50.40656316978457,1.0000000000000001e-11,16744710973.64854,0
3310.0,3.31,30.6593335648806,7.760033746103513,0.30962284345742963,38.72899015444155,50.27100984555845,1.0000000000000001e-11,16699681550.557852,0
3320.0,3.32,30.751959950272987,7.803068895056398,0.30962284345742963,38.864651688786815,50.135348311213185,1.0000000000000001e-11,16654616194.397516,0
3330.0,3.33,30.844586335665376,7.846212199737696,0.30962284345742963,39.00042137886051,49.99957862113949,1.0000000000000001e-11,16609514923.687399,0
3340.0,3.34,30.93721272105776,7.889463605947464,0.30962284345742963,39.13629917046266,49.86370082953734,1.0000000000000001e-11,16564377756.899368,0
3350.0,3.35,31.029839106450154,7.932823059675307,0.30962284345742963,39.272285009582895,49.727714990417105,1.0000000000000001e-11,16519204712.458233,0
3360.0,3.36,31.12246549184254,7.976290507099167,0.30962284345742963,39.40837884239914,49.59162115760086,1.0000000000000001e-11,16473995808.742722,0
3370.0,3.37,31.215091877234933,8.019865894584099,0.30962284345742963,39.544580615276466,49.455419384723534,1.0000000000000001e-11,16428751064.086437,0
3380.0,3.38,31.30771826262732,8.063549168681071,0.30962284345742963,39.68089027476582,49.31910972523418,1.0000000000000001e-11,16383470496.778877,0
3390.0,3.39,31.400344648019708,8.107340276125765,0.30962284345742963,39.817307767602905,49.182692232397095,1.0000000000000001e-11,16338154125.066422,0
3400.0,3.4,31.492971033412093,8.1512391638374,0.30962284345742963,39.953833040706925,49.046166959293075,1.0000000000000001e-11,16292801967.15337,0
3410.0,3.41,31.585597418804486,8.195245778917563,0.30962284345742963,40.09046604117948,48.90953395882052,1.0000000000000001e-11,16247414041.202988,0
3420.0,3.42,31.678223804196872,8.239360068649034,0.30962284345742963,40.22720671630334,48.77279328369666,1.0000000000000001e-11,16201990365.338589,0
3430.0,3.43,31.770850189589265,8.283581980494661,0.30962284345742963,40.36405501354136,48.63594498645864,1.0000000000000001e-11,16156530957.644606,0
3440.0,3.44,31.86347657498165,8.3279114620962,0.30962284345742963,40.50101088053528,48.49898911946472,1.0000000000000001e-11,16111035836.167706,0
3450.0,3.45,31.95610296037404,8.372348461273194,0.30962284345742963,40.63807426510466,48.36192573489534,1.0000000000000001e-11,16065505018.917921,0
3460.0,3.46,32.048729345766425,8.41689292602186,0.30962284345742963,40.77524511524572,48.22475488475428,1.0000000000000001e-11,16019938523.869818,0
3470.0,3.47,32.14135573115882,8.461544804513979,0.30962284345742963,40.91252337913023,48.08747662086977,1.0000000000000001e-11,15974336368.963661,0
3480.0,3.48,32.2339821165512,8.506304045095785,0.30962284345742963,41.049909005104425,47.950090994895575,1.0000000000000001e-11,15928698572.10663,0
3490.0,3.49,32.326608501943596,8.551170596286905,0.30962284345742963,41.18740194168794,47.81259805831206,1.0000000000000001e-11,15883025151.174055,0
3500.0,3.5,32.41923488733598,8.596144406779253,0.30962284345742963,41.32500213757267,47.67499786242733,1.0000000000000001e-11,15837316124.010666,0
3510.0,3.51,32.51186127272837,8.64122542543598,0.30962284345742963,41.46270954162178,47.53729045837822,1.0000000000000001e-11,15791571508.431898,0
3520.0,3.52,32.60448765812076,8.686413601290408,0.30962284345742963,41.600524102868604,47.399475897131396,1.0000000000000001e-11,15745791322.225195,0
3530.0,3.53,32.697114043513146,8.731708883544986,0.30962284345742963,41.73844577051557,47.26155422948443,1.0000000000000001e-11,15699975583.151384,0
3540.0,3.54,32.78974042890554,8.777111221570248,0.30962284345742963,41.876474493933216,47.123525506066784,1.0000000000000001e-11,15654124308.946043,0
3550.0,3.55,32.882366814297924,8.822620564903781,0.30962284345742963,42.01461022265914,46.98538977734086,1.0000000000000001e-11,15608237517.32092,0
3560.0,3.56,32.97499319969031,8.868236863249207,0.30962284345742963,42.15285290639695,46.84714709360305,1.0000000000000001e-11,15562315225.9654,0
3570.0,3.57,33.067619585082696,8.91396006647517,0.30962284345742963,42.2912024950153,46.7087975049847,1.0000000000000001e-11,15516357452.547985,0
3580.0,3.58,33.16024597047509,8.959790124614344,0.30962284345742963,42.429658938546865,46.570341061453135,1.0000000000000001e-11,15470364214.717829,0
3590.0,3.59,33.252872355867474,9.005726987862408,0.30962284345742963,42.56822218718732,46.43177781281268,1.0000000000000001e-11,15424335530.106318,0
3600.0,3.6,33.34549874125987,9.051770606577103,0.30962284345742963,42.7068921912944,46.2931078087056,1.0000000000000001e-11,15378271416.32865,0
3610.0,3.61,33.43812512665225,9.097920931277223,0.30962284345742963,42.84566890138691,46.15433109861309,1.0000000000000001e-11,15332171890.98554,0
3620.0,3.62,33.530751512044645,9.144177912641668,0.30962284345742963,42.984552268143744,46.015447731856256,1.0000000000000001e-11,15286036971.664873,0
3630.0,3.63,33.62337789743703,9.190541501508465,0.30962284345742963,43.12354224240293,45.87645775759707,1.0000000000000001e-11,15239866675.94348,0
3640.0,3.64,33.716004282829424,9.237011648873834,0.30962284345742963,43.26263877516069,45.73736122483931,1.0000000000000001e-11,15193661021.38892,0
3650.0,3.65,33.80863066822181,9.283588305891238,0.30962284345742963,43.40184181757048,45.59815818242952,1.0000000000000001e-11,15147420025.561342,0
3660.0,3.66,33.9012570536142,9.33027142387045,0.30962284345742963,43.541151320942085,45.458848679057915,1.0000000000000001e-11,15101143706.015358,0
3670.0,3.67,33.99388343900659,9.377060954276626,0.30962284345742963,43.68056723674064,45.31943276325936,1.0000000000000001e-11,15054832080.302027,0
3680.0,3.68,34.08650982439897,9.423956848729384,0.30962284345742963,43.82008951658579,45.17991048341421,1.0000000000000001e-11,15008485165.970846,0
3690.0,3.69,34.17913620979136,9.4709590590019,0.30962284345742963,43.95971811225069,45.04028188774931,1.0000000000000001e-11,14962102980.571823,0
3700.0,3.7,34.27176259518375,9.518067537020004,0.30962284345742963,44.09945297566119,44.90054702433881,1.0000000000000001e-11,14915685541.657608,0
3710.0,3.71,34.36438898057614,9.565282234861273,0.30962284345742963,44.23929405889484,44.76070594110516,1.0000000000000001e-11,14869232866.785692,0
3720.0,3.72,34.45701536596853,9.612603104754161,0.30962284345742963,44.37924131418012,44.62075868581988,1.0000000000000001e-11,14822744973.520674,0
3730.0,3.73,34.549641751360916,9.660030099077112,0.30962284345742963,44.51929469389546,44.48070530610454,1.0000000000000001e-11,14776221879.436562,0
3740.0,3.74,34.64226813675331,9.707563170357684,0.30962284345742963,44.65945415056842,44.34054584943158,1.0000000000000001e-11,14729663602.119211,0
3750.0,3.75,34.734894522145694,9.755202271271688,0.30962284345742963,44.79971963687481,44.20028036312519,1.0000000000000001e-11,14683070159.168774,0
3760.0,3.76,34.82752090753808,9.802947354642335,0.30962284345742963,44.94009110563785,44.05990889436215,1.0000000000000001e-11,14636441568.202255,0
3770.0,3.77,34.92014729293047,9.850798373439373,0.30962284345742963,45.08056850982728,43.91943149017272,1.0000000000000001e-11,14589777846.856148,0
3780.0,3.78,35.01277367832286,9.898755280778259,0.30962284345742963,45.22115180255855,43.77884819744145,1.0000000000000001e-11,14543079012.789158,0
3790.0,3.79,35.10540006371525,9.946818029919308,0.30962284345742963,45.36184093709199,43.63815906290801,1.0000000000000001e-11,14496345083.684988,0
3800.0,3.8,35.19802644910764,9.99498657426688,0.30962284345742963,45.50263586683195,43.49736413316805,1.0000000000000001e-11,14449576077.255224,0
3810.0,3.81,35.29065283450002,10.043260867368547,0.30962284345742963,45.643536545326,43.356463454674,1.0000000000000001e-11,14402772011.242352,0
3820.0,3.82,35.383279219892415,10.091640862914273,0.30962284345742963,45.78454292626412,43.21545707373588,1.0000000000000001e-11,14355932903.422787,0
3830.0,3.83,35.4759056052848,10.140126514735616,0.30962284345742963,45.925654963477854,43.074345036522146,1.0000000000000001e-11,14309058771.61011,0
3840.0,3.84,35.56853199067719,10.188717776804932,0.30962284345742963,46.066872610939555,42.933127389060445,1.0000000000000001e-11,14262149633.658295,0
3850.0,3.85,35.66115837606958,10.237414603234559,0.30962284345742963,46.20819582276157,42.79180417723843,1.0000000000000001e-11,14215205507.465147,0
3860.0,3.86,35.753784761461965,10.286216948276042,0.30962284345742963,46.34962455319544,42.65037544680456,1.0000000000000001e-11,14168226410.975773,0
3870.0,3.87,35.84641114685436,10.335124766319353,0.30962284345742963,46.491158756631144,42.508841243368856,1.0000000000000001e-11,14121212362.186226,0
3880.0,3.88,35.93903753224674,10.384138011892102,0.30962284345742963,46.63279838759628,42.36720161240372,1.0000000000000001e-11,14074163379.147226,0
3890.0,3.89,36.031663917639136,10.433256639658786,0.30962284345742963,46.774543400755356,42.225456599244644,1.0000000000000001e-11,14027079479.968039,0
3900.0,3.9,36.12429030303152,10.48248060442001,0.30962284345742963,46.916393750908966,42.083606249091034,1.0000000000000001e-11,13979960682.820461,0
3910.0,3.91,36.216916688423915,10.531809861111736,0.30962284345742963,47.05834939299308,41.94165060700692,1.0000000000000001e-11,13932807005.942968,0
3920.0,3.92,36.3095430738163,10.581244364804537,0.30962284345742963,47.200410282078266,41.799589717921734,1.0000000000000001e-11,13885618467.644957,0
3930.0,3.93,36.402169459208686,10.63078407070284,0.30962284345742963,47.342576373368956,41.657423626631044,1.0000000000000001e-11,13838395086.311192,0
3940.0,3.94,36.49479584460108,10.680428934144198,0.30962284345742963,47.48484762220271,41.51515237779729,1.0000000000000001e-11,13791136880.406342,0
3950.0,3.95,36.587422229993464,10.730178910598555,0.30962284345742963,47.62722398404945,41.37277601595055,1.0000000000000001e-11,13743843868.479742,0
3960.0,3.96,36.68004861538585,10.780033955667518,0.30962284345742963,47.7697054145108,41.2302945854892,1.0000000000000001e-11,13696516069.170235,0
3970.0,3.97,36.77267500077824,10.829994025083634,0.30962284345742963,47.91229186931931,41.08770813068069,1.0000000000000001e-11,13649153501.211258,0
3980.0,3.98,36.86530138617063,10.880059074709674,0.30962284345742963,48.05498330433774,40.94501669566226,1.0000000000000001e-11,13601756183.436062,0
3990.0,3.99,36.95792777156302,10.930229060537929,0.30962284345742963,48.19777967555838,40.80222032444162,1.0000000000000001e-11,13554324134.78312,0
4000.0,4.0,37.05055415695541,10.980503938689498,0.30962284345742963,48.34068093910234,40.65931906089766,1.0000000000000001e-11,13506857374.301725,0
