distance_m,extinction_per_m,path_loss_dB,Pr_dBm,SNR_dB,Capacity_bps
10.0,0.2,9.686,0.31400000000000006,99.314,329913966.81733304
20.0,0.2,18.372,-8.372,90.628,301059699.3959364
30.0,0.2,27.058,-17.058,81.94200000000001,272205432.043512
40.0,0.2,35.744,-25.744,73.256,243351165.20073915
50.0,0.2,44.43,-34.43,64.57,214496902.1239061
60.0,0.2,53.116,-43.116,55.884,185642666.87448055
70.0,0.2,61.802,-51.802,47.198,156788637.24637038
80.0,0.2,70.488,-60.488,38.512,127936126.88504599
90.0,0.2,79.174,-69.174,29.825999999999993,99094836.2494365
100.0,0.2,87.86,-77.86,21.14,70336097.44708629
110.0,0.2,96.546,-86.546,12.453999999999994,42168765.665917926
120.0,0.2,105.232,-95.232,3.7680000000000007,17575450.07927214
130.0,0.2,113.918,-103.918,-4.918000000000006,4030007.024921769
140.0,0.2,122.604,-112.604,-13.604,615846.0483198663
150.0,0.2,131.29,-121.28999999999999,-22.289999999999992,84897.72920922034
160.0,0.2,139.976,-129.976,-30.976,11518.638659232172
170.0,0.2,148.662,-138.662,-39.662000000000006,1559.3767970242857
180.0,0.2,157.348,-147.348,-48.34800000000001,211.0431995508085
190.0,0.2,166.03400000000002,-156.03400000000002,-57.03400000000002,28.56104602371501
200.0,0.2,174.72,-164.72,-65.72,3.865222338362698
210.0,0.2,183.406,-173.406,-74.406,0.5230877285648198
220.0,0.2,192.092,-182.092,-83.09200000000001,0.07079042709319448
230.0,0.2,200.77800000000002,-190.77800000000002,-91.77800000000002,0.009580199333393071
240.0,0.2,209.464,-199.464,-100.464,0.0012965067916982358
250.0,0.2,218.15,-208.15,-109.15,0.00017545807646588373
260.0,0.2,226.836,-216.836,-117.83600000000001,2.374379724625663e-05
270.0,0.2,235.52200000000002,-225.52200000000002,-126.52200000000002,3.213036783326005e-06
280.0,0.2,244.208,-234.208,-135.208,4.3566600451882223e-07
290.0,0.2,252.894,-242.894,-143.894,5.76616770686684e-08
300.0,0.2,261.58,-251.57999999999998,-152.57999999999998,6.406853007629834e-09
310.0,0.2,270.266,-260.266,-161.26600000000002,0.0
320.0,0.2,278.952,-268.952,-169.952,0.0
330.0,0.2,287.63800000000003,-277.63800000000003,-178.63800000000003,0.0
340.0,0.2,296.324,-286.324,-187.324,0.0
350.0,0.2,305.01,-295.01,-196.01,0.0
360.0,0.2,313.696,-303.696,-204.69600000000003,0.0
370.0,0.2,322.382,-312.382,-213.382,0.0
380.0,0.2,331.06800000000004,-321.06800000000004,-222.06800000000004,0.0
390.0,0.2,339.754,-329.754,-230.75400000000002,0.0
400.0,0.2,348.44,-338.44,-239.44,0.0
410.0,0.2,357.12600000000003,-347.12600000000003,-248.12600000000003,0.0
420.0,0.2,365.812,-355.812,-256.812,0.0
430.0,0.2,374.498,-364.498,-265.498,0.0
440.0,0.2,383.184,-373.184,-274.184,0.0
450.0,0.2,391.87,-381.87,-282.87,0.0
460.0,0.2,400.55600000000004,-390.55600000000004,-291.55600000000004,0.0
470.0,0.2,409.242,-399.242,-300.242,0.0
480.0,0.2,417.928,-407.928,-308.928,0.0
490.0,0.2,426.61400000000003,-416.61400000000003,-317.61400000000003,0.0
500.0,0.2,435.3,-425.3,-326.3,0.0
510.0,0.2,443.98600000000005,-433.98600000000005,-334.98600000000005,0.0
520.0,0.2,452.672,-442.672,-343.672,0.0
530.0,0.2,461.358,-451.358,-352.358,0.0
540.0,0.2,470.04400000000004,-460.04400000000004,-361.04400000000004,0.0
550.0,0.2,478.73,-468.73,-369.73,0.0
560.0,0.2,487.416,-477.416,-378.416,0.0
570.0,0.2,496.10200000000003,-486.10200000000003,-387.10200000000003,0.0
580.0,0.2,504.788,-494.788,-395.788,0.0
590.0,0.2,513.474,-503.47400000000005,-404.47400000000005,0.0
600.0,0.2,522.16,-512.16,-413.15999999999997,0.0
610.0,0.2,530.846,-520.846,-421.846,0.0
620.0,0.2,539.532,-529.532,-430.53200000000004,0.0
630.0,0.2,548.2180000000001,-538.2180000000001,-439.2180000000001,0.0
640.0,0.2,556.904,-546.904,-447.904,0.0
650.0,0.2,565.59,-555.59,-456.59000000000003,0.0
660.0,0.2,574.2760000000001,-564.2760000000001,-465.27600000000007,0.0
670.0,0.2,582.962,-572.962,-473.962,0.0
680.0,0.2,591.648,-581.648,-482.648,0.0
690.0,0.2,600.3340000000001,-590.3340000000001,-491.33400000000006,0.0
700.0,0.2,609.02,-599.02,-500.02,0.0
710.0,0.2,617.706,-607.706,-508.706,0.0
720.0,0.2,626.392,-616.392,-517.392,0.0
730.0,0.2,635.078,-625.078,-526.078,0.0
740.0,0.2,643.764,-633.764,-534.764,0.0
750.0,0.2,652.45,-642.45,-543.45,0.0
760.0,0.2,661.1360000000001,-651.1360000000001,-552.1360000000001,0.0
770.0,0.2,669.822,-659.822,-560.822,0.0
780.0,0.2,678.508,-668.508,-569.508,0.0
790.0,0.2,687.1940000000001,-677.1940000000001,-578.1940000000001,0.0
800.0,0.2,695.88,-685.88,-586.88,0.0
810.0,0.2,704.566,-694.566,-595.566,0.0
820.0,0.2,713.2520000000001,-703.2520000000001,-604.2520000000001,0.0
830.0,0.2,721.938,-711.938,-612.938,0.0
840.0,0.2,730.624,-720.624,-621.624,0.0
850.0,0.2,739.3100000000001,-729.3100000000001,-630.3100000000001,0.0
860.0,0.2,747.996,-737.996,-638.996,0.0
870.0,0.2,756.682,-746.682,-647.682,0.0
880.0,0.2,765.368,-755.368,-656.368,0.0
890.0,0.2,774.0540000000001,-764.0540000000001,-665.0540000000001,0.0
900.0,0.2,782.74,-772.74,-673.74,0.0
910.0,0.2,791.426,-781.426,-682.426,0.0
920.0,0.2,800.1120000000001,-790.1120000000001,-691.1120000000001,0.0
930.0,0.2,808.798,-798.798,-699.798,0.0
940.0,0.2,817.484,-807.484,-708.484,0.0
950.0,0.2,826.1700000000001,-816.1700000000001,-717.1700000000001,0.0
960.0,0.2,834.856,-824.856,-725.856,0.0
970.0,0.2,843.542,-833.542,-734.542,0.0
980.0,0.2,852.2280000000001,-842.2280000000001,-743.2280000000001,0.0
990.0,0.2,860.914,-850.914,-751.914,0.0
1000.0,0.2,869.6,-859.6,-760.6,0.0
1010.0,0.2,878.2860000000001,-868.2860000000001,-769.2860000000001,0.0
1020.0,0.2,886.9720000000001,-876.9720000000001,-777.9720000000001,0.0
1030.0,0.2,895.658,-885.658,-786.658,0.0
1040.0,0.2,904.344,-894.344,-795.344,0.0
1050.0,0.2,913.0300000000001,-903.0300000000001,-804.0300000000001,0.0
1060.0,0.2,921.716,-911.716,-812.716,0.0
1070.0,0.2,930.402,-920.402,-821.402,0.0
1080.0,0.2,939.0880000000001,-929.0880000000001,-830.0880000000001,0.0
1090.0,0.2,947.774,-937.774,-838.774,0.0
1100.0,0.2,956.46,-946.46,-847.46,0.0
1110.0,0.2,965.1460000000001,-955.1460000000001,-856.1460000000001,0.0
1120.0,0.2,973.832,-963.832,-864.832,0.0
1130.0,0.2,982.518,-972.518,-873.518,0.0
1140.0,0.2,991.2040000000001,-981.2040000000001,-882.2040000000001,0.0
1150.0,0.2,999.8900000000001,-989.8900000000001,-890.8900000000001,0.0
1160.0,0.2,1008.576,-998.576,-899.576,0.0
1170.0,0.2,1017.2620000000001,-1007.2620000000001,-908.2620000000001,0.0
1180.0,0.2,1025.948,-1015.9480000000001,-916.9480000000001,0.0
1190.0,0.2,1034.634,-1024.634,-925.634,0.0
1200.0,0.2,1043.32,-1033.32,-934.3199999999999,0.0
1210.0,0.2,1052.006,-1042.006,-943.0060000000001,0.0
1220.0,0.2,1060.692,-1050.692,-951.692,0.0
1230.0,0.2,1069.3780000000002,-1059.3780000000002,-960.3780000000002,0.0
1240.0,0.2,1078.064,-1068.064,-969.0640000000001,0.0
1250.0,0.2,1086.75,-1076.75,-977.75,0.0
1260.0,0.2,1095.4360000000001,-1085.4360000000001,-986.4360000000001,0.0
1270.0,0.2,1104.122,-1094.122,-995.1220000000001,0.0
1280.0,0.2,1112.808,-1102.808,-1003.808,0.0
1290.0,0.2,1121.4940000000001,-1111.4940000000001,-1012.4940000000001,0.0
1300.0,0.2,1130.18,-1120.18,-1021.1800000000001,0.0
1310.0,0.2,1138.866,-1128.866,-1029.866,0.0
1320.0,0.2,1147.5520000000001,-1137.5520000000001,-1038.5520000000001,0.0
1330.0,0.2,1156.238,-1146.238,-1047.238,0.0
1340.0,0.2,1164.924,-1154.924,-1055.924,0.0
1350.0,0.2,1173.6100000000001,-1163.6100000000001,-1064.6100000000001,0.0
1360.0,0.2,1182.296,-1172.296,-1073.296,0.0
1370.0,0.2,1190.982,-1180.982,-1081.982,0.0
1380.0,0.2,1199.6680000000001,-1189.6680000000001,-1090.6680000000001,0.0
1390.0,0.2,1208.354,-1198.354,-1099.354,0.0
1400.0,0.2,1217.04,-1207.04,-1108.04,0.0
1410.0,0.2,1225.726,-1215.726,-1116.726,0.0
1420.0,0.2,1234.412,-1224.412,-1125.412,0.0
1430.0,0.2,1243.098,-1233.098,-1134.098,0.0
1440.0,0.2,1251.784,-1241.784,-1142.784,0.0
1450.0,0.2,1260.47,-1250.47,-1151.47,0.0
1460.0,0.2,1269.156,-1259.156,-1160.156,0.0
1470.0,0.2,1277.842,-1267.842,-1168.842,0.0
1480.0,0.2,1286.528,-1276.528,-1177.528,0.0
1490.0,0.2,1295.2140000000002,-1285.2140000000002,-1186.2140000000002,0.0
1500.0,0.2,1303.9,-1293.9,-1194.9,0.0
1510.0,0.2,1312.586,-1302.586,-1203.586,0.0
1520.0,0.2,1321.2720000000002,-1311.2720000000002,-1212.2720000000002,0.0
1530.0,0.2,1329.958,-1319.958,-1220.958,0.0
1540.0,0.2,1338.644,-1328.644,-1229.644,0.0
1550.0,0.2,1347.3300000000002,-1337.3300000000002,-1238.3300000000002,0.0
1560.0,0.2,1356.016,-1346.016,-1247.016,0.0
1570.0,0.2,1364.702,-1354.702,-1255.702,0.0
1580.0,0.2,1373.3880000000001,-1363.3880000000001,-1264.3880000000001,0.0
1590.0,0.2,1382.074,-1372.074,-1273.074,0.0
1600.0,0.2,1390.76,-1380.76,-1281.76,0.0
1610.0,0.2,1399.4460000000001,-1389.4460000000001,-1290.4460000000001,0.0
1620.0,0.2,1408.132,-1398.132,-1299.132,0.0
1630.0,0.2,1416.818,-1406.818,-1307.818,0.0
1640.0,0.2,1425.5040000000001,-1415.5040000000001,-1316.5040000000001,0.0
1650.0,0.2,1434.19,-1424.19,-1325.19,0.0
1660.0,0.2,1442.876,-1432.876,-1333.876,0.0
1670.0,0.2,1451.5620000000001,-1441.5620000000001,-1342.5620000000001,0.0
1680.0,0.2,1460.248,-1450.248,-1351.248,0.0
1690.0,0.2,1468.934,-1458.934,-1359.934,0.0
1700.0,0.2,1477.6200000000001,-1467.6200000000001,-1368.6200000000001,0.0
1710.0,0.2,1486.306,-1476.306,-1377.306,0.0
1720.0,0.2,1494.992,-1484.992,-1385.992,0.0
1730.0,0.2,1503.678,-1493.678,-1394.678,0.0
1740.0,0.2,1512.364,-1502.364,-1403.364,0.0
1750.0,0.2,1521.05,-1511.05,-1412.05,0.0
1760.0,0.2,1529.736,-1519.736,-1420.736,0.0
1770.0,0.2,1538.422,-1528.422,-1429.422,0.0
1780.0,0.2,1547.1080000000002,-1537.1080000000002,-1438.1080000000002,0.0
1790.0,0.2,1555.794,-1545.794,-1446.794,0.0
1800.0,0.2,1564.48,-1554.48,-1455.48,0.0
1810.0,0.2,1573.1660000000002,-1563.1660000000002,-1464.1660000000002,0.0
1820.0,0.2,1581.852,-1571.852,-1472.852,0.0
1830.0,0.2,1590.538,-1580.538,-1481.538,0.0
1840.0,0.2,1599.2240000000002,-1589.2240000000002,-1490.2240000000002,0.0
1850.0,0.2,1607.91,-1597.91,-1498.91,0.0
1860.0,0.2,1616.596,-1606.596,-1507.596,0.0
1870.0,0.2,1625.2820000000002,-1615.2820000000002,-1516.2820000000002,0.0
1880.0,0.2,1633.968,-1623.968,-1524.968,0.0
1890.0,0.2,1642.654,-1632.654,-1533.654,0.0
1900.0,0.2,1651.3400000000001,-1641.3400000000001,-1542.3400000000001,0.0
1910.0,0.2,1660.026,-1650.026,-1551.026,0.0
1920.0,0.2,1668.712,-1658.712,-1559.712,0.0
1930.0,0.2,1677.3980000000001,-1667.3980000000001,-1568.3980000000001,0.0
1940.0,0.2,1686.084,-1676.084,-1577.084,0.0
1950.0,0.2,1694.77,-1684.77,-1585.77,0.0
1960.0,0.2,1703.4560000000001,-1693.4560000000001,-1594.4560000000001,0.0
1970.0,0.2,1712.142,-1702.142,-1603.142,0.0
1980.0,0.2,1720.828,-1710.828,-1611.828,0.0
1990.0,0.2,1729.5140000000001,-1719.5140000000001,-1620.5140000000001,0.0
2000.0,0.2,1738.2,-1728.2,-1629.2,0.0
2010.0,0.2,1746.886,-1736.886,-1637.886,0.0
2020.0,0.2,1755.5720000000001,-1745.5720000000001,-1646.5720000000001,0.0
2030.0,0.2,1764.258,-1754.258,-1655.258,0.0
2040.0,0.2,1772.9440000000002,-1762.9440000000002,-1663.9440000000002,0.0
2050.0,0.2,1781.63,-1771.63,-1672.63,0.0
2060.0,0.2,1790.316,-1780.316,-1681.316,0.0
2070.0,0.2,1799.0020000000002,-1789.0020000000002,-1690.0020000000002,0.0
2080.0,0.2,1807.688,-1797.688,-1698.688,0.0
2090.0,0.2,1816.374,-1806.374,-1707.374,0.0
2100.0,0.2,1825.0600000000002,-1815.0600000000002,-1716.0600000000002,0.0
2110.0,0.2,1833.746,-1823.746,-1724.746,0.0
2120.0,0.2,1842.432,-1832.432,-1733.432,0.0
2130.0,0.2,1851.1180000000002,-1841.1180000000002,-1742.1180000000002,0.0
2140.0,0.2,1859.804,-1849.804,-1750.804,0.0
2150.0,0.2,1868.49,-1858.49,-1759.49,0.0
2160.0,0.2,1877.1760000000002,-1867.1760000000002,-1768.1760000000002,0.0
2170.0,0.2,1885.862,-1875.862,-1776.862,0.0
2180.0,0.2,1894.548,-1884.548,-1785.548,0.0
2190.0,0.2,1903.2340000000002,-1893.2340000000002,-1794.2340000000002,0.0
2200.0,0.2,1911.92,-1901.92,-1802.92,0.0
2210.0,0.2,1920.606,-1910.606,-1811.606,0.0
2220.0,0.2,1929.2920000000001,-1919.2920000000001,-1820.2920000000001,0.0
2230.0,0.2,1937.978,-1927.978,-1828.978,0.0
2240.0,0.2,1946.664,-1936.664,-1837.664,0.0
2250.0,0.2,1955.3500000000001,-1945.3500000000001,-1846.3500000000001,0.0
2260.0,0.2,1964.036,-1954.036,-1855.036,0.0
2270.0,0.2,1972.722,-1962.722,-1863.722,0.0
2280.0,0.2,1981.4080000000001,-1971.4080000000001,-1872.4080000000001,0.0
2290.0,0.2,1990.094,-1980.094,-1881.094,0.0
2300.0,0.2,1998.7800000000002,-1988.7800000000002,-1889.7800000000002,0.0
2310.0,0.2,2007.4660000000001,-1997.4660000000001,-1898.4660000000001,0.0
2320.0,0.2,2016.152,-2006.152,-1907.152,0.0
2330.0,0.2,2024.8380000000002,-2014.8380000000002,-1915.8380000000002,0.0
2340.0,0.2,2033.5240000000001,-2023.5240000000001,-1924.5240000000001,0.0
2350.0,0.2,2042.21,-2032.21,-1933.21,0.0
2360.0,0.2,2050.896,-2040.8960000000002,-1941.8960000000002,0.0
2370.0,0.2,2059.582,-2049.582,-1950.5819999999999,0.0
2380.0,0.2,2068.268,-2058.268,-1959.268,0.0
2390.0,0.2,2076.954,-2066.954,-1967.9540000000002,0.0
2400.0,0.2,2085.64,-2075.64,-1976.6399999999999,0.0
2410.0,0.2,2094.326,-2084.326,-1985.326,0.0
2420.0,0.2,2103.012,-2093.012,-1994.0120000000002,0.0
2430.0,0.2,2111.6980000000003,-2101.6980000000003,-2002.6980000000003,0.0
2440.0,0.2,2120.384,-2110.384,-2011.384,0.0
2450.0,0.2,2129.07,-2119.07,-2020.0700000000002,0.0
2460.0,0.2,2137.7560000000003,-2127.7560000000003,-2028.7560000000003,0.0
2470.0,0.2,2146.442,-2136.442,-2037.442,0.0
2480.0,0.2,2155.128,-2145.128,-2046.1280000000002,0.0
2490.0,0.2,2163.8140000000003,-2153.8140000000003,-2054.8140000000003,0.0
2500.0,0.2,2172.5,-2162.5,-2063.5,0.0
2510.0,0.2,2181.186,-2171.186,-2072.186,0.0
2520.0,0.2,2189.8720000000003,-2179.8720000000003,-2080.8720000000003,0.0
2530.0,0.2,2198.558,-2188.558,-2089.558,0.0
2540.0,0.2,2207.244,-2197.244,-2098.244,0.0
2550.0,0.2,2215.9300000000003,-2205.9300000000003,-2106.9300000000003,0.0
2560.0,0.2,2224.616,-2214.616,-2115.616,0.0
2570.0,0.2,2233.302,-2223.302,-2124.302,0.0
2580.0,0.2,2241.9880000000003,-2231.9880000000003,-2132.9880000000003,0.0
2590.0,0.2,2250.674,-2240.674,-2141.674,0.0
2600.0,0.2,2259.36,-2249.36,-2150.36,0.0
2610.0,0.2,2268.0460000000003,-2258.0460000000003,-2159.0460000000003,0.0
2620.0,0.2,2276.732,-2266.732,-2167.732,0.0
2630.0,0.2,2285.418,-2275.418,-2176.418,0.0
2640.0,0.2,2294.1040000000003,-2284.1040000000003,-2185.1040000000003,0.0
2650.0,0.2,2302.79,-2292.79,-2193.79,0.0
2660.0,0.2,2311.476,-2301.476,-2202.476,0.0
2670.0,0.2,2320.1620000000003,-2310.1620000000003,-2211.1620000000003,0.0
2680.0,0.2,2328.848,-2318.848,-2219.848,0.0
2690.0,0.2,2337.534,-2327.534,-2228.534,0.0
2700.0,0.2,2346.2200000000003,-2336.2200000000003,-2237.2200000000003,0.0
2710.0,0.2,2354.906,-2344.906,-2245.906,0.0
2720.0,0.2,2363.592,-2353.592,-2254.592,0.0
2730.0,0.2,2372.2780000000002,-2362.2780000000002,-2263.2780000000002,0.0
2740.0,0.2,2380.964,-2370.964,-2271.964,0.0
2750.0,0.2,2389.65,-2379.65,-2280.65,0.0
2760.0,0.2,2398.3360000000002,-2388.3360000000002,-2289.3360000000002,0.0
2770.0,0.2,2407.022,-2397.022,-2298.022,0.0
2780.0,0.2,2415.708,-2405.708,-2306.708,0.0
2790.0,0.2,2424.3940000000002,-2414.3940000000002,-2315.3940000000002,0.0
2800.0,0.2,2433.08,-2423.08,-2324.08,0.0
2810.0,0.2,2441.766,-2431.766,-2332.766,0.0
2820.0,0.2,2450.452,-2440.452,-2341.452,0.0
2830.0,0.2,2459.138,-2449.138,-2350.138,0.0
2840.0,0.2,2467.824,-2457.824,-2358.824,0.0
2850.0,0.2,2476.51,-2466.51,-2367.51,0.0
2860.0,0.2,2485.196,-2475.196,-2376.196,0.0
2870.0,0.2,2493.882,-2483.882,-2384.882,0.0
2880.0,0.2,2502.568,-2492.568,-2393.568,0.0
2890.0,0.2,2511.254,-2501.254,-2402.254,0.0
2900.0,0.2,2519.94,-2509.94,-2410.94,0.0
2910.0,0.2,2528.626,-2518.626,-2419.626,0.0
2920.0,0.2,2537.312,-2527.312,-2428.312,0.0
2930.0,0.2,2545.998,-2535.998,-2436.998,0.0
2940.0,0.2,2554.684,-2544.684,-2445.684,0.0
2950.0,0.2,2563.37,-2553.37,-2454.37,0.0
2960.0,0.2,2572.056,-2562.056,-2463.056,0.0
2970.0,0.2,2580.742,-2570.742,-2471.742,0.0
2980.0,0.2,2589.4280000000003,-2579.4280000000003,-2480.4280000000003,0.0
2990.0,0.2,2598.114,-2588.114,-2489.114,0.0
3000.0,0.2,2606.8,-2596.8,-2497.8,0.0
3010.0,0.2,2615.4860000000003,-2605.4860000000003,-2506.4860000000003,0.0
3020.0,0.2,2624.172,-2614.172,-2515.172,0.0
3030.0,0.2,2632.858,-2622.858,-2523.858,0.0
3040.0,0.2,2641.5440000000003,-2631.5440000000003,-2532.5440000000003,0.0
3050.0,0.2,2650.23,-2640.23,-2541.23,0.0
3060.0,0.2,2658.916,-2648.916,-2549.916,0.0
3070.0,0.2,2667.6020000000003,-2657.6020000000003,-2558.6020000000003,0.0
3080.0,0.2,2676.288,-2666.288,-2567.288,0.0
3090.0,0.2,2684.974,-2674.974,-2575.974,0.0
3100.0,0.2,2693.6600000000003,-2683.6600000000003,-2584.6600000000003,0.0
3110.0,0.2,2702.346,-2692.346,-2593.346,0.0
3120.0,0.2,2711.032,-2701.032,-2602.032,0.0
3130.0,0.2,2719.7180000000003,-2709.7180000000003,-2610.7180000000003,0.0
3140.0,0.2,2728.404,-2718.404,-2619.404,0.0
3150.0,0.2,2737.09,-2727.09,-2628.09,0.0
3160.0,0.2,2745.7760000000003,-2735.7760000000003,-2636.7760000000003,0.0
3170.0,0.2,2754.462,-2744.462,-2645.462,0.0
3180.0,0.2,2763.148,-2753.148,-2654.148,0.0
3190.0,0.2,2771.8340000000003,-2761.8340000000003,-2662.8340000000003,0.0
3200.0,0.2,2780.52,-2770.52,-2671.52,0.0
3210.0,0.2,2789.206,-2779.206,-2680.206,0.0
3220.0,0.2,2797.8920000000003,-2787.8920000000003,-2688.8920000000003,0.0
3230.0,0.2,2806.578,-2796.578,-2697.578,0.0
3240.0,0.2,2815.264,-2805.264,-2706.264,0.0
3250.0,0.2,2823.9500000000003,-2813.9500000000003,-2714.9500000000003,0.0
3260.0,0.2,2832.636,-2822.636,-2723.636,0.0
3270.0,0.2,2841.322,-2831.322,-2732.322,0.0
3280.0,0.2,2850.0080000000003,-2840.0080000000003,-2741.0080000000003,0.0
3290.0,0.2,2858.694,-2848.694,-2749.694,0.0
3300.0,0.2,2867.38,-2857.38,-2758.38,0.0
3310.0,0.2,2876.0660000000003,-2866.0660000000003,-2767.0660000000003,0.0
3320.0,0.2,2884.752,-2874.752,-2775.752,0.0
3330.0,0.2,2893.438,-2883.438,-2784.438,0.0
3340.0,0.2,2902.1240000000003,-2892.1240000000003,-2793.1240000000003,0.0
3350.0,0.2,2910.81,-2900.81,-2801.81,0.0
3360.0,0.2,2919.496,-2909.496,-2810.496,0.0
3370.0,0.2,2928.1820000000002,-2918.1820000000002,-2819.1820000000002,0.0
3380.0,0.2,2936.868,-2926.868,-2827.868,0.0
3390.0,0.2,2945.554,-2935.554,-2836.554,0.0
3400.0,0.2,2954.2400000000002,-2944.2400000000002,-2845.2400000000002,0.0
3410.0,0.2,2962.926,-2952.926,-2853.926,0.0
3420.0,0.2,2971.612,-2961.612,-2862.612,0.0
3430.0,0.2,2980.2980000000002,-2970.2980000000002,-2871.2980000000002,0.0
3440.0,0.2,2988.984,-2978.984,-2879.984,0.0
3450.0,0.2,2997.67,-2987.67,-2888.67,0.0
3460.0,0.2,3006.356,-2996.356,-2897.356,0.0
3470.0,0.2,3015.042,-3005.042,-2906.042,0.0
3480.0,0.2,3023.728,-3013.728,-2914.728,0.0
3490.0,0.2,3032.414,-3022.414,-2923.414,0.0
3500.0,0.2,3041.1,-3031.1,-2932.1,0.0
3510.0,0.2,3049.786,-3039.786,-2940.786,0.0
3520.0,0.2,3058.472,-3048.472,-2949.472,0.0
3530.0,0.2,3067.1580000000004,-3057.1580000000004,-2958.1580000000004,0.0
3540.0,0.2,3075.844,-3065.844,-2966.844,0.0
3550.0,0.2,3084.53,-3074.53,-2975.53,0.0
3560.0,0.2,3093.2160000000003,-3083.2160000000003,-2984.2160000000003,0.0
3570.0,0.2,3101.902,-3091.902,-2992.902,0.0
3580.0,0.2,3110.588,-3100.588,-3001.588,0.0
3590.0,0.2,3119.2740000000003,-3109.2740000000003,-3010.2740000000003,0.0
3600.0,0.2,3127.96,-3117.96,-3018.96,0.0
3610.0,0.2,3136.646,-3126.646,-3027.646,0.0
3620.0,0.2,3145.3320000000003,-3135.3320000000003,-3036.3320000000003,0.0
3630.0,0.2,3154.018,-3144.018,-3045.018,0.0
3640.0,0.2,3162.704,-3152.704,-3053.704,0.0
3650.0,0.2,3171.3900000000003,-3161.3900000000003,-3062.3900000000003,0.0
3660.0,0.2,3180.076,-3170.076,-3071.076,0.0
3670.0,0.2,3188.762,-3178.762,-3079.762,0.0
3680.0,0.2,3197.4480000000003,-3187.4480000000003,-3088.4480000000003,0.0
3690.0,0.2,3206.134,-3196.134,-3097.134,0.0
3700.0,0.2,3214.82,-3204.82,-3105.82,0.0
3710.0,0.2,3223.5060000000003,-3213.5060000000003,-3114.5060000000003,0.0
3720.0,0.2,3232.192,-3222.192,-3123.192,0.0
3730.0,0.2,3240.878,-3230.878,-3131.878,0.0
3740.0,0.2,3249.5640000000003,-3239.5640000000003,-3140.5640000000003,0.0
3750.0,0.2,3258.25,-3248.25,-3149.25,0.0
3760.0,0.2,3266.936,-3256.936,-3157.936,0.0
3770.0,0.2,3275.6220000000003,-3265.6220000000003,-3166.6220000000003,0.0
3780.0,0.2,3284.308,-3274.308,-3175.308,0.0
3790.0,0.2,3292.994,-3282.994,-3183.994,0.0
3800.0,0.2,3301.6800000000003,-3291.6800000000003,-3192.6800000000003,0.0
3810.0,0.2,3310.366,-3300.366,-3201.366,0.0
3820.0,0.2,3319.052,-3309.052,-3210.052,0.0
3830.0,0.2,3327.7380000000003,-3317.7380000000003,-3218.7380000000003,0.0
3840.0,0.2,3336.424,-3326.424,-3227.424,0.0
3850.0,0.2,3345.11,-3335.11,-3236.11,0.0
3860.0,0.2,3353.7960000000003,-3343.7960000000003,-3244.7960000000003,0.0
3870.0,0.2,3362.482,-3352.482,-3253.482,0.0
3880.0,0.2,3371.168,-3361.168,-3262.168,0.0
3890.0,0.2,3379.8540000000003,-3369.8540000000003,-3270.8540000000003,0.0
3900.0,0.2,3388.54,-3378.54,-3279.54,0.0
3910.0,0.2,3397.226,-3387.226,-3288.226,0.0
3920.0,0.2,3405.9120000000003,-3395.9120000000003,-3296.9120000000003,0.0
3930.0,0.2,3414.598,-3404.598,-3305.598,0.0
3940.0,0.2,3423.284,-3413.284,-3314.284,0.0
3950.0,0.2,3431.9700000000003,-3421.9700000000003,-3322.9700000000003,0.0
3960.0,0.2,3440.656,-3430.656,-3331.656,0.0
3970.0,0.2,3449.342,-3439.342,-3340.342,0.0
3980.0,0.2,3458.0280000000002,-3448.0280000000002,-3349.0280000000002,0.0
3990.0,0.2,3466.714,-3456.714,-3357.714,0.0
4000.0,0.2,3475.4,-3465.4,-3366.4,0.0
