distance_m,distance_km,L_atm_dB,L_turb_dB,L_point_dB,L_total_dB
10.0,0.01,0.012046930814434672,0.0001862854583139551,0.30962284345742963,0.3218560597301783
20.0,0.02,0.024093861628869343,0.0006638459040810576,0.30962284345742963,0.33438055099038005
30.0,0.03,0.03614079244330401,0.0013960509064203284,0.30962284345742963,0.347159686807154
40.0,0.04,0.048187723257738686,0.002365677859954058,0.30962284345742963,0.3601762445751224
50.0,0.05,0.060234654072173356,0.0035614263087947774,0.30962284345742963,0.37341892383839775
60.0,0.06,0.07228158488660802,0.004974959851955172,0.30962284345742963,0.3868793881959928
70.0,0.07,0.0843285157010427,0.006599717732420001,0.30962284345742963,0.4005510768908923
80.0,0.08,0.09637544651547737,0.00843031749186535,0.30962284345742963,0.41442860746477234
90.0,0.09,0.10842237732991203,0.010462212944346417,0.30962284345742963,0.4285074337316881
100.0,0.1,0.12046930814434671,0.012691480533027325,0.30962284345742963,0.44278363213480365
110.0,0.11,0.13251623895878137,0.015114677231692408,0.30962284345742963,0.4572537596479034
120.0,0.12,0.14456316977321604,0.017728741419627828,0.30962284345742963,0.4719147546502735
130.0,0.13,0.15661010058765074,0.02053092109260806,0.30962284345742963,0.48676386513768843
140.0,0.14,0.1686570314020854,0.023518720271603444,0.30962284345742963,0.5017985951311185
150.0,0.15,0.18070396221652005,0.02668985798214444,0.30962284345742963,0.5170166636560941
160.0,0.16,0.19275089303095475,0.03004223618807681,0.30962284345742963,0.5324159726764612
170.0,0.17,0.20479782384538942,0.033573914271274125,0.30962284345742963,0.5479945815740932
180.0,0.18,0.21684475465982406,0.03728308840411878,0.30962284345742963,0.5637506865213724
190.0,0.19,0.22889168547425875,0.04116807465001436,0.30962284345742963,0.5796826035817028
200.0,0.2,0.24093861628869342,0.04522729495270993,0.30962284345742963,0.595788754698833
210.0,0.21,0.2529855471031281,0.049459265397551896,0.30962284345742963,0.6120676559581096
220.0,0.22,0.26503247791756274,0.053862586283278356,0.30962284345742963,0.6285179076582708
230.0,0.23,0.27707940873199743,0.058435933653812666,0.30962284345742963,0.6451381858432397
240.0,0.24,0.2891263395464321,0.0631780520199505,0.30962284345742963,0.6619272350238122
250.0,0.25,0.3011732703608668,0.06808774806022169,0.30962284345742963,0.6788838618785181
260.0,0.26,0.31322020117530147,0.07316388513457932,0.30962284345742963,0.6960069297673104
270.0,0.27,0.3252671319897361,0.07840537847827303,0.30962284345742963,0.7132953539254387
280.0,0.28,0.3373140628041708,0.08381119096908952,0.30962284345742963,0.7307480972306899
290.0,0.29,0.34936099361860545,0.08938032938120039,0.30962284345742963,0.7483641664572355
300.0,0.3,0.3614079244330401,0.09511184105456212,0.30962284345742963,0.7661426089450318
310.0,0.31,0.3734548552474748,0.10100481092126307,0.30962284345742963,0.7840825096261674
320.0,0.32,0.3855017860619095,0.1070583588401064,0.30962284345742963,0.8021829883594456
330.0,0.33,0.39754871687634413,0.11327163719871847,0.30962284345742963,0.8204431975324923
340.0,0.34,0.40959564769077883,0.11964382874892916,0.30962284345742963,0.8388623198971377
350.0,0.35,0.4216425785052135,0.12617414464644094,0.30962284345742963,0.857439566609084
360.0,0.36,0.4336895093196481,0.1328618226701688,0.30962284345742963,0.8761741754472465
370.0,0.37,0.4457364401340828,0.13970612560015336,0.30962284345742963,0.8950654091916658
380.0,0.38,0.4577833709485175,0.14670633973601355,0.30962284345742963,0.9141125541419607
390.0,0.39,0.4698303017629522,0.15386177354030278,0.30962284345742963,0.9333149187606846
400.0,0.4,0.48187723257738685,0.16117175639329714,0.30962284345742963,0.9526718324281136
410.0,0.41,0.4939241633918215,0.16863563744746357,0.30962284345742963,0.9721826442967146
420.0,0.42,0.5059710942062562,0.17625278457136626,0.30962284345742963,0.9918467222350521
430.0,0.43,0.5180180250206908,0.18402258337404345,0.30962284345742963,1.0116634518521639
440.0,0.44,0.5300649558351255,0.19194443630198477,0.30962284345742963,1.03163223559454
450.0,0.45,0.5421118866495602,0.20001776180174186,0.30962284345742963,1.0517524919087315
460.0,0.46,0.5541588174639949,0.20824199354206085,0.30962284345742963,1.0720236544634854
470.0,0.47,0.5662057482784295,0.21661657969007297,0.30962284345742963,1.0924451714259322
480.0,0.48,0.5782526790928642,0.22514098223670953,0.30962284345742963,1.1130165047870033
490.0,0.49,0.5902996099072989,0.2338146763670389,0.30962284345742963,1.1337371297317675
500.0,0.5,0.6023465407217335,0.2426371498716545,0.30962284345742963,1.1546065340508176
510.0,0.51,0.6143934715361682,0.2516079025956755,0.30962284345742963,1.1756242175892733
520.0,0.52,0.6264404023506029,0.2607264459222538,0.30962284345742963,1.1967896917302863
530.0,0.53,0.6384873331650376,0.2699923022877979,0.30962284345742963,1.2181024789102652
540.0,0.54,0.6505342639794722,0.27940500472640567,0.30962284345742963,1.2395621121633074
550.0,0.55,0.662581194793907,0.28896409644122856,0.30962284345742963,1.2611681346925652
560.0,0.56,0.6746281256083416,0.2986691304007091,0.30962284345742963,1.2829200994664802
570.0,0.57,0.6866750564227762,0.3085196689578324,0.30962284345742963,1.3048175688380383
580.0,0.58,0.6987219872372109,0.3185152834906898,0.30962284345742963,1.3268601141853305
590.0,0.59,0.7107689180516455,0.32865555406282054,0.30962284345742963,1.3490473155718958
600.0,0.6,0.7228158488660802,0.33894006910190744,0.30962284345742963,1.3713787614254174
610.0,0.61,0.7348627796805149,0.3493684250955689,0.30962284345742963,1.3938540482335133
620.0,0.62,0.7469097104949496,0.359940226303042,0.30962284345742963,1.4164727802554213
630.0,0.63,0.7589566413093842,0.37065508448170553,0.30962284345742963,1.4392345692485193
640.0,0.64,0.771003572123819,0.38151261862743713,0.30962284345742963,1.4621390342086857
650.0,0.65,0.7830505029382536,0.3925124547279103,0.30962284345742963,1.4851858011235937
660.0,0.66,0.7950974337526883,0.40365422552798524,0.30962284345742963,1.508374502738103
670.0,0.67,0.807144364567123,0.41493757030643486,0.30962284345742963,1.5317047783309876
680.0,0.68,0.8191912953815577,0.4263621346632918,0.30962284345742963,1.555176273502279
690.0,0.69,0.8312382261959922,0.437927570317156,0.30962284345742963,1.5787886399705777
700.0,0.7,0.843285157010427,0.4496335349118731,0.30962284345742963,1.6025415353797299
710.0,0.71,0.8553320878248616,0.4614796918320022,0.30962284345742963,1.6264346231142937
720.0,0.72,0.8673790186392962,0.47346571002656884,0.30962284345742963,1.6504675721232949
730.0,0.73,0.879425949453731,0.4855912638406195,0.30962284345742963,1.6746400567517803
740.0,0.74,0.8914728802681656,0.4978560328541205,0.30962284345742963,1.6989517565797159
750.0,0.75,0.9035198110826004,0.510259701727794,0.30962284345742963,1.7234023562678242
760.0,0.76,0.915566741897035,0.5228019600555024,0.30962284345742963,1.7479915454099673
770.0,0.77,0.9276136727114697,0.5354825022228128,0.30962284345742963,1.772719018391712
780.0,0.78,0.9396606035259044,0.5483010272714185,0.30962284345742963,1.7975844742547524
790.0,0.79,0.9517075343403391,0.5612572387690886,0.30962284345742963,1.8225876165668575
800.0,0.8,0.9637544651547737,0.5743508446848613,0.30962284345742963,1.8477281532970649
810.0,0.81,0.9758013959692085,0.5875815572692074,0.30962284345742963,1.8730057966958453
820.0,0.82,0.987848326783643,0.6009490929388974,0.30962284345742963,1.89842026317997
830.0,0.83,0.9998952575980776,0.6144531721663428,0.30962284345742963,1.92397127322185
840.0,0.84,1.0119421884125124,0.6280935193731807,0.30962284345742963,1.9496585512431226
850.0,0.85,1.023989119226947,0.6418698628278895,0.30962284345742963,1.9754818255122664
860.0,0.86,1.0360360500413817,0.6557819345472367,0.30962284345742963,2.001440828046048
870.0,0.87,1.0480829808558163,0.6698294702013806,0.30962284345742963,2.0275352945146268
880.0,0.88,1.060129911670251,0.6840122090224328,0.30962284345742963,2.0537649641501132
890.0,0.89,1.0721768424846858,0.6983298937163347,0.30962284345742963,2.08012957965845
900.0,0.9,1.0842237732991205,0.7127822703778857,0.30962284345742963,2.106628887134436
910.0,0.91,1.096270704113555,0.7273690884087685,0.30962284345742963,2.133262635979753
920.0,0.92,1.1083176349279897,0.742090100438444,0.30962284345742963,2.1600305788238634
930.0,0.93,1.1203645657424244,0.7569450622477862,0.30962284345742963,2.18693247144764
940.0,0.94,1.132411496556859,0.7719337326953214,0.30962284345742963,2.2139680727096103
950.0,0.95,1.1444584273712937,0.7870558736459683,0.30962284345742963,2.2411371444746915
960.0,0.96,1.1565053581857283,0.8023112499021646,0.30962284345742963,2.268439451545323
970.0,0.97,1.168552289000163,0.8176996291372723,0.30962284345742963,2.295874761594865
980.0,0.98,1.1805992198145978,0.8332207818311714,0.30962284345742963,2.323442845103199
990.0,0.99,1.1926461506290325,0.848874481207938,0.30962284345742963,2.3511434752944003
1000.0,1.0,1.204693081443467,0.8646605031755293,0.30962284345742963,2.378976428076426
1010.0,1.01,1.2167400122579017,0.8805786262673851,0.30962284345742963,2.4069414819827166
1020.0,1.02,1.2287869430723364,0.8966286315858683,0.30962284345742963,2.4350384181156346
1030.0,1.03,1.2408338738867712,0.9128103027474666,0.30962284345742963,2.4632670200916675
1040.0,1.04,1.2528808047012059,0.9291234258296909,0.30962284345742963,2.4916270739883264
1050.0,1.05,1.2649277355156405,0.9455677893195903,0.30962284345742963,2.5201183682926604
1060.0,1.06,1.2769746663300752,0.9621431840638329,0.30962284345742963,2.5487406938513377
1070.0,1.07,1.2890215971445098,0.9788494032202806,0.30962284345742963,2.57749384382222
1080.0,1.08,1.3010685279589445,0.9956862422110018,0.30962284345742963,2.606377613627376
1090.0,1.09,1.3131154587733793,1.0126534986766695,0.30962284345742963,2.635391800907479
1100.0,1.1,1.325162389587814,1.0297509724322875,0.30962284345742963,2.6645362054775314
1110.0,1.11,1.3372093204022486,1.0469784654241996,0.30962284345742963,2.693810629283878
1120.0,1.12,1.3492562512166832,1.0643357816883252,0.30962284345742963,2.723214876362438
1130.0,1.13,1.3613031820311177,1.0818227273095837,0.30962284345742963,2.7527487527981314
1140.0,1.14,1.3733501128455523,1.0994391103824572,0.30962284345742963,2.7824120666854393
1150.0,1.15,1.385397043659987,1.1171847409726583,0.30962284345742963,2.812204628090075
1160.0,1.16,1.3974439744744218,1.1350594310798503,0.30962284345742963,2.842126249011702
1170.0,1.17,1.4094909052888565,1.153062994601394,0.30962284345742963,2.8721767433476804
1180.0,1.18,1.421537836103291,1.1711952472970781,0.30962284345742963,2.902355926857799
1190.0,1.19,1.4335847669177257,1.1894560067547968,0.30962284345742963,2.9326636171299523
1200.0,1.2,1.4456316977321604,1.2078450923571493,0.30962284345742963,2.9630996335467397
1210.0,1.21,1.4576786285465952,1.2263623252489184,0.30962284345742963,2.9936637972529434
1220.0,1.22,1.4697255593610299,1.245007528305405,0.30962284345742963,3.0243559311238646
1230.0,1.23,1.4817724901754645,1.2637805261015918,0.30962284345742963,3.055175859734486
1240.0,1.24,1.4938194209898992,1.282681144882095,0.30962284345742963,3.086123409329424
1250.0,1.25,1.5058663518043338,1.3017092125318943,0.30962284345742963,3.117198407793658
1260.0,1.26,1.5179132826187685,1.3208645585478027,0.30962284345742963,3.148400684624001
1270.0,1.27,1.5299602134332033,1.3401470140106533,0.30962284345742963,3.1797300709012863
1280.0,1.28,1.542007144247638,1.3595564115581924,0.30962284345742963,3.21118639926326
1290.0,1.29,1.5540540750620726,1.3790925853586289,0.30962284345742963,3.2427695038781312
1300.0,1.3,1.5661010058765072,1.3987553710848526,0.30962284345742963,3.27447922041879
1310.0,1.31,1.5781479366909419,1.418544605889269,0.30962284345742963,3.3063153860376406
1320.0,1.32,1.5901948675053765,1.4384601283792526,0.30962284345742963,3.338277839342059
1330.0,1.33,1.6022417983198114,1.4585017785931866,0.30962284345742963,3.3703664203704276
1340.0,1.34,1.614288729134246,1.4786693979770784,0.30962284345742963,3.402580970568754
1350.0,1.35,1.6263356599486807,1.4989628293617252,0.30962284345742963,3.4349213327678356
1360.0,1.36,1.6383825907631153,1.5193819169404201,0.30962284345742963,3.467387351160965
1370.0,1.37,1.65042952157755,1.539926506247179,0.30962284345742963,3.4999788712821585
1380.0,1.38,1.6624764523919844,1.5605964441354718,0.30962284345742963,3.5326957399848857
1390.0,1.39,1.6745233832064192,1.5813915787574384,0.30962284345742963,3.5655378054212874
1400.0,1.4,1.686570314020854,1.6023117595435905,0.30962284345742963,3.598504917021874
1410.0,1.41,1.6986172448352885,1.6233568371829628,0.30962284345742963,3.631596925475681
1420.0,1.42,1.7106641756497232,1.6445266636037177,0.30962284345742963,3.6648136827108706
1430.0,1.43,1.7227111064641578,1.6658210919541814,0.30962284345742963,3.698155041875769
1440.0,1.44,1.7347580372785925,1.6872399765843025,0.30962284345742963,3.731620857320325
1450.0,1.45,1.7468049680930273,1.7087831730275183,0.30962284345742963,3.7652109845779753
1460.0,1.46,1.758851898907462,1.7304505379830204,0.30962284345742963,3.798925280347912
1470.0,1.47,1.7708988297218966,1.7522419292984006,0.30962284345742963,3.8327636024777267
1480.0,1.48,1.7829457605363312,1.7741572059526813,0.30962284345742963,3.8667258099464425
1490.0,1.49,1.794992691350766,1.7961962280397001,0.30962284345742963,3.9008117628478955
1500.0,1.5,1.8070396221652008,1.8183588567518547,0.30962284345742963,3.935021322374485
1510.0,1.51,1.8190865529796354,1.840644954364188,0.30962284345742963,3.9693543508012534
1520.0,1.52,1.83113348379407,1.863054384218815,0.30962284345742963,4.003810711470314
1530.0,1.53,1.8431804146085047,1.8855870107096622,0.30962284345742963,4.038390268775596
1540.0,1.54,1.8552273454229393,1.9082426992675412,0.30962284345742963,4.07309288814791
1550.0,1.55,1.867274276237374,1.9310213163455092,0.30962284345742963,4.107918436040313
1560.0,1.56,1.8793212070518088,1.953922729404551,0.30962284345742963,4.142866779913789
1570.0,1.57,1.8913681378662435,1.9769468068995368,0.30962284345742963,4.177937788223209
1580.0,1.58,1.9034150686806781,2.000093418265468,0.30962284345742963,4.213131330403575
1590.0,1.59,1.9154619994951128,2.023362433904005,0.30962284345742963,4.248447276856547
1600.0,1.6,1.9275089303095474,2.0467537251702557,0.30962284345742963,4.283885498937233
1610.0,1.61,1.939555861123982,2.0702671643598336,0.30962284345742963,4.319445868941245
1620.0,1.62,1.951602791938417,2.0939026246961645,0.30962284345742963,4.355128260092011
1630.0,1.63,1.9636497227528513,2.117659980318047,0.30962284345742963,4.390932546528328
1640.0,1.64,1.975696653567286,2.1415391062674525,0.30962284345742963,4.4268586032921675
1650.0,1.65,1.9877435843817206,2.1655398784775635,0.30962284345742963,4.462906306316714
1660.0,1.66,1.9997905151961552,2.18966217376104,0.30962284345742963,4.499075532414625
1670.0,1.67,2.01183744601059,2.2139058697985106,0.30962284345742963,4.53536615926653
1680.0,1.68,2.0238843768250248,2.238270845127284,0.30962284345742963,4.571778065409738
1690.0,1.69,2.0359313076394594,2.2627569791302746,0.30962284345742963,4.608311130227163
1700.0,1.7,2.047978238453894,2.2873641520251278,0.30962284345742963,4.6449652339364516
1710.0,1.71,2.0600251692683287,2.312092244853563,0.30962284345742963,4.681740257579321
1720.0,1.72,2.0720721000827633,2.3369411394709014,0.30962284345742963,4.718636083011094
1730.0,1.73,2.084119030897198,2.361910718535793,0.30962284345742963,4.755652592890421
1740.0,1.74,2.0961659617116326,2.3870008655001302,0.30962284345742963,4.792789670669192
1750.0,1.75,2.1082128925260673,2.4122114645991504,0.30962284345742963,4.830047200582647
1760.0,1.76,2.120259823340502,2.437542400841707,0.30962284345742963,4.867425067639639
1770.0,1.77,2.132306754154937,2.462993560000731,0.30962284345742963,4.904923157613098
1780.0,1.78,2.1443536849693716,2.488564828603849,0.30962284345742963,4.94254135703065
1790.0,1.79,2.1564006157838063,2.5142560939241765,0.30962284345742963,4.980279553165412
1800.0,1.8,2.168447546598241,2.5400672439712775,0.30962284345742963,5.018137634026948
1810.0,1.81,2.1804944774126755,2.5659981674822734,0.30962284345742963,5.056115488352378
1820.0,1.82,2.19254140822711,2.592048753913115,0.30962284345742963,5.094213005597655
1830.0,1.83,2.204588339041545,2.618218893430009,0.30962284345742963,5.132430075928983
1840.0,1.84,2.2166352698559795,2.6445084769009823,0.30962284345742963,5.170766590214392
1850.0,1.85,2.228682200670414,2.6709173958876056,0.30962284345742963,5.2092224400154485
1860.0,1.86,2.2407291314848488,2.697445542636849,0.30962284345742963,5.2477975175791265
1870.0,1.87,2.2527760622992834,2.7240928100730795,0.30962284345742963,5.286491715829792
1880.0,1.88,2.264822993113718,2.750859091790196,0.30962284345742963,5.325304928361343
1890.0,1.89,2.2768699239281527,2.7777442820438965,0.30962284345742963,5.364237049429478
1900.0,1.9,2.2889168547425873,2.8047482757440716,0.30962284345742963,5.403287973944089
1910.0,1.91,2.300963785557022,2.83187096844733,0.30962284345742963,5.4424575974617815
1920.0,1.92,2.3130107163714566,2.859112256349646,0.30962284345742963,5.481745816178532
1930.0,1.93,2.3250576471858913,2.8864720362791285,0.30962284345742963,5.5211525269224495
1940.0,1.94,2.337104578000326,2.9139502056889075,0.30962284345742963,5.560677627146663
1950.0,1.95,2.349151508814761,2.94154666265014,0.30962284345742963,5.60032101492233
1960.0,1.96,2.3611984396291956,2.969261305845128,0.30962284345742963,5.640082588931753
1970.0,1.97,2.3732453704436303,2.997094034560548,0.30962284345742963,5.6799622484616075
1980.0,1.98,2.385292301258065,3.0250447486807897,0.30962284345742963,5.719959893396284
1990.0,1.99,2.3973392320724995,3.053113348681401,0.30962284345742963,5.76007542421133
2000.0,2.0,2.409386162886934,3.0812997356226384,0.30962284345742963,5.800308741967002
2010.0,2.01,2.4214330937013684,3.1096038111431197,0.30962284345742963,5.840659748301917
2020.0,2.02,2.4334800245158035,3.138025477453577,0.30962284345742963,5.881128345426809
2030.0,2.03,2.445526955330238,3.1665646373307026,0.30962284345742963,5.92171443611837
2040.0,2.04,2.4575738861446728,3.195221194111106,0.30962284345742963,5.962417923713208
2050.0,2.05,2.4696208169591074,3.223995051685341,0.30962284345742963,6.0032387121018775
2060.0,2.06,2.4816677477735425,3.2528861144920516,0.30962284345742963,6.044176705723023
2070.0,2.07,2.4937146785879767,3.28189428751219,0.30962284345742963,6.085231809557596
2080.0,2.08,2.5057616094024118,3.3110194762633274,0.30962284345742963,6.1264039291231684
2090.0,2.09,2.517808540216846,3.3402615867940555,0.30962284345742963,6.16769297046833
2100.0,2.1,2.529855471031281,3.369620525678468,0.30962284345742963,6.2090988401671785
2110.0,2.11,2.5419024018457153,3.3990962000107316,0.30962284345742963,6.250621445313876
2120.0,2.12,2.5539493326601503,3.4286885173997335,0.30962284345742963,6.2922606935173135
2130.0,2.13,2.565996263474585,3.4583973859638037,0.30962284345742963,6.3340164928958185
2140.0,2.14,2.5780431942890196,3.488222714325537,0.30962284345742963,6.375888752071986
2150.0,2.15,2.5900901251034543,3.518164411606661,0.30962284345742963,6.417877380167544
2160.0,2.16,2.602137055917889,3.548222387423011,0.30962284345742963,6.459982286798329
2170.0,2.17,2.6141839867323236,3.578396551879553,0.30962284345742963,6.502203382069306
2180.0,2.18,2.6262309175467586,3.6086868155654965,0.30962284345742963,6.544540576569684
2190.0,2.19,2.638277848361193,3.63909308954947,0.30962284345742963,6.586993781368092
2200.0,2.2,2.650324779175628,3.6696152853747703,0.30962284345742963,6.629562908007827
2210.0,2.21,2.662371709990062,3.7002533150546775,0.30962284345742963,6.6722478685021684
2220.0,2.22,2.674418640804497,3.731007091067836,0.30962284345742963,6.715048575329762
2230.0,2.23,2.6864655716189314,3.7618765263537126,0.30962284345742963,6.757964941430073
2240.0,2.24,2.6985125024333665,3.7928615343081002,0.30962284345742963,6.8009968801988965
2250.0,2.25,2.710559433247801,3.823962028778703,0.30962284345742963,6.844144305483933
2260.0,2.26,2.7226063640622353,3.855177924060775,0.30962284345742963,6.8874071315804395
2270.0,2.27,2.7346532948766704,3.8865091348928162,0.30962284345742963,6.930785273226916
2280.0,2.28,2.7467002256911046,3.9179555764523437,0.30962284345742963,6.974278645600878
2290.0,2.29,2.7587471565055397,3.9495171643517035,0.30962284345742963,7.017887164314672
2300.0,2.3,2.770794087319974,3.9811938146339516,0.30962284345742963,7.061610745411355
2310.0,2.31,2.782841018134409,4.012985443768792,0.30962284345742963,7.10544930536063
2320.0,2.32,2.7948879489488436,4.044891968648565,0.30962284345742963,7.149402761054837
2330.0,2.33,2.8069348797632783,4.07691330658429,0.30962284345742963,7.193471029804997
2340.0,2.34,2.818981810577713,4.109049375301771,0.30962284345742963,7.2376540293369125
2350.0,2.35,2.831028741392148,4.141300092937748,0.30962284345742963,7.281951677787326
2360.0,2.36,2.843075672206582,4.173665378036097,0.30962284345742963,7.326363893700108
2370.0,2.37,2.8551226030210173,4.206145149544092,0.30962284345742963,7.370890596022539
2380.0,2.38,2.8671695338354515,4.238739326808702,0.30962284345742963,7.415531704101582
2390.0,2.39,2.8792164646498866,4.271447829572955,0.30962284345742963,7.460287137680272
2400.0,2.4,2.8912633954643208,4.3042705779723365,0.30962284345742963,7.505156816894086
2410.0,2.41,2.903310326278756,4.337207492531242,0.30962284345742963,7.550140662267427
2420.0,2.42,2.9153572570931905,4.370258494159468,0.30962284345742963,7.5952385947100876
2430.0,2.43,2.927404187907625,4.403423504148768,0.30962284345742963,7.640450535513823
2440.0,2.44,2.9394511187220598,4.4367024441694305,0.30962284345742963,7.68577640634892
2450.0,2.45,2.9514980495364944,4.470095236266913,0.30962284345742963,7.731216129260837
2460.0,2.46,2.963544980350929,4.503601802858526,0.30962284345742963,7.776769626666884
2470.0,2.47,2.975591911165364,4.537222066730141,0.30962284345742963,7.822436821352935
2480.0,2.48,2.9876388419797983,4.570955951032964,0.30962284345742963,7.868217636470192
2490.0,2.49,2.9996857727942334,4.604803379280328,0.30962284345742963,7.91411199553199
2500.0,2.5,3.0117327036086676,4.638764275344541,0.30962284345742963,7.960119822410638
2510.0,2.51,3.0237796344231023,4.67283856345377,0.30962284345742963,8.006241041334302
2520.0,2.52,3.035826565237537,4.707026168188968,0.30962284345742963,8.052475576883934
2530.0,2.53,3.0478734960519716,4.7413270144808255,0.30962284345742963,8.098823353990227
2540.0,2.54,3.0599204268664066,4.775741027606778,0.30962284345742963,8.145284297930614
2550.0,2.55,3.071967357680841,4.8102681331880435,0.30962284345742963,8.191858334326314
2560.0,2.56,3.084014288495276,4.844908257186691,0.30962284345742963,8.238545389139396
2570.0,2.57,3.09606121930971,4.8796613259027595,0.30962284345742963,8.2853453886699
2580.0,2.58,3.108108150124145,4.9145272659713966,0.30962284345742963,8.33225825955297
2590.0,2.59,3.1201550809385794,4.94950600436004,0.30962284345742963,8.379283928756049
2600.0,2.6,3.1322020117530145,4.984597468365639,0.30962284345742963,8.426422323576082
2610.0,2.61,3.144248942567449,5.0198015856119,0.30962284345742963,8.473673371636778
2620.0,2.62,3.1562958733818838,5.05511828404657,0.30962284345742963,8.521037000885883
2630.0,2.63,3.1683428041963184,5.090547491938753,0.30962284345742963,8.5685131395925
2640.0,2.64,3.180389735010753,5.126089137876255,0.30962284345742963,8.616101716344437
2650.0,2.65,3.1924366658251877,5.161743150762974,0.30962284345742963,8.66380266004559
2660.0,2.66,3.204483596639623,5.1975094598163,0.30962284345742963,8.711615899913351
2670.0,2.67,3.216530527454057,5.233387994564563,0.30962284345742963,8.75954136547605
2680.0,2.68,3.228577458268492,5.269378684844506,0.30962284345742963,8.807578986570427
2690.0,2.69,3.2406243890829263,5.305481460798786,0.30962284345742963,8.855728693339142
2700.0,2.7,3.2526713198973614,5.3416962528735095,0.30962284345742963,8.9039904162283
2710.0,2.71,3.264718250711796,5.378022991815785,0.30962284345742963,8.95236408598501
2720.0,2.72,3.2767651815262306,5.414461608671327,0.30962284345742963,9.000849633654987
2730.0,2.73,3.2888121123406653,5.451012034782061,0.30962284345742963,9.049446990580156
2740.0,2.74,3.3008590431551,5.487674201783773,0.30962284345742963,9.098156088396301
2750.0,2.75,3.3129059739695346,5.524448041603786,0.30962284345742963,9.14697685903075
2760.0,2.76,3.3249529047839688,5.561333486458652,0.30962284345742963,9.19590923470005
2770.0,2.77,3.336999835598404,5.598330468851888,0.30962284345742963,9.24495314790772
2780.0,2.78,3.3490467664128385,5.6354389215717156,0.30962284345742963,9.294108531441983
2790.0,2.79,3.361093697227273,5.672658777688854,0.30962284345742963,9.343375318373557
2800.0,2.8,3.373140628041708,5.709989970554305,0.30962284345742963,9.392753442053442
2810.0,2.81,3.3851875588561424,5.747432433797196,0.30962284345742963,9.442242836110768
2820.0,2.82,3.397234489670577,5.784986101322627,0.30962284345742963,9.491843434450633
2830.0,2.83,3.409281420485012,5.822650907309546,0.30962284345742963,9.541555171251987
2840.0,2.84,3.4213283512994463,5.860426786208643,0.30962284345742963,9.591377980965518
2850.0,2.85,3.4333752821138814,5.898313672740293,0.30962284345742963,9.641311798311603
2860.0,2.86,3.4454222129283156,5.936311501892481,0.30962284345742963,9.691356558278226
2870.0,2.87,3.4574691437427507,5.974420208918786,0.30962284345742963,9.741512196118965
2880.0,2.88,3.469516074557185,6.012639729336366,0.30962284345742963,9.79177864735098
2890.0,2.89,3.48156300537162,6.0509699989239705,0.30962284345742963,9.84215584775302
2900.0,2.9,3.4936099361860546,6.089410953719991,0.30962284345742963,9.892643733363474
2910.0,2.91,3.5056568670004893,6.127962530020498,0.30962284345742963,9.943242240478416
2920.0,2.92,3.517703797814924,6.166624664377334,0.30962284345742963,9.993951305649688
2930.0,2.93,3.5297507286293586,6.205397293596202,0.30962284345742963,10.04477086568299
2940.0,2.94,3.541797659443793,6.2442803547348005,0.30962284345742963,10.095700857636023
2950.0,2.95,3.5538445902582283,6.28327378510095,0.30962284345742963,10.146741218816608
2960.0,2.96,3.5658915210726625,6.322377522250759,0.30962284345742963,10.197891886780852
2970.0,2.97,3.5779384518870976,6.361591503986803,0.30962284345742963,10.24915279933133
2980.0,2.98,3.589985382701532,6.400915668356326,0.30962284345742963,10.300523894515287
2990.0,2.99,3.602032313515967,6.440349953649455,0.30962284345742963,10.352005110622851
3000.0,3.0,3.6140792443304015,6.47989429839744,0.30962284345742963,10.40359638618527
3010.0,3.01,3.6261261751448357,6.519548641370912,0.30962284345742963,10.455297659973176
3020.0,3.02,3.638173105959271,6.5593129215781545,0.30962284345742963,10.507108870994855
3030.0,3.03,3.650220036773705,6.5991870782633955,0.30962284345742963,10.55902995849453
3040.0,3.04,3.66226696758814,6.639171050905125,0.30962284345742963,10.611060861950694
3050.0,3.05,3.6743138984025743,6.679264779214408,0.30962284345742963,10.663201521074413
3060.0,3.06,3.6863608292170094,6.719468203133251,0.30962284345742963,10.71545187580769
3070.0,3.07,3.698407760031444,6.759781262832942,0.30962284345742963,10.767811866321816
3080.0,3.08,3.7104546908458786,6.800203898712452,0.30962284345742963,10.82028143301576
3090.0,3.09,3.7225016216603133,6.840736051396812,0.30962284345742963,10.872860516514555
3100.0,3.1,3.734548552474748,6.881377661735538,0.30962284345742963,10.925549057667716
3110.0,3.11,3.7465954832891826,6.922128670801058,0.30962284345742963,10.97834699754767
3120.0,3.12,3.7586424141036177,6.96298901988715,0.30962284345742963,11.031254277448197
3130.0,3.13,3.770689344918052,7.003958650507414,0.30962284345742963,11.084270838882896
3140.0,3.14,3.782736275732487,7.045037504393736,0.30962284345742963,11.137396623583653
3150.0,3.15,3.794783206546921,7.08622552349479,0.30962284345742963,11.190631573499141
3160.0,3.16,3.8068301373613562,7.127522649974539,0.30962284345742963,11.243975630793324
3170.0,3.17,3.8188770681757904,7.168928826210762,0.30962284345742963,11.297428737843981
3180.0,3.18,3.8309239989902255,7.210443994793579,0.30962284345742963,11.350990837241234
3190.0,3.19,3.84297092980466,7.252068098524022,0.30962284345742963,11.40466187178611
3200.0,3.2,3.855017860619095,7.293801080412582,0.30962284345742963,11.458441784489105
3210.0,3.21,3.8670647914335294,7.335642883677797,0.30962284345742963,11.512330518568756
3220.0,3.22,3.879111722247964,7.377593451744845,0.30962284345742963,11.566328017450239
3230.0,3.23,3.8911586530623987,7.419652728244154,0.30962284345742963,11.620434224763983
3240.0,3.24,3.903205583876834,7.461820657010021,0.30962284345742963,11.674649084344285
3250.0,3.25,3.915252514691268,7.504097182079244,0.30962284345742963,11.728972540227941
3260.0,3.26,3.9272994455057026,7.546482247689776,0.30962284345742963,11.783404536652908
3270.0,3.27,3.9393463763201373,7.588975798279387,0.30962284345742963,11.837945018056953
3280.0,3.28,3.951393307134572,7.631577778484326,0.30962284345742963,11.892593929076327
3290.0,3.29,3.9634402379490066,7.674288133138026,0.30962284345742963,11.947351214544462
3300.0,3.3,3.975487168763441,7.717106807269792,0.30962284345742963,12.002216819490663
3310.0,3.31,3.9875340995778763,7.760033746103513,0.30962284345742963,12.05719068913882
3320.0,3.32,3.9995810303923105,7.803068895056398,0.30962284345742963,12.112272768906138
3330.0,3.33,4.011627961206745,7.846212199737696,0.30962284345742963,12.16746300440187
3340.0,3.34,4.02367489202118,7.889463605947464,0.30962284345742963,12.222761341426073
3350.0,3.35,4.035721822835615,7.932823059675307,0.30962284345742963,12.278167725968352
3360.0,3.36,4.0477687536500495,7.976290507099167,0.30962284345742963,12.333682104206645
3370.0,3.37,4.059815684464485,8.019865894584099,0.30962284345742963,12.389304422506012
3380.0,3.38,4.071862615278919,8.063549168681071,0.30962284345742963,12.445034627417419
3390.0,3.39,4.083909546093354,8.107340276125765,0.30962284345742963,12.500872665676548
3400.0,3.4,4.095956476907788,8.1512391638374,0.30962284345742963,12.55681848420262
3410.0,3.41,4.108003407722223,8.195245778917563,0.30962284345742963,12.612872030097215
3420.0,3.42,4.120050338536657,8.239360068649034,0.30962284345742963,12.669033250643121
3430.0,3.43,4.1320972693510925,8.283581980494661,0.30962284345742963,12.725302093303183
3440.0,3.44,4.144144200165527,8.3279114620962,0.30962284345742963,12.781678505719157
3450.0,3.45,4.156191130979962,8.372348461273194,0.30962284345742963,12.838162435710586
3460.0,3.46,4.168238061794396,8.41689292602186,0.30962284345742963,12.894753831273686
3470.0,3.47,4.180284992608831,8.461544804513979,0.30962284345742963,12.95145264058024
3480.0,3.48,4.192331923423265,8.506304045095785,0.30962284345742963,13.008258811976479
3490.0,3.49,4.2043788542377,8.551170596286905,0.30962284345742963,13.065172293982034
3500.0,3.5,4.2164257850521345,8.596144406779253,0.30962284345742963,13.122193035288817
3510.0,3.51,4.22847271586657,8.64122542543598,0.30962284345742963,13.179320984759979
3520.0,3.52,4.240519646681004,8.686413601290408,0.30962284345742963,13.236556091428842
3530.0,3.53,4.252566577495439,8.731708883544986,0.30962284345742963,13.293898304497855
3540.0,3.54,4.264613508309874,8.777111221570248,0.30962284345742963,13.351347573337552
3550.0,3.55,4.276660439124308,8.822620564903781,0.30962284345742963,13.408903847485519
3560.0,3.56,4.288707369938743,8.868236863249207,0.30962284345742963,13.46656707664538
3570.0,3.57,4.300754300753177,8.91396006647517,0.30962284345742963,13.524337210685776
3580.0,3.58,4.3128012315676125,8.959790124614344,0.30962284345742963,13.582214199639385
3590.0,3.59,4.324848162382047,9.005726987862408,0.30962284345742963,13.640197993701884
3600.0,3.6,4.336895093196482,9.051770606577103,0.30962284345742963,13.698288543231014
3610.0,3.61,4.348942024010916,9.097920931277223,0.30962284345742963,13.756485798745569
3620.0,3.62,4.360988954825351,9.144177912641668,0.30962284345742963,13.814789710924448
3630.0,3.63,4.373035885639785,9.190541501508465,0.30962284345742963,13.87320023060568
3640.0,3.64,4.38508281645422,9.237011648873834,0.30962284345742963,13.931717308785483
3650.0,3.65,4.397129747268655,9.283588305891238,0.30962284345742963,13.990340896617322
3660.0,3.66,4.40917667808309,9.33027142387045,0.30962284345742963,14.049070945410968
3670.0,3.67,4.421223608897524,9.377060954276626,0.30962284345742963,14.107907406631579
3680.0,3.68,4.433270539711959,9.423956848729384,0.30962284345742963,14.166850231898772
3690.0,3.69,4.445317470526393,9.4709590590019,0.30962284345742963,14.225899372985722
3700.0,3.7,4.457364401340828,9.518067537020004,0.30962284345742963,14.28505478181826
3710.0,3.71,4.469411332155263,9.565282234861273,0.30962284345742963,14.344316410473965
3720.0,3.72,4.4814582629696975,9.612603104754161,0.30962284345742963,14.403684211181288
3730.0,3.73,4.493505193784133,9.660030099077112,0.30962284345742963,14.463158136318674
3740.0,3.74,4.505552124598567,9.707563170357684,0.30962284345742963,14.522738138413679
3750.0,3.75,4.517599055413002,9.755202271271688,0.30962284345742963,14.582424170142119
3760.0,3.76,4.529645986227436,9.802947354642335,0.30962284345742963,14.6422161843272
3770.0,3.77,4.541692917041871,9.850798373439373,0.30962284345742963,14.702114133938673
3780.0,3.78,4.553739847856305,9.898755280778259,0.30962284345742963,14.762117972091993
3790.0,3.79,4.5657867786707405,9.946818029919308,0.30962284345742963,14.822227652047477
3800.0,3.8,4.577833709485175,9.99498657426688,0.30962284345742963,14.882443127209484
3810.0,3.81,4.58988064029961,10.043260867368547,0.30962284345742963,14.942764351125586
3820.0,3.82,4.601927571114044,10.091640862914273,0.30962284345742963,15.003191277485747
3830.0,3.83,4.613974501928479,10.140126514735616,0.30962284345742963,15.063723860121524
3840.0,3.84,4.626021432742913,10.188717776804932,0.30962284345742963,15.124362053005274
3850.0,3.85,4.638068363557348,10.237414603234559,0.30962284345742963,15.185105810249336
3860.0,3.86,4.6501152943717825,10.286216948276042,0.30962284345742963,15.245955086105255
3870.0,3.87,4.662162225186218,10.335124766319353,0.30962284345742963,15.306909834963001
3880.0,3.88,4.674209156000652,10.384138011892102,0.30962284345742963,15.367970011350183
3890.0,3.89,4.686256086815087,10.433256639658786,0.30962284345742963,15.429135569931303
3900.0,3.9,4.698303017629522,10.48248060442001,0.30962284345742963,15.490406465506961
3910.0,3.91,4.710349948443956,10.531809861111736,0.30962284345742963,15.55178265301312
3920.0,3.92,4.722396879258391,10.581244364804537,0.30962284345742963,15.613264087520356
3930.0,3.93,4.734443810072825,10.63078407070284,0.30962284345742963,15.674850724233094
3940.0,3.94,4.7464907408872605,10.680428934144198,0.30962284345742963,15.736542518488887
3950.0,3.95,4.758537671701696,10.730178910598555,0.30962284345742963,15.79833942575768
3960.0,3.96,4.77058460251613,10.780033955667518,0.30962284345742963,15.860241401641076
3970.0,3.97,4.782631533330565,10.829994025083634,0.30962284345742963,15.922248401871627
3980.0,3.98,4.794678464144999,10.880059074709674,0.30962284345742963,15.984360382312103
3990.0,3.99,4.806725394959434,10.930229060537929,0.30962284345742963,16.046577298954794
4000.0,4.0,4.818772325773868,10.980503938689498,0.30962284345742963,16.108899107920795
