distance_m,FSPL_dB,rain_loss_dB,shadowing_dB,total_loss_dB
10.0,66.42940008672036,1.4822688982138956e-05,1.2188683190177254,67.64828322842708
20.0,72.44999999999999,2.9645377964277912e-05,-4.159936424961982,68.29009322041597
30.0,75.97182518111362,4.4468066946416864e-05,3.001804783225829,78.9736744324064
40.0,78.47059991327961,5.9290755928555825e-05,3.7622588655648554,82.2329180696004
50.0,80.40880017344074,7.411344491069478e-05,-7.804140754615346,72.6047335322703
60.0,81.99242509439324,8.893613389283373e-05,-5.208718027449272,76.78379600307787
70.0,83.3313608870055,0.0001037588228749727,0.5113616126691415,83.84282625849752
80.0,84.49119982655924,0.00011858151185711165,-1.2649703693743288,83.22634803869677
90.0,85.51425027550687,0.00013340420083925058,-0.06720463001715518,85.44717904969055
100.0,86.42940008672036,0.00014822688982138956,-3.41217571029432,83.01737260331586
110.0,87.25725378988486,0.0001630495788035285,3.5175918994513142,90.77500873891498
120.0,88.01302500767287,0.00017787226778566745,3.1111677417157932,91.12437062165644
130.0,88.70826713285709,0.00019269495676780643,0.2641227902448642,88.97258261805872
140.0,89.35196080028513,0.0002075176457499454,4.5089648278721315,93.86113314580301
150.0,89.95122526783399,0.00022234033473208432,1.8700373690081824,91.82148497717691
160.0,90.51179973983886,0.0002371630237142233,-3.437169851532953,87.07486705132962
170.0,91.03837851428585,0.00025198571269636225,1.4750031363299954,92.51363363632854
180.0,91.53485018878649,0.00026680840167850117,-3.8355304033159956,87.69958659387217
190.0,92.00447210577693,0.00028163109066064014,3.51380120522909,95.51855494209667
200.0,92.44999999999999,0.0002964537796427791,-0.19970364394501158,92.25059280983461
210.0,92.87378598139875,0.00031127646862491804,-0.7394494541810422,92.13464780368633
220.0,93.27785370316448,0.000326099157607057,-2.7237181776157655,90.55446162470632
230.0,93.66395680707222,0.000340921846589196,4.890165354696121,98.55446308361493
240.0,94.03362492095249,0.0003557445355713349,-0.6181179282752086,93.41586273721285
250.0,94.38820026016111,0.0003705672245534739,-1.7133112886524289,92.67525953873323
260.0,94.72886704613671,0.00038538991353561286,-1.4085342019529183,93.32071823409733
270.0,95.05667536990012,0.00040021260251775183,2.129236742213395,97.18631232471603
280.0,95.37256071356475,0.0004150352914998908,1.4617762574563133,96.83475200631256
290.0,95.67736004469947,0.0004298579804820297,1.6509304463839536,97.3287203490639
300.0,95.97182518111362,0.00044468066946416865,1.723284012031531,97.6955538738146
310.0,96.25663396340582,0.0004595033584463076,8.566590403481845,104.8236838702461
320.0,96.53239965311849,0.0004743260474284466,-1.6256600655384623,94.90721391362744
330.0,96.79967888427811,0.0004891487364105855,-2.0489709162861494,94.75119711672836
340.0,97.05897842756548,0.0005039714253927245,-3.255090912991511,93.80439148599936
350.0,97.31076097372588,0.0005187941143748634,2.4639176903019826,99.77519745814223
360.0,97.55545010206612,0.0005336168033570023,4.5158891708835665,102.07187288975304
370.0,97.79343456806026,0.0005484394923391413,-0.4557898306195003,97.3381931769331
380.0,98.02507201905655,0.0005632621813212803,-3.360625907850112,94.66500937338776
390.0,98.25069222725034,0.0005780848703034193,-3.297924862764958,94.95334544935568
400.0,98.47059991327961,0.0005929075592855582,2.6023711512988044,101.07356397213769
410.0,98.68507722111508,0.0006077302482676971,2.973016684813769,101.65870163617711
420.0,98.89438589467838,0.0006225529372498361,2.17261707322078,101.0676255208364
430.0,99.09876919831208,0.000637375626231975,-2.662038829154777,96.43736774478353
440.0,99.2984536164441,0.000652198315214114,0.9286452922668791,100.2277511070262
450.0,99.49365036222724,0.000667021004196253,0.4667432365629129,99.96106061979435
460.0,99.68455672035185,0.000681843693178392,0.8747543869160518,100.55999295096107
470.0,99.87135724543472,0.0006966663821605308,3.4857151117927594,103.35776902360963
480.0,100.05422483423212,0.0007114890711426698,0.8943821950987291,100.94931851840198
490.0,100.23332168729064,0.0007263117601248088,2.7156542522875795,102.94970225133834
500.0,100.40880017344074,0.0007411344491069478,0.27031627795556584,100.67985758584541
510.0,100.5808036086791,0.0007559571380890867,1.1564775947599366,101.73803716057712
520.0,100.74946695941634,0.0007707798270712257,2.5251529033541615,103.27539064259756
530.0,100.91491747873613,0.0007856025160533647,-5.828623279422666,95.0870798018295
540.0,101.07727528317974,0.0008004252050355037,-1.2786848654292053,99.79939084295557
550.0,101.23665387660523,0.0008152478940176426,-1.881490617171182,99.35597850732808
560.0,101.39316062684438,0.0008300705829997816,-2.5555113929733677,98.83847930445401
570.0,101.54689720017018,0.0008448932719819204,-1.100569004906735,100.44717308853544
580.0,101.6979599579791,0.0008597159609640593,5.9797652449375835,107.67858491887765
590.0,101.84644031956324,0.0008745386499461983,-3.463324462772973,98.38399039544022
600.0,101.99242509439324,0.0008893613389283373,3.8731134183659233,105.8664278740981
610.0,102.13599678693572,0.0009041840279104763,-6.731479086463219,95.40542188450041
620.0,102.27723387668544,0.0009190067168926152,-1.3395401199430994,100.93861276345925
630.0,102.416211075792,0.0009338294058747542,0.6510122604200224,103.0681571656179
640.0,102.55299956639811,0.0009486520948568932,2.3448893254371126,104.89883754393009
650.0,102.68766721957746,0.0009634747838390322,2.84490631917142,105.53353701353272
660.0,102.82027879755773,0.000978297472821171,3.173388940799701,105.99464603583026
670.0,102.95089614073689,0.00099312016180331,-1.3949002889937503,101.55698897190494
680.0,103.0795783408451,0.001007942850785449,-1.8494071706582687,101.23117911303763
690.0,103.20638190146548,0.0010227655397675877,3.4319035250286154,106.63930819203387
700.0,103.3313608870055,0.0010375882287497267,-0.7652172995264596,102.5671811757078
710.0,103.45456706110187,0.0010524109177318657,-5.1027452933516875,98.35287417866792
720.0,103.57605001534574,0.0010672336067140047,-4.533148856013923,99.04396839293854
730.0,103.69585728912949,0.0010820562956961436,-3.6778091440064453,100.01913020141875
740.0,103.81403448133989,0.0010968789846782826,1.9886429762150561,105.80377433653963
750.0,103.93062535455437,0.0011117016736604216,0.569702944282261,104.50144000051029
760.0,104.04567193233618,0.0011265243626425606,2.761941416271073,106.8087398729699
770.0,104.15921459017,0.0011413470516246995,-1.709010585346137,102.45134535187549
780.0,104.27129214052997,0.0011561697406068385,0.6341587643068569,104.90660707457744
790.0,104.38194191252919,0.0011709924295889775,2.502361575869347,106.88547448082812
800.0,104.49119982655924,0.0011858151185711165,-1.2373861588809536,103.25499948279686
810.0,104.59910046429337,0.0012006378075532554,1.8271009502296458,106.42740205233058
820.0,104.7056771343947,0.0012154604965353942,-2.647703764266605,102.05918883062463
830.0,104.81096193424185,0.0012302831855175332,-1.4522153862602871,103.35997683116707
840.0,104.914985807958,0.0012451058744996722,-1.5269515759933163,103.38927933783918
850.0,105.01777860100623,0.0012599285634818111,-4.783358582356159,100.23567994721355
860.0,105.11936911159171,0.00127475125246395,1.9478899231423272,107.0685337859865
870.0,105.21978513909272,0.001289573941446089,-1.8776093608108955,103.34346535222328
880.0,105.31905352972373,0.001304396630428228,0.04997647491074972,105.37033440126491
890.0,105.41720021961862,0.001319219319410367,1.9229866356236358,107.34150607456166
900.0,105.51425027550687,0.001334042008392506,1.7861247041197763,107.30170902163503
910.0,105.61022793314223,0.001348864697374645,2.661540435891145,108.27311723373074
920.0,105.70515663363147,0.001363687386356784,-0.39394193803769445,105.31257838298013
930.0,105.79905905779907,0.001378510075338923,-1.693193248176615,104.1072443196978
940.0,105.89195715871435,0.0013933327643210617,-0.3188728436255962,105.57447764785307
950.0,105.9838721924973,0.0014081554533032007,-6.749337735832119,99.23594261211849
960.0,106.07482474751174,0.0014229781422853396,-5.788449889692349,100.28779783596168
970.0,106.16483477204525,0.0014378008312674786,-5.2907984494176095,100.87547412345891
980.0,106.25392160057027,0.0014526235202496176,-3.988987310405927,102.26638691368458
990.0,106.34210397867136,0.0014674462092317566,1.5990969068937464,107.94266833177434
1000.0,106.42940008672036,0.0014822688982138955,-3.621916221440243,102.80896613417833
1010.0,106.5158275623732,0.0014970915871960345,-1.5126502161575588,105.00467443780285
1020.0,106.60140352195873,0.0015119142761781735,5.196913191144262,111.79982862737917
1030.0,106.6861445808238,0.0015267369651603125,-1.4250558842457037,105.26261543354325
1040.0,106.77006687269596,0.0015415596541424514,2.950062273868346,109.72167070621845
1050.0,106.85318606811913,0.0015563823431245904,-3.734470720039508,103.12027173042274
1060.0,106.93551739201575,0.0015712050321067294,-0.8217502314705201,106.11533836557734
1070.0,107.01707564042457,0.0015860277210888684,-3.800088219642325,103.21857344850334
1080.0,107.09787519645937,0.0016008504100710073,-1.35613230360225,105.74334374326719
1090.0,107.17793004553283,0.0016156730990531463,3.361232549829582,110.54077826846147
1100.0,107.25725378988486,0.0016304957880352853,-6.909281692769395,100.3496025929035
1110.0,107.33585966245352,0.0016453184770174243,1.7376945741834293,109.07519955511397
1120.0,107.413760540124,0.0016601411659995632,0.9509424093291116,108.36636309061912
1130.0,107.49096895638877,0.0016749638549817018,-2.3765998227871776,105.11604409745658
1140.0,107.5674971134498,0.0016897865439638407,-5.784231417553818,101.78495548243995
1150.0,107.6433568937926,0.0017046092329459797,0.28851803085547806,107.93357953388103
1160.0,107.71855987125872,0.0017194319219281187,-2.1179708362552097,105.60230846692544
1170.0,107.79311732164359,0.0017342546109102577,0.9307048454188158,108.72555642167332
1180.0,107.86704023284287,0.0017490772998923966,0.08740858209377152,107.95619789223653
1190.0,107.94033931457096,0.0017638999888745356,6.407115565283662,114.3492187798435
1200.0,108.01302500767287,0.0017787226778566746,-0.9574225098920971,107.05738122045862
1210.0,108.08510749304938,0.0017935453668388136,-4.09398997048746,103.99291106792876
1220.0,108.15659670021535,0.0018083680558209525,0.7171025398252646,108.87550760809643
1230.0,108.22750231550833,0.0018231907448030915,0.8799867358870607,109.10931224214019
1240.0,108.29783378996507,0.0018380134337852305,5.436750300961746,113.7364221043606
1250.0,108.36760034688149,0.0018528361227673695,3.340444983658314,111.70989816666257
1260.0,108.43681098907163,0.0018676588117495084,1.4274842365980374,109.86616288448141
1270.0,108.50547450583952,0.0018824815007316474,5.853211564878247,114.3605685522185
1280.0,108.57359947967774,0.0018973041897137864,-4.755052217291404,103.82044456657604
1290.0,108.64119429270534,0.0019121268786959254,-2.559006130998991,106.08410028858503
1300.0,108.70826713285709,0.0019269495676780643,-3.7063037656220996,105.00389031680267
1310.0,108.77482599983563,0.0019417722566602033,-1.5592392126230719,107.21752855946922
1320.0,108.84087871083739,0.001956594945642342,-5.506744590225235,103.33609071555779
1330.0,108.9064329060621,0.001971417634624481,2.5406037872576173,111.44900811095434
1340.0,108.97149605401654,0.00198624032360662,-0.8888907883950935,108.08459150594506
1350.0,109.0360754566205,0.002001063012588759,-5.8832251780106315,103.15485134162245
1360.0,109.10017825412473,0.002015885701570898,-4.062316324830166,105.03987781499613
1370.0,109.16381142984852,0.002030708390553037,1.2540553898007811,110.41989752803985
1380.0,109.2269818147451,0.0020455310795351755,3.3525062715775245,112.58153361740216
1390.0,109.28969609180228,0.0020603537685173145,7.986923566767146,117.27868001233794
1400.0,109.3519608002851,0.0020751764574994534,11.655449864029318,121.00948584077192
1410.0,109.41378233982795,0.0020899991464815924,1.6576377331039855,111.0735100720784
1420.0,109.47516697438147,0.0021048218354637314,-3.9581524801274566,105.51911931608947
1430.0,109.53612083602161,0.0021196445244458704,-8.528185122925237,101.01005535762081
1440.0,109.59664992862537,0.0021344672134280093,1.0708458493753432,110.66963024521414
1450.0,109.65676013141984,0.0021492899024101483,-3.251764381241304,106.40714504008095
1460.0,109.71645720240912,0.0021641125913922873,-1.6614290407187413,108.05719227428176
1470.0,109.77574678168389,0.0021789352803744263,-2.4483871962392323,107.32953852072502
1480.0,109.83463439461951,0.0021937579693565652,-0.563163545665541,109.27366460692332
1490.0,109.89312545496585,0.002208580658338704,4.263920923150574,114.15925495877477
1500.0,109.95122526783399,0.002223403347320843,0.6281942697813785,110.58164294096268
1510.0,110.00893903258373,0.002238226036302982,-0.6345393481547532,109.37663791046526
1520.0,110.0662718456158,0.002253048725285121,-4.1426150113032465,105.92590988303783
1530.0,110.12322870307236,0.00226787141426726,-6.698731778817428,103.42676479566919
1540.0,110.17981450344962,0.002282694103249399,-1.9452316362933235,108.23686556125953
1550.0,110.2360340501262,0.002297516792231538,-0.21513020327328197,110.02320136364514
1560.0,110.29189205380959,0.002312339481213677,7.071719654319532,117.36592404761033
1570.0,110.34739313490502,0.002327162170195816,0.5210980858915434,110.87081838296675
1580.0,110.40254182580884,0.002341984859177955,3.9309580440922303,114.33584185476025
1590.0,110.45734257312938,0.002356807548160094,-1.9971823941566083,108.46251698652092
1600.0,110.51179973983886,0.002371630237142233,-4.739775065668098,105.7743963044079
1610.0,110.56591760735733,0.002386452926124372,-3.8604670489294874,106.70783701135396
1620.0,110.619700377573,0.002401275615106511,-2.900904258143013,107.72119739504508
1630.0,110.6731521747995,0.0024160983040886494,8.513878929740658,119.18944720284425
1640.0,110.72627704767433,0.0024309209930707884,-3.2855467168975445,107.44316125176987
1650.0,110.77907897099846,0.0024457436820529274,3.35395681494538,114.13548152962589
1660.0,110.83156184752147,0.0024605663710350664,-3.6117087123481055,107.22231370154441
1670.0,110.88372950967204,0.0024753890600172053,3.7262920514969764,114.61249695022903
1680.0,110.9355857212376,0.0024902117489993443,1.5398038644234526,112.47787979741005
1690.0,110.98713417899381,0.0025050344379814833,-0.6265515906323617,110.36308762279944
1700.0,111.03837851428585,0.0025198571269636223,-0.1630501045417361,110.87784826687108
1710.0,111.08932229456343,0.0025346798159457612,-2.6191507817175617,108.47270619266182
1720.0,111.13996902487133,0.0025495025049279,1.7842888059283222,112.9268073333046
1730.0,111.19032214929626,0.002564325193910039,-1.81993392136312,109.37295255312706
1740.0,111.24038505237235,0.002579147882892178,-4.902423055068993,106.34054114518625
1750.0,111.29016106044622,0.002593970571874317,-5.111750297278477,106.18100473373963
1760.0,111.33965344300333,0.002608793260856456,0.6903516708884779,112.03261390715267
1770.0,111.38886541395647,0.002623615949838595,6.31636502564174,117.70785405554805
1780.0,111.43780013289825,0.002638438638820734,0.639966454293753,112.08040502583083
1790.0,111.48646070631821,0.002653261327802873,-0.47455330443953025,111.0145606632065
1800.0,111.53485018878649,0.002668084016785012,1.1433045584101715,112.68082283121345
1810.0,111.58297158410409,0.002682906705767151,5.224006966827299,116.80966145763716
1820.0,111.63082784642182,0.00269772939474929,0.8775300054554254,112.511055581272
1830.0,111.67842188132892,0.002712552083731429,-1.6437089233349487,110.0374255100777
1840.0,111.7257565469111,0.002727374772713568,4.425154840239555,116.15363876192338
1850.0,111.77283465478064,0.002742197461695707,1.715025753846454,113.49060260608879
1860.0,111.8196589710787,0.002757020150677846,6.143023967983968,117.96543995921334
1870.0,111.86623221745032,0.002771842839659985,0.7329377488876245,112.6019418091776
1880.0,111.91255707199394,0.0027866655286421234,-4.897876126882001,107.0174676106406
1890.0,111.95863617018523,0.0028014882176242623,-5.47263679698266,106.4888008614202
1900.0,112.00447210577693,0.0028163109066064013,6.603711728924998,118.61100014560853
1910.0,112.0500674316749,0.0028311335955885403,6.894662883133188,118.94756144840369
1920.0,112.09542466079137,0.0028459562845706793,-0.7180768531304026,111.38019376394554
1930.0,112.14054626687584,0.0028607789735528182,-1.532749284543951,110.61065776130545
1940.0,112.18543468532488,0.002875601662534957,5.845777168968809,118.03408745595623
1950.0,112.23009231397072,0.002890424351517096,-4.428182728173952,107.80480001014828
1960.0,112.27452151384989,0.002905247040499235,-3.5789080758233056,108.69851868506709
1970.0,112.3187246099522,0.002920069729481374,2.5733071787561776,114.89495185843786
1980.0,112.36270389195096,0.002934892418463513,-1.5784204914383584,110.78721829293106
1990.0,112.40646161491452,0.002949715107445652,-0.020487466880285184,112.38892386314168
2000.0,112.44999999999999,0.002964537796427791,-0.6537715940980503,111.79919294369837
2010.0,112.49332123513017,0.0029793604854099296,1.3502981951957342,113.84659879081131
2020.0,112.53642747565283,0.002994183174392069,5.629927445254867,118.16934910408209
2030.0,112.57932084498464,0.0030090058633742076,0.3623396276069822,112.944669478455
2040.0,112.62200343523835,0.003023828552356347,2.5757551731074315,115.20078243689815
2050.0,112.66447730783545,0.0030386512413384855,-8.20068840412409,104.4668275549527
2060.0,112.70674449410342,0.003053473930320625,-0.1948736077204718,112.51492436031327
2070.0,112.74880699585873,0.0030682966193027635,-3.3729210811714845,109.37895421130655
2080.0,112.79066678597559,0.003083119308284903,-4.875252241694512,107.91849766358936
2090.0,112.83232580894145,0.0030979419972670414,-3.512609467715003,109.3228142832237
2100.0,112.87378598139873,0.003112764686249181,-1.3364937628032483,111.54040498328173
2110.0,112.91504919267419,0.0031275873752313194,3.6636101694240524,116.58178694947347
2120.0,112.95611730529538,0.0031424100642134588,-5.305570870958256,107.65368884440133
2130.0,112.9969921554951,0.0031572327531955973,0.12252597037766978,113.12267535862595
2140.0,113.03767555370422,0.0031720554421777367,-1.936677733334314,111.10416987581208
2150.0,113.07816928503246,0.0031868781311598753,-1.3106923774478434,111.77066378571577
2160.0,113.118475109739,0.0032017008201420147,4.0110313012184164,117.13270811177756
2170.0,113.15859476369093,0.003216523509124153,2.1524617480157042,115.31427303521576
2180.0,113.19852995881246,0.0032313461981062926,5.349592429770975,118.55135373478154
2190.0,113.23828238352274,0.003246168887088431,-0.6180227169996019,112.62350583541023
2200.0,113.27785370316445,0.0032609915760705706,-2.783770446682812,110.49734424805771
2210.0,113.31724556042258,0.003275814265052709,-0.8954352675219981,112.42508610716563
2220.0,113.35645957573314,0.0032906369540348485,0.9699871650848864,114.32973737777206
2230.0,113.3954973476836,0.003305459643016987,0.7062934338148441,114.10509624114147
2240.0,113.4343604534036,0.0033202823319991265,-4.337552288933466,109.10012844680213
2250.0,113.47305044894762,0.003335105020981265,0.36195912651149686,113.83834468048009
2260.0,113.5115688696684,0.0033499277099634035,0.9129133205556206,114.42783211793397
2270.0,113.54991723058282,0.003364750398945543,10.069896150135682,123.62317813111744
2280.0,113.58809702672943,0.0033795730879276815,7.5073784451266805,121.09885504494403
2290.0,113.62610973351815,0.003394395776909821,-3.4129734022352802,110.21653072705978
2300.0,113.66395680707222,0.0034092184658919594,-1.1495334461967044,112.51783257934142
2310.0,113.70163968456325,0.003424041154874099,-5.8537680073480125,107.85129571837011
2320.0,113.73915978453834,0.0034388638438562374,-2.362828055853946,111.37977059252825
2330.0,113.77651850724072,0.003453686532838377,1.262420014361362,115.04239220813493
2340.0,113.81371723492322,0.0034685092218205153,4.823414483552934,118.64060022769797
2350.0,113.85075733215507,0.0034833319108026548,-2.916335350974434,110.93790531309143
2360.0,113.88764014612246,0.0034981545997847933,-2.616585760271186,111.27455254045105
2370.0,113.92436700692241,0.0035129772887669327,-8.58915611895462,105.33872386525655
2380.0,113.96093922785059,0.0035277999777490712,-0.6506636821796307,113.31380334564871
2390.0,113.99735810568313,0.0035426226667312107,-4.249657647438252,109.7512430809116
2400.0,114.03362492095249,0.003557445355713349,-2.117757709464295,111.9194246568439
2410.0,114.06974093821776,0.0035722680446954886,-3.507443112670353,110.5658700935921
2420.0,114.10570740632897,0.003587090733677627,-0.37705021701022795,113.73224428005243
2430.0,114.14152555868662,0.0036019134226597666,-7.030913565426525,107.11421390668275
2440.0,114.17719661349491,0.003616736111641905,-5.868180981563962,108.31263236804259
2450.0,114.21272177401102,0.0036315588006240445,8.516988448113192,122.73334178092483
2460.0,114.24810222878796,0.003646381489606183,-5.149690325096124,109.10205828518144
2470.0,114.28333915191371,0.0036612041785883224,-4.387142313818559,109.89985804227373
2480.0,114.3184337032447,0.003676026867570461,7.347654113285256,121.66976384339752
2490.0,114.3533870286351,0.0036908495565526004,11.620268676961627,125.97734655515328
2500.0,114.38820026016111,0.003705672245534739,-4.686266515301367,109.70563941710527
2510.0,114.4228745163411,0.0037204949345168775,-1.4729958271521222,112.95359918412349
2520.0,114.45741090235123,0.003735317623499017,1.3662222037620382,115.82736842373676
2530.0,114.49181051023669,0.0037501403124811554,6.9147905776223695,121.41035122817154
2540.0,114.52607441911914,0.003764963001463295,-3.9474283137129498,110.58241106840765
2550.0,114.56020369539948,0.0037797856904454334,-0.981111383768439,113.58287209732148
2560.0,114.59419939295736,0.003794608379427573,3.109350304246976,117.70734430558376
2570.0,114.62806255334624,0.0038094310684097113,1.7390642978664745,116.37093628228112
2580.0,114.66179420598496,0.0038242537573918507,-1.504624284920397,113.16099417482195
2590.0,114.69539536834537,0.0038390764463739893,-0.5352918580641646,114.16394258672757
2600.0,114.72886704613671,0.0038538991353561287,-5.499583233479927,109.23313771179214
2610.0,114.76221023348597,0.0038687218243382672,-0.9526949758986609,113.81338397941164
2620.0,114.79542591311525,0.0038835445133204066,-1.0655499600358205,113.73375949759274
2630.0,114.82851505651553,0.003898367202302545,0.9286795585050238,115.76109298222285
2640.0,114.86147862411696,0.003913189891284684,-2.221308875276064,112.64408293873217
2650.0,114.8943175654565,0.003928012580266823,1.886154090180556,116.78439966821732
2660.0,114.92703281934172,0.003942835269248962,4.050863271279314,118.98183892589027
2670.0,114.95962531401187,0.003957657958231101,0.6217173106738642,115.58530028264396
2680.0,114.99209596729617,0.00397248064721324,1.4070256335968139,116.40309408154019
2690.0,115.0244456867685,0.003987303336195379,0.21262139031146945,115.24105438041616
2700.0,115.05667536990012,0.004002126025177518,0.0003375723656567217,115.06101506829094
2710.0,115.08878590420846,0.004016948714159657,-2.8862321341713897,112.20657071875122
2720.0,115.12077816740435,0.004031771403141796,1.265977046693232,116.39078698550074
2730.0,115.15265302753545,0.004046594092123935,-0.38914639365395787,114.76755322797362
2740.0,115.18441134312815,0.004061416781106074,8.37267323572238,123.56114599563163
2750.0,115.21605396332563,0.004076239470088213,6.29341960990097,121.5135498126967
2760.0,115.24758172802473,0.004091062159070351,1.5433862102260032,116.79505900040981
2770.0,115.27899546800933,0.004105884848052491,-3.05222883877907,112.23087251407831
2780.0,115.31029600508185,0.004120707537034629,-4.449645887933672,110.86477082468522
2790.0,115.34148415219232,0.004135530226016769,4.76457181235546,120.1101914947738
2800.0,115.37256071356472,0.004150352914998907,1.050996900588554,116.42770796706829
2810.0,115.40352648482195,0.004165175603981047,1.9205736135664433,117.32826527399239
2820.0,115.43438225310757,0.004179998292963185,-6.978343947896771,108.46021830350377
2830.0,115.46512879720615,0.004194820981945325,3.709753926232723,119.17907754442082
2840.0,115.49576688766109,0.004209643670927463,1.8176813528574518,117.31765788418947
2850.0,115.52629728689055,0.004224466359909603,-4.441722737657912,111.08879901559256
2860.0,115.55672074930123,0.004239289048891741,-1.8860992297997958,113.67486080855033
2870.0,115.58703802140025,0.004254111737873881,1.0548688174260783,116.64616095056421
2880.0,115.617249841905,0.004268934426856019,0.2098671934249745,115.83138596975682
2890.0,115.64735694185134,0.0042837571158381585,-1.16868474321422,114.48295595575297
2900.0,115.67736004469947,0.004298579804820297,-0.4139530722638434,115.26770555224046
2910.0,115.7072598664385,0.0043134024938024365,-1.0079095128275415,114.70366375610477
2920.0,115.73705711568874,0.004328225182784575,0.6102500484098743,116.35163538928141
2930.0,115.76675249380258,0.004343047871766714,5.885967891972628,121.65706343364698
2940.0,115.79634669496352,0.0043578705607488525,-10.26663376372519,105.53407080179907
2950.0,115.82584040628359,0.004372693249730992,-0.947401058038737,114.88281204149459
2960.0,115.85523430789914,0.0043875159387131305,0.7060496854897879,116.56567150932764
2970.0,115.88452907306458,0.00440233862769527,1.183975958748398,117.07290737044067
2980.0,115.91372536824548,0.004417161316677408,-1.4876583252851594,114.43048420427701
2990.0,115.94282385320895,0.004431984005659548,-7.02688712991433,108.92036870730028
3000.0,115.97182518111362,0.004446806694641686,1.3119819348564385,117.2882539226647
3010.0,116.00072999859725,0.004461629383623825,6.90940085665674,122.91459248463762
3020.0,116.02953894586341,0.004476452072605964,-6.135445619664551,109.89856977827147
3030.0,116.05825265676646,0.004491274761588103,3.455312054792753,119.5180559863208
3040.0,116.08687175889543,0.004506097450570242,-1.3141008924915756,114.77727696385442
3050.0,116.1153968736561,0.004520920139552381,-0.2452973833153892,115.87462041048026
3060.0,116.14382861635198,0.00453574282853452,-4.211594042815796,111.93677031636473
3070.0,116.1721675962641,0.004550565517516659,-1.3378246894235066,114.83889347235811
3080.0,116.20041441672925,0.004565388206498798,5.200178378795834,121.40515818373159
3090.0,116.22856967521705,0.004580210895480937,2.330620967950828,118.56377085406335
3100.0,116.25663396340582,0.004595033584463076,6.929246421639776,123.19047541863006
3110.0,116.28460786725708,0.004609856273445215,4.709647555910775,120.9988652794413
3120.0,116.31249196708922,0.004624678962427354,1.7563467157183048,118.07346336176995
3130.0,116.34028683764933,0.004639501651409493,6.975738104671168,123.3206644439719
3140.0,116.36799304818464,0.004654324340391632,1.755972634953195,118.12862000747823
3150.0,116.39561116251235,0.004669147029373771,3.3119527071882358,119.71223301672997
3160.0,116.42314173908841,0.00468396971835591,-1.1862838141388334,115.24154189466793
3170.0,116.45058533107539,0.004698792407338049,0.2661832634368193,116.72146738691954
3180.0,116.477942486409,0.004713615096320188,-2.7896952932011074,113.69296080830422
3190.0,116.50521374786399,0.004728437785302327,3.958335738379412,120.46827792402871
3200.0,116.53239965311849,0.004743260474284466,-4.713214492459462,111.82392842113332
3210.0,116.55950073481779,0.004758083163266605,3.1294013696706453,119.6936601876517
3220.0,116.58651752063696,0.004772905852248744,-0.7626042300206378,115.82868619646857
3230.0,116.61345053334242,0.004787728541230883,4.6849883738692775,121.30322663575292
3240.0,116.64030029085262,0.004802551230213022,3.0034759549250394,119.64857879700787
3250.0,116.66706730629784,0.004817373919195161,7.282584630587206,123.95446931080424
3260.0,116.69375208807912,0.004832196608177299,2.923098764554579,119.62168304924188
3270.0,116.72035513992608,0.004847019297159439,-6.288161022612963,110.43704113661028
3280.0,116.74687696095395,0.004861841986141577,-0.26781269159280335,116.48392611134729
3290.0,116.77331804571986,0.004876664675123717,-4.688028770379264,112.09016594001572
3300.0,116.79967888427808,0.004891487364105855,-2.0731193694650987,114.73145100217708
3310.0,116.82595996223478,0.004906310053087995,6.0449137331068865,122.87578000539474
3320.0,116.8521617608011,0.004921132742070133,2.550135243590784,119.40721813713395
3330.0,116.87828475684677,0.0049359554310522726,-2.7957217143149853,114.08749899796284
3340.0,116.90432942295166,0.004950778120034411,-4.054869465761596,112.8544107353101
3350.0,116.93029622745729,0.0049656008090165505,0.13112837150504317,117.06639019977135
3360.0,116.95618563451723,0.004980423497998689,-4.866240597524511,112.09492546049071
3370.0,116.98199810414712,0.0049952461869808285,-2.6845611095863244,114.30243224074778
3380.0,117.00773409227344,0.0050100688759629666,1.2480378862049755,118.26078204735437
3390.0,117.03339405078202,0.005024891564945106,4.621248144426785,121.65966708677375
3400.0,117.05897842756548,0.0050397142539272445,2.435045888897759,119.49906403071716
3410.0,117.08448766657028,0.005054536942909384,-9.1651580343924,107.92438416912078
3420.0,117.10992220784306,0.0050693596318915225,1.2174669161210392,118.33245848359599
3430.0,117.13528248757575,0.005084182320873662,0.2881342929303117,117.42850096282693
3440.0,117.16056893815096,0.0050990050098558,1.6555611414907723,118.82122908465159
3450.0,117.18578198818585,0.00511382769883794,6.464838726604829,123.65573454248951
3460.0,117.21092206257589,0.005128650387820078,-8.252953107218971,108.96309760574474
3470.0,117.23598958253785,0.005143473076802218,-2.3644137007644224,114.87671935485024
3480.0,117.26098496565197,0.005158295765784356,2.3636252911734186,119.62976855259117
3490.0,117.28590862590397,0.005173118454766496,-6.326377597815769,110.96470414654297
3500.0,117.31076097372585,0.005187941143748634,5.903796192214036,123.21974510708363
3510.0,117.33554241603684,0.005202763832730773,1.4734264508026336,118.8141716306722
3520.0,117.36025335628295,0.005217586521712912,3.386335943373616,120.75180688617827
3530.0,117.38489419447683,0.005232409210695051,-2.283774646087178,115.10635195760034
3540.0,117.40946532723609,0.00524723189967719,3.255054759864842,120.66976731900061
3550.0,117.43396714782222,0.005262054588659329,4.273886223956153,121.71311542636703
3560.0,117.45840004617787,0.005276877277641468,0.9315120805486734,118.39518900400418
3570.0,117.48276440896421,0.005291699966623607,0.9376035707947837,118.42565967972561
3580.0,117.50706061959784,0.005306522655605746,1.0813729571269035,118.59374009938034
3590.0,117.53128905828675,0.005321345344587885,-3.4533810589575267,114.0832293446738
3600.0,117.55545010206612,0.005336168033570024,-0.5901147209614117,116.97067154913827
3610.0,117.57954412483349,0.005350990722552163,-0.6100901298094352,116.9748049857466
3620.0,117.60357149738371,0.005365813411534302,1.5335754574139804,119.14251276820922
3630.0,117.6275325874426,0.005380636100516441,3.9992969876411784,121.63221021118429
3640.0,117.65142775970145,0.00539545878949858,-4.234144327913637,113.4226788905773
3650.0,117.67525737584987,0.005410281478480719,-0.5000361212783105,117.18063153605003
3660.0,117.69902179460854,0.005425104167462858,5.925822190635893,123.6302690894119
3670.0,117.72272137176213,0.005439926856444997,-2.9743529152502566,114.75380838336832
3680.0,117.74635646019073,0.005454749545427136,-3.2890000691612813,114.46281114057487
3690.0,117.76992740990158,0.005469572234409275,0.8092247673247743,118.58462174946077
3700.0,117.79343456806026,0.005484394923391414,3.3775407619412805,121.17645972492492
3710.0,117.8168782790213,0.005499217612373553,0.04570422224263732,117.8680817188763
3720.0,117.84025888435832,0.005514040301355692,5.315842361747957,123.16161528640762
3730.0,117.86357672289415,0.005528862990337831,3.4271759302661073,121.29628151615059
3740.0,117.88683213072994,0.00554368567931997,3.3672802675602473,121.2596560839695
3750.0,117.91002544127474,0.005558508368302109,2.216466005296373,120.1320499549394
3760.0,117.93315698527357,0.005573331057284247,9.31061240138434,127.2493427177152
3770.0,117.9562270908362,0.005588153746266387,-0.8206467554641768,117.14116848911827
3780.0,117.97923608346485,0.005602976435248525,-8.014089168266056,109.97074989163404
3790.0,118.00218428608179,0.0056177991242306645,6.417017446068564,124.42481953127458
3800.0,118.02507201905655,0.005632621813212803,-1.8307977238273025,116.19990691704247
3810.0,118.04789960023277,0.0056474445021949425,0.43152177737213215,118.4850688221071
3820.0,118.07066734495453,0.005662267191177081,5.238202739442108,123.31453235158781
3830.0,118.09337556609279,0.00567708988015922,-6.409038164235701,111.69001449173726
3840.0,118.11602457407099,0.0056919125691413585,-5.006588856424558,113.11512763021558
3850.0,118.13861467689037,0.0057067352581234975,-6.405111748475415,111.73920966367308
3860.0,118.16114618015547,0.0057215579471056365,-3.1765451601016954,114.99032257800089
3870.0,118.18361938709859,0.0057363806360877755,1.7585464240679742,119.94790219180265
3880.0,118.2060345986045,0.005751203325069914,2.096751371251084,120.30853717318067
3890.0,118.22839211323452,0.005766026014052053,1.105096717314215,119.33925485656279
3900.0,118.25069222725034,0.005780848703034192,-5.651063535569466,112.60540954038392
3910.0,118.27293523463771,0.005795671392016331,-9.240413746530576,109.03831715949916
3920.0,118.29512142712952,0.00581049408099847,0.21741434156152906,118.51834626277204
3930.0,118.31725109422888,0.005825316769980609,-1.887104134553343,116.43597227644553
3940.0,118.33932452323182,0.005840139458962748,1.837543086866447,120.18270774955724
3950.0,118.36134199924953,0.005854962147944887,2.8078145048850804,121.17501146628257
3960.0,118.38330380523058,0.005869784836927026,0.5529657282347277,118.94213931830224
3970.0,118.40521022198266,0.005884607525909165,3.040532341503415,121.45162717101199
3980.0,118.42706152819409,0.005899430214891304,0.9168454964602737,119.34980645486925
3990.0,118.44885800045535,0.005914252903873443,2.1202588224058667,120.5750310757651
4000.0,118.47059991327961,0.005929075592855582,-2.8186930514795296,115.65783593739295
