distance_m,FSPL_dB,rain_loss_dB,shadowing_dB,total_loss_dB,SNR_dB,Eb_J,capacity_bps,outage_flag_cap
10.0,66.42940008672036,0.0,1.2188683190177254,67.6482684057381,58.341431637622094,1e-07,387612123.9787382,0
20.0,72.44999999999999,0.0,-4.159936424961982,68.290063575038,57.69963646832218,1e-07,383348135.9028279,0
30.0,75.97182518111362,0.0,3.001804783225829,78.97362996433944,47.01607007902075,1e-07,312368581.7923415,0
40.0,78.47059991327961,0.0,3.7622588655648554,82.23285877884447,43.756841264515714,1e-07,290715375.4983756,0
50.0,80.40880017344074,0.0,-7.804140754615346,72.60465941882539,53.385040624534795,1e-07,354682664.93723387,0
60.0,81.99242509439324,0.0,-5.208718027449272,76.78370706694398,49.20599297641621,1e-07,326917887.4301132,0
70.0,83.3313608870055,0.0,0.5113616126691415,83.84272249967465,42.14697754368554,1e-07,280020217.5563783,0
80.0,84.49119982655924,0.0,-1.2649703693743288,83.22622945718491,42.76347058617527,1e-07,284115875.77463573,0
90.0,85.51425027550687,0.0,-0.06720463001715518,85.44704564548971,40.54265439787048,1e-07,269362111.73193944,0
100.0,86.42940008672036,0.0,-3.41217571029432,83.01722437642604,42.972475666934145,1e-07,285504403.7278778,0
110.0,87.25725378988486,0.0,3.5175918994513142,90.77484568933617,35.21485435402401,1e-07,233971110.75116822,0
120.0,88.01302500767287,0.0,3.1111677417157932,91.12419274938865,34.86550729397153,1e-07,231650826.30089763,0
130.0,88.70826713285709,0.0,0.2641227902448642,88.97238992310196,37.01731012025823,1e-07,245943418.61063698,0
140.0,89.35196080028513,0.0,4.5089648278721315,93.86092562815726,32.128774415202926,1e-07,213476625.0420621,0
150.0,89.95122526783399,0.0,1.8700373690081824,91.82126263684218,34.16843740651801,1e-07,227021232.20514476,0
160.0,90.51179973983886,0.0,-3.437169851532953,87.0746298883059,38.91507015505428,1e-07,258549833.71379352,0
170.0,91.03837851428585,0.0,1.4750031363299954,92.51338165061586,33.47631839274433,1e-07,222424801.2912258,0
180.0,91.53485018878649,0.0,-3.8355304033159956,87.6993197854705,38.290380257889694,1e-07,254400056.83666617,0
190.0,92.00447210577693,0.0,3.51380120522909,95.51827331100601,30.471426732354175,1e-07,202473651.31852823,0
200.0,92.44999999999999,0.0,-0.19970364394501158,92.25029635605497,33.73940368730521,1e-07,224171940.76279756,0
210.0,92.87378598139875,0.0,-0.7394494541810422,92.13433652721771,33.855363516142475,1e-07,224942039.9556107,0
220.0,93.27785370316448,0.0,-2.7237181776157655,90.55413552554872,35.43556451781147,1e-07,235437047.16822308,0
230.0,93.66395680707222,0.0,4.890165354696121,98.55412216176835,27.43557788159184,1e-07,182330064.0839007,0
240.0,94.03362492095249,0.0,-0.6181179282752086,93.41550699267728,32.57419305068291,1e-07,216434200.62072945,0
250.0,94.38820026016111,0.0,-1.7133112886524289,92.67488897150868,33.31481107185151,1e-07,221352260.65245348,0
260.0,94.72886704613671,0.0,-1.4085342019529183,93.3203328441838,32.66936719917639,1e-07,217066178.40912902,0
270.0,95.05667536990012,0.0,2.129236742213395,97.18591211211351,28.803787931246674,1e-07,191406203.41823703,0
280.0,95.37256071356475,0.0,1.4617762574563133,96.83433697102106,29.155363072339128,1e-07,193739066.54660153,0
290.0,95.67736004469947,0.0,1.6509304463839536,97.32829049108342,28.661409552276766,1e-07,190461526.8044916,0
300.0,95.97182518111362,0.0,1.723284012031531,97.69510919314514,28.294590850215044,1e-07,188027892.1825728,0
310.0,96.25663396340582,0.0,8.566590403481845,104.82322436688766,21.16647567647253,1e-07,140846756.95540377,0
320.0,96.53239965311849,0.0,-1.6256600655384623,94.90673958758002,31.082960455780167,1e-07,206533196.2711618,0
330.0,96.79967888427811,0.0,-2.0489709162861494,94.75070796799196,31.23899207536823,1e-07,207569054.99850956,0
340.0,97.05897842756548,0.0,-3.255090912991511,93.80388751457397,32.185812528786215,1e-07,213855347.6063671,0
350.0,97.31076097372588,0.0,2.4639176903019826,99.77467866402786,26.215021379332327,1e-07,174237726.43860903,0
360.0,97.55545010206612,0.0,4.5158891708835665,102.07133927294969,23.9183607704105,1e-07,159026961.68413088,0
370.0,97.79343456806026,0.0,-0.4557898306195003,97.33764473744077,28.65205530591942,1e-07,190399463.09684846,0
380.0,98.02507201905655,0.0,-3.360625907850112,94.66444611120644,31.325253932153743,1e-07,208141740.07420912,0
390.0,98.25069222725034,0.0,-3.297924862764958,94.95276736448538,31.036932678874805,1e-07,206227633.73148274,0
400.0,98.47059991327961,0.0,2.6023711512988044,101.07297106457841,24.916728978781777,1e-07,165636024.89333174,0
410.0,98.68507722111508,0.0,2.973016684813769,101.65809390592885,24.331606137431336,1e-07,161761921.31910485,0
420.0,98.89438589467838,0.0,2.17261707322078,101.06700296789916,24.92269707546103,1e-07,165675548.7519055,0
430.0,99.09876919831208,0.0,-2.662038829154777,96.4367303691573,29.552969674202885,1e-07,196377644.92796695,0
440.0,99.2984536164441,0.0,0.9286452922668791,100.22709890871099,25.762601134649202,1e-07,171239465.51196167,0
450.0,99.49365036222724,0.0,0.4667432365629129,99.96039359879016,26.029306444570025,1e-07,173006869.3633165,0
460.0,99.68455672035185,0.0,0.8747543869160518,100.5593111072679,25.430388936092285,1e-07,169038364.14262536,0
470.0,99.87135724543472,0.0,3.4857151117927594,103.35707235722748,22.632627686132707,1e-07,150524873.09074682,0
480.0,100.05422483423212,0.0,0.8943821950987291,100.94860702933084,25.041093014029343,1e-07,166459664.31491545,0
490.0,100.23332168729064,0.0,2.7156542522875795,102.94897593957822,23.04072410378197,1e-07,153222165.3386476,0
500.0,100.40880017344074,0.0,0.27031627795556584,100.67911645139631,25.310583591963876,1e-07,168244699.3007537,0
510.0,100.5808036086791,0.0,1.1564775947599366,101.73728120343904,24.252418839921148,1e-07,161237763.34574082,0
520.0,100.74946695941634,0.0,2.5251529033541615,103.27461986277049,22.715080180589695,1e-07,151069731.8289225,0
530.0,100.91491747873613,0.0,-5.828623279422666,95.08629419931346,30.90340584404673,1e-07,205341209.63601357,0
540.0,101.07727528317974,0.0,-1.2786848654292053,99.79859041775055,26.19110962560964,1e-07,174079240.10009384,0
550.0,101.23665387660523,0.0,-1.881490617171182,99.35516325943405,26.634536783926137,1e-07,177018589.65920898,0
560.0,101.39316062684438,0.0,-2.5555113929733677,98.837649233871,27.152050809489182,1e-07,180449857.70957574,0
570.0,101.54689720017018,0.0,-1.100569004906735,100.44632819526345,25.54337184809674,1e-07,169786890.28661194,0
580.0,101.6979599579791,0.0,5.9797652449375835,107.67772520291668,18.31197484044351,1e-07,122084624.32740906,0
590.0,101.84644031956324,0.0,-3.463324462772973,98.38311585679027,27.60658418656992,1e-07,183464198.21118787,0
600.0,101.99242509439324,0.0,3.8731134183659233,105.86553851275916,20.12416153060103,1e-07,133981088.09163511,0
610.0,102.13599678693572,0.0,-6.731479086463219,95.4045177004725,30.58518234288769,1e-07,203228758.5983984,0
620.0,102.27723387668544,0.0,-1.3395401199430994,100.93769375674235,25.05200628661784,1e-07,166531944.3956401,0
630.0,102.416211075792,0.0,0.6510122604200224,103.06722333621202,22.922476707148164,1e-07,152440481.09573358,0
640.0,102.55299956639811,0.0,2.3448893254371126,104.89788889183522,21.091811151524965,1e-07,140354492.26930866,0
650.0,102.68766721957746,0.0,2.84490631917142,105.53257353874888,20.45712650461131,1e-07,136172756.61576137,0
660.0,102.82027879755773,0.0,3.173388940799701,105.99366773835743,19.996032305002757,1e-07,133138129.97611739,0
670.0,102.95089614073689,0.0,-1.3949002889937503,101.55599585174313,24.433704191617053,1e-07,162437782.3290556,0
680.0,103.0795783408451,0.0,-1.8494071706582687,101.23017117018684,24.759528873173352,1e-07,164595027.1204687,0
690.0,103.20638190146548,0.0,3.4319035250286154,106.6382854264941,19.351414616866094,1e-07,128901099.92285557,0
700.0,103.3313608870055,0.0,-0.7652172995264596,102.56614358747905,23.42355645588114,1e-07,155753617.6174272,0
710.0,103.45456706110187,0.0,-5.1027452933516875,98.35182176775018,27.637878275610007,1e-07,183671752.79068804,0
720.0,103.57605001534574,0.0,-4.533148856013923,99.04290115933182,26.946798884028368,1e-07,179088878.46496478,0
730.0,103.69585728912949,0.0,-3.6778091440064453,100.01804814512305,25.97165189823714,1e-07,172624780.5137147,0
740.0,103.81403448133989,0.0,1.9886429762150561,105.80267745755495,20.187022585805238,1e-07,134394736.95181665,0
750.0,103.93062535455437,0.0,0.569702944282261,104.50032829883662,21.489371744523567,1e-07,142976342.7763222,0
760.0,104.04567193233618,0.0,2.761941416271073,106.80761334860725,19.18208669475294,1e-07,127789273.58616155,0
770.0,104.15921459017,0.0,-1.709010585346137,102.45020400482386,23.539496038536328,1e-07,156520463.45384145,0
780.0,104.27129214052997,0.0,0.6341587643068569,104.90545090483683,21.08424913852336,1e-07,140304639.39204597,0
790.0,104.38194191252919,0.0,2.502361575869347,106.88430348839853,19.105396554961658,1e-07,127285886.35757056,0
800.0,104.49119982655924,0.0,-1.2373861588809536,103.25381366767829,22.7358863756819,1e-07,151207231.10160312,0
810.0,104.59910046429337,0.0,1.8271009502296458,106.42620141452302,19.563498628837166,1e-07,130294367.45592675,0
820.0,104.7056771343947,0.0,-2.647703764266605,102.0579733701281,23.93172667323209,1e-07,159115404.59291214,0
830.0,104.81096193424185,0.0,-1.4522153862602871,103.35874654798155,22.630953495378634,1e-07,150513810.35898343,0
840.0,104.914985807958,0.0,-1.5269515759933163,103.38803423196468,22.601665811395506,1e-07,150320286.70564437,0
850.0,105.01777860100623,0.0,-4.783358582356159,100.23442001865007,25.755280024710117,1e-07,171190953.92094964,0
860.0,105.11936911159171,0.0,1.9478899231423272,107.06725903473404,18.92244100862615,1e-07,126085421.70133469,0
870.0,105.21978513909272,0.0,-1.8776093608108955,103.34217577828183,22.64752426507836,1e-07,150623307.848232,0
880.0,105.31905352972373,0.0,0.04997647491074972,105.36903000463448,20.620670038725706,1e-07,137249802.19871277,0
890.0,105.41720021961862,0.0,1.9229866356236358,107.34018685524225,18.649513188117936,1e-07,124295800.40674816,0
900.0,105.51425027550687,0.0,1.7861247041197763,107.30037497962664,18.68932506373355,1e-07,124556759.6522493,0
910.0,105.61022793314223,0.0,2.661540435891145,108.27176836903337,17.71793167432682,1e-07,118199299.90841718,0
920.0,105.70515663363147,0.0,-0.39394193803769445,105.31121469559378,20.67848534776641,1e-07,137630639.46977192,0
930.0,105.79905905779907,0.0,-1.693193248176615,104.10586580962246,21.88383423373773,1e-07,145579435.4008164,0
940.0,105.89195715871435,0.0,-0.3188728436255962,105.57308431508875,20.416615728271438,1e-07,135906020.94486883,0
950.0,105.9838721924973,0.0,-6.749337735832119,99.23453445666519,26.755165586695,1e-07,177818318.2047876,0
960.0,106.07482474751174,0.0,-5.788449889692349,100.2863748578194,25.70332518554079,1e-07,170846693.80388397,0
970.0,106.16483477204525,0.0,-5.2907984494176095,100.87403632262765,25.11566372073254,1e-07,166953567.42321172,0
980.0,106.25392160057027,0.0,-3.988987310405927,102.26493429016433,23.724765753195854,1e-07,157746057.91608715,0
990.0,106.34210397867136,0.0,1.5990969068937464,107.94120088556511,18.048499157795078,1e-07,120360350.65268953,0
1000.0,106.42940008672036,0.0,-3.621916221440243,102.80748386528012,23.18221617808007,1e-07,154157648.41915867,0
1010.0,106.5158275623732,0.0,-1.5126502161575588,105.00317734621565,20.986522697144537,1e-07,139660434.65087968,0
1020.0,106.60140352195873,0.0,5.196913191144262,111.79831671310299,14.191383330257196,1e-07,95364264.11797556,0
1030.0,106.6861445808238,0.0,-1.4250558842457037,105.26108869657808,20.728611346782102,1e-07,137960861.03736407,0
1040.0,106.77006687269596,0.0,2.950062273868346,109.7201291465643,16.269570896795884,1e-07,108765930.9108091,0
1050.0,106.85318606811913,0.0,-3.734470720039508,103.11871534807962,22.87098469528057,1e-07,152100122.46659675,0
1060.0,106.93551739201575,0.0,-0.8217502314705201,106.11376716054524,19.87593288281495,1e-07,132348223.30267523,0
1070.0,107.01707564042457,0.0,-3.800088219642325,103.21698742078225,22.77271262257794,1e-07,151450608.6113184,0
1080.0,107.09787519645937,0.0,-1.35613230360225,105.74174289285712,20.24795715050307,1e-07,134795763.02885175,0
1090.0,107.17793004553283,0.0,3.361232549829582,110.53916259536241,15.450537447997775,1e-07,103462171.42922823,0
1100.0,107.25725378988486,0.0,-6.909281692769395,100.34797209711546,25.64172794624473,1e-07,170438556.10159576,0
1110.0,107.33585966245352,0.0,1.7376945741834293,109.07355423663695,16.916145806723236,1e-07,112969485.08893631,0
1120.0,107.413760540124,0.0,0.9509424093291116,108.36470294945312,17.62499709390707,1e-07,117592233.540537,0
1130.0,107.49096895638877,0.0,-2.3765998227871776,105.1143691336016,20.87533090975859,1e-07,138927606.94462317,0
1140.0,107.5674971134498,0.0,-5.784231417553818,101.78326569589599,24.206434347464196,1e-07,160933398.34556577,0
1150.0,107.6433568937926,0.0,0.28851803085547806,107.93187492464808,18.057825118712103,1e-07,120421355.89112355,0
1160.0,107.71855987125872,0.0,-2.1179708362552097,105.60058903500351,20.38911100835668,1e-07,135724933.98807693,0
1170.0,107.79311732164359,0.0,0.9307048454188158,108.72382216706241,17.26587787629778,1e-07,115248513.51664823,0
1180.0,107.86704023284287,0.0,0.08740858209377152,107.95444881493664,18.035251228423547,1e-07,120273693.55895959,0
1190.0,107.94033931457096,0.0,6.407115565283662,114.34745487985462,11.642245163505564,1e-07,79261502.45019343,0
1200.0,108.01302500767287,0.0,-0.9574225098920971,107.05560249778077,18.93409754557942,1e-07,126161887.37871745,0
1210.0,108.08510749304938,0.0,-4.09398997048746,103.99111752256192,21.998582520798266,1e-07,146336961.56835607,0
1220.0,108.15659670021535,0.0,0.7171025398252646,108.87369924004061,17.11600080331958,1e-07,114271409.89826877,0
1230.0,108.22750231550833,0.0,0.8799867358870607,109.10748905139539,16.882210991964797,1e-07,112748539.0632183,0
1240.0,108.29783378996507,0.0,5.436750300961746,113.73458409092682,12.255115952433371,1e-07,83088793.17081025,0
1250.0,108.36760034688149,0.0,3.340444983658314,111.7080453305398,14.281654712820384,1e-07,95942224.39696662,0
1260.0,108.43681098907163,0.0,1.4274842365980374,109.86429522566966,16.125404817690523,1e-07,107830564.06683227,0
1270.0,108.50547450583952,0.0,5.853211564878247,114.35868607071777,11.631013972642421,1e-07,79191674.38245927,0
1280.0,108.57359947967774,0.0,-4.755052217291404,103.81854726238633,22.171152780973856,1e-07,147476442.59469193,0
1290.0,108.64119429270534,0.0,-2.559006130998991,106.08218816170634,19.907511881653846,1e-07,132555900.42516878,0
1300.0,108.70826713285709,0.0,-3.7063037656220996,105.00196336723499,20.987736676125195,1e-07,139668436.40382153,0
1310.0,108.77482599983563,0.0,-1.5592392126230719,107.21558678721256,18.77411325614763,1e-07,125112636.09433576,0
1320.0,108.84087871083739,0.0,-5.506744590225235,103.33413412061215,22.65556592274804,1e-07,150676446.88994077,0
1330.0,108.9064329060621,0.0,2.5406037872576173,111.44703669331972,14.54266335004047,1e-07,97615728.38443856,0
1340.0,108.97149605401654,0.0,-0.8888907883950935,108.08260526562145,17.907094777738735,1e-07,119435612.15513307,0
1350.0,109.0360754566205,0.0,-5.8832251780106315,103.15285027860986,22.836849764750326,1e-07,151874504.3516606,0
1360.0,109.10017825412473,0.0,-4.062316324830166,105.03786192929456,20.951838114065623,1e-07,139431824.1240936,0
1370.0,109.16381142984852,0.0,1.2540553898007811,110.4178668196493,15.571833223710883,1e-07,104246007.75709483,0
1380.0,109.2269818147451,0.0,3.3525062715775245,112.57948808632263,13.41021195703756,1e-07,90382181.09595652,0
1390.0,109.28969609180228,0.0,7.986923566767146,117.27661965856943,8.713080384790757,1e-07,61529346.39377784,0
1400.0,109.3519608002851,0.0,11.655449864029318,121.00741066431442,4.982289379045767,1e-07,41058110.99289246,0
1410.0,109.41378233982795,0.0,1.6576377331039855,111.07142007293193,14.918279970428259,1e-07,100030012.87684068,0
1420.0,109.47516697438147,0.0,-3.9581524801274566,105.51701449425401,20.472685549106174,1e-07,136275208.16062802,0
1430.0,109.53612083602161,0.0,-8.528185122925237,101.00793571309637,24.981764330263815,1e-07,166066732.37595856,0
1440.0,109.59664992862537,0.0,1.0708458493753432,110.66749577800071,15.322204265359474,1e-07,102633518.76355551,0
1450.0,109.65676013141984,0.0,-3.251764381241304,106.40499575017854,19.584704293181645,1e-07,130433717.7541991,0
1460.0,109.71645720240912,0.0,-1.6614290407187413,108.05502816169037,17.934671881669814,1e-07,119615920.23609741,0
1470.0,109.77574678168389,0.0,-2.4483871962392323,107.32735958544465,18.662340457915533,1e-07,124379877.2089718,0
1480.0,109.83463439461951,0.0,-0.563163545665541,109.27147084895397,16.71822919440622,1e-07,111681364.16663401,0
1490.0,109.89312545496585,0.0,4.263920923150574,114.15704637811643,11.832653665243754,1e-07,80447077.10967283,0
1500.0,109.95122526783399,0.0,0.6281942697813785,110.57941953761537,15.410280505744822,1e-07,103202156.70267077,0
1510.0,110.00893903258373,0.0,-0.6345393481547532,109.37439968442897,16.615300358931222,1e-07,111011942.04584463,0
1520.0,110.0662718456158,0.0,-4.1426150113032465,105.92365683431255,20.066043209047635,1e-07,133598699.40964198,0
1530.0,110.12322870307236,0.0,-6.698731778817428,103.42449692425492,22.565203119105263,1e-07,150079362.86039603,0
1540.0,110.17981450344962,0.0,-1.9452316362933235,108.23458286715629,17.755117176203896,1e-07,118442263.4653141,0
1550.0,110.2360340501262,0.0,-0.21513020327328197,110.02090384685292,15.96879619650727,1e-07,106815307.22567953,0
1560.0,110.29189205380959,0.0,7.071719654319532,117.36361170812913,8.62608833523106,1e-07,61020507.49317135,0
1570.0,110.34739313490502,0.0,0.5210980858915434,110.86849122079656,15.12120882256363,1e-07,101337093.44434656,0
1580.0,110.40254182580884,0.0,3.9309580440922303,114.33349986990108,11.656200173459112,1e-07,79348281.54171166,0
1590.0,110.45734257312938,0.0,-1.9971823941566083,108.46016017897277,17.529539864387417,1e-07,116968918.46608372,0
1600.0,110.51179973983886,0.0,-4.739775065668098,105.77202467417077,20.217675369189422,1e-07,134596464.19400713,0
1610.0,110.56591760735733,0.0,-3.8604670489294874,106.70545055842784,19.284249484932346,1e-07,128460025.43465649,0
1620.0,110.619700377573,0.0,-2.900904258143013,107.71879611942998,18.270903923930206,1e-07,121815740.01651847,0
1630.0,110.6731521747995,0.0,8.513878929740658,119.18703110454015,6.802668938820034,1e-07,50667495.4218216,0
1640.0,110.72627704767433,0.0,-3.2855467168975445,107.44073033077679,18.5489697125834,1e-07,123636901.14261304,0
1650.0,110.77907897099846,0.0,3.35395681494538,114.13303578594383,11.856664257416355,1e-07,80596808.56689924,0
1660.0,110.83156184752147,0.0,-3.6117087123481055,107.21985313517337,18.76984690818682,1e-07,125084662.2460952,0
1670.0,110.88372950967204,0.0,3.7262920514969764,114.61002156116902,11.379678482191167,1e-07,77632122.84817307,0
1680.0,110.9355857212376,0.0,1.5398038644234526,112.47538958566105,13.514310457699139,1e-07,91043976.59487116,0
1690.0,110.98713417899381,0.0,-0.6265515906323617,110.36058258836145,15.629117454998735,1e-07,104616395.66805962,0
1700.0,111.03837851428585,0.0,-0.1630501045417361,110.87532840974411,15.114371633616074,1e-07,101293024.43955402,0
1710.0,111.08932229456343,0.0,-2.6191507817175617,108.47017151284587,17.51952853051432,1e-07,116903560.30720748,0
1720.0,111.13996902487133,0.0,1.7842888059283222,112.92425783079966,13.065442212560527,1e-07,88195365.16828391,0
1730.0,111.19032214929626,0.0,-1.81993392136312,109.37038822793315,16.61931181542704,1e-07,111038025.21766593,0
1740.0,111.24038505237235,0.0,-4.902423055068993,106.33796199730335,19.651738046056835,1e-07,130874269.9868078,0
1750.0,111.29016106044622,0.0,-5.111750297278477,106.17841076316775,19.81128928019244,1e-07,131923147.1632921,0
1760.0,111.33965344300333,0.0,0.6903516708884779,112.0300051138918,13.959694929468384,1e-07,93882922.4477305,0
1770.0,111.38886541395647,0.0,6.31636502564174,117.70523043959821,8.284469603761977,1e-07,59034352.34547313,0
1780.0,111.43780013289825,0.0,0.639966454293753,112.077766587192,13.911933456168185,1e-07,93577925.09401321,0
1790.0,111.48646070631821,0.0,-0.47455330443953025,111.01190740187869,14.9777926414815,1e-07,100413144.88096923,0
1800.0,111.53485018878649,0.0,1.1433045584101715,112.67815474719666,13.31154529616353,1e-07,89755556.02523075,0
1810.0,111.58297158410409,0.0,5.224006966827299,116.80697855093139,9.182721492428797,1e-07,64296830.994330995,0
1820.0,111.63082784642182,0.0,0.8775300054554254,112.50835785187725,13.481342191482938,1e-07,90834310.3324513,0
1830.0,111.67842188132892,0.0,-1.6437089233349487,110.03471295799396,15.954987085366227,1e-07,106725828.88136278,0
1840.0,111.7257565469111,0.0,4.425154840239555,116.15091138715066,9.83878865620953,1e-07,68216596.56216702,0
1850.0,111.77283465478064,0.0,1.715025753846454,113.48786040862709,12.501839634733102,1e-07,84638367.4229089,0
1860.0,111.8196589710787,0.0,6.143023967983968,117.96268293906266,8.027017104297528,1e-07,57550751.44280112,0
1870.0,111.86623221745032,0.0,0.7329377488876245,112.59916996633794,13.390530077022248,1e-07,90257132.83987294,0
1880.0,111.91255707199394,0.0,-4.897876126882001,107.01468094511195,18.97501909824824,1e-07,126430348.99694929,0
1890.0,111.95863617018523,0.0,-5.47263679698266,106.48599937320257,19.503700670157613,1e-07,129901453.04819345,0
1900.0,112.00447210577693,0.0,6.603711728924998,118.60818383470192,7.381516208658269,1e-07,53884542.91346943,0
1910.0,112.0500674316749,0.0,6.894662883133188,118.9447303148081,7.04496972855209,1e-07,52005576.82187226,0
1920.0,112.09542466079137,0.0,-0.7180768531304026,111.37734780766097,14.61235223569922,1e-07,98063137.29488562,0
1930.0,112.14054626687584,0.0,-1.532749284543951,110.60779698233189,15.381903061028297,1e-07,103018910.68081978,0
1940.0,112.18543468532488,0.0,5.845777168968809,118.03121185429369,7.9584881890665,1e-07,57157833.03268362,0
1950.0,112.23009231397072,0.0,-4.428182728173952,107.80190958579676,18.187790457563423,1e-07,121271724.7703865,0
1960.0,112.27452151384989,0.0,-3.5789080758233056,108.69561343802658,17.294086605333604,1e-07,115432486.68259917,0
1970.0,112.3187246099522,0.0,2.5733071787561776,114.89203178870838,11.097668254651808,1e-07,75889524.91773292,0
1980.0,112.36270389195096,0.0,-1.5784204914383584,110.78428340051259,15.205416642847595,1e-07,101880022.55711281,0
1990.0,112.40646161491452,0.0,-0.020487466880285184,112.38597414803424,13.603725895325951,1e-07,91612966.69491309,0
2000.0,112.44999999999999,0.0,-0.6537715940980503,111.79622840590194,14.193471637458245,1e-07,95377629.50603265,0
2010.0,112.49332123513017,0.0,1.3502981951957342,113.8436194303259,12.146080613034286,1e-07,82405543.22385988,0
2020.0,112.53642747565283,0.0,5.629927445254867,118.1663549209077,7.823345122452494,1e-07,56385487.600600876,0
2030.0,112.57932084498464,0.0,0.3623396276069822,112.94166047259162,13.048039570768566,1e-07,88085194.46605647,0
2040.0,112.62200343523835,0.0,2.5757551731074315,115.1977586083458,10.791941435014394,1e-07,74009585.33752553,0
2050.0,112.66447730783545,0.0,-8.20068840412409,104.46378890371136,21.525911139648827,1e-07,143217401.69148946,0
2060.0,112.70674449410342,0.0,-0.1948736077204718,112.51187088638295,13.477829156977236,1e-07,90811972.72203495,0
2070.0,112.74880699585873,0.0,-3.3729210811714845,109.37588591468725,16.613814128672942,1e-07,111002278.45461877,0
2080.0,112.79066678597559,0.0,-4.875252241694512,107.91541454428108,18.07428549907911,1e-07,120529035.44494283,0
2090.0,112.83232580894145,0.0,-3.512609467715003,109.31971634122644,16.66998370213375,1e-07,111367546.5009667,0
2100.0,112.87378598139873,0.0,-1.3364937628032483,111.53729221859548,14.452407824764705,1e-07,97036642.40719385,0
2110.0,112.91504919267419,0.0,3.6636101694240524,116.57865936209824,9.411040681261952,1e-07,65654150.62163083,0
2120.0,112.95611730529538,0.0,-5.305570870958256,107.65054643433712,18.33915360902307,1e-07,122262579.45226072,0
2130.0,112.9969921554951,0.0,0.12252597037766978,113.11951812587276,12.870181917487429,1e-07,86960441.80308802,0
2140.0,113.03767555370422,0.0,-1.936677733334314,111.1009978203699,14.88870222299029,1e-07,99839657.4198593,0
2150.0,113.07816928503246,0.0,-1.3106923774478434,111.76747690758461,14.222223135775579,1e-07,95561666.07066183,0
2160.0,113.118475109739,0.0,4.0110313012184164,117.12950641095742,8.860193632402769,1e-07,62392592.74990861,0
2170.0,113.15859476369093,0.0,2.1524617480157042,115.31105651170664,10.678643531653549,1e-07,73315453.77808459,0
2180.0,113.19852995881246,0.0,5.349592429770975,118.54812238858344,7.441577654776751,1e-07,54222286.20009855,0
2190.0,113.23828238352274,0.0,-0.6180227169996019,112.62025966652314,13.369440376837048,1e-07,90123167.58889993,0
2200.0,113.27785370316445,0.0,-2.783770446682812,110.49408325648164,15.495616786878543,1e-07,103753412.70144825,0
2210.0,113.31724556042258,0.0,-0.8954352675219981,112.42181029290057,13.567889750459614,1e-07,91384866.07253619,0
2220.0,113.35645957573314,0.0,0.9699871650848864,114.32644674081803,11.66325330254216,1e-07,79392148.14061894,0
2230.0,113.3954973476836,0.0,0.7062934338148441,114.10179078149845,11.887909261861736,1e-07,80791730.10221896,0
2240.0,113.4343604534036,0.0,-4.337552288933466,109.09680816447013,16.892891878890055,1e-07,112818077.47199336,0
2250.0,113.47305044894762,0.0,0.36195912651149686,113.83500957545911,12.154690467901077,1e-07,82459459.74195328,0
2260.0,113.5115688696684,0.0,0.9129133205556206,114.42448219022401,11.565217853136176,1e-07,78782831.92321108,0
2270.0,113.54991723058282,0.0,10.069896150135682,123.6198133807185,2.36988666264169,1e-07,28933518.576124344,0
2280.0,113.58809702672943,0.0,7.5073784451266805,121.0954754718561,4.894224571504083,1e-07,40615115.59944638,0
2290.0,113.62610973351815,0.0,-3.4129734022352802,110.21313633128287,15.77656371207732,1e-07,105570347.0820272,0
2300.0,113.66395680707222,0.0,-1.1495334461967044,112.51442336087553,13.475276682484662,1e-07,90795743.31407347,0
2310.0,113.70163968456325,0.0,-5.8537680073480125,107.84787167721524,18.14182836614495,1e-07,120970948.73302515,0
2320.0,113.73915978453834,0.0,-2.362828055853946,111.37633172868439,14.613368314675796,1e-07,98069662.39711905,0
2330.0,113.77651850724072,0.0,1.262420014361362,115.03893852160209,10.950761521758096,1e-07,74984953.74814963,0
2340.0,113.81371723492322,0.0,4.823414483552934,118.63713171847616,7.352568324884032,1e-07,53722017.43989292,0
2350.0,113.85075733215507,0.0,-2.916335350974434,110.93442198118063,15.055278062179553,1e-07,100912224.37309718,0
2360.0,113.88764014612246,0.0,-2.616585760271186,111.27105438585127,14.718645657508915,1e-07,98746011.61203629,0
2370.0,113.92436700692241,0.0,-8.58915611895462,105.33521088796779,20.654489155392397,1e-07,137472568.0483412,0
2380.0,113.96093922785059,0.0,-0.6506636821796307,113.31027554567096,12.679424497689226,1e-07,85756626.27662288,0
2390.0,113.99735810568313,0.0,-4.249657647438252,109.74770045824488,16.24199958511531,1e-07,108586988.82455425,0
2400.0,114.03362492095249,0.0,-2.117757709464295,111.91586721148819,14.073832831871997,1e-07,94612311.84283373,0
2410.0,114.06974093821776,0.0,-3.507443112670353,110.5622978255474,15.427402217812784,1e-07,103312735.56976715,0
2420.0,114.10570740632897,0.0,-0.37705021701022795,113.72865718931875,12.261042854041435,1e-07,83125960.83067028,0
2430.0,114.14152555868662,0.0,-7.030913565426525,107.1106119932601,18.879088050100094,1e-07,125801053.61999938,0
2440.0,114.17719661349491,0.0,-5.868180981563962,108.30901563193095,17.68068441142924,1e-07,117955967.49817826,0
2450.0,114.21272177401102,0.0,8.516988448113192,122.72971022212421,3.259989821235976,1e-07,32815714.364780504,0
2460.0,114.24810222878796,0.0,-5.149690325096124,109.09841190369184,16.891288139668347,1e-07,112807636.03466748,0
2470.0,114.28333915191371,0.0,-4.387142313818559,109.89619683809515,16.093503205265037,1e-07,107623681.67024745,0
2480.0,114.3184337032447,0.0,7.347654113285256,121.66608781652995,4.323612226830235,1e-07,37798879.39618207,0
2490.0,114.3533870286351,0.0,11.620268676961627,125.97365570559673,0.016044337763460703,1e-07,20053347.361782167,0
2500.0,114.38820026016111,0.0,-4.686266515301367,109.70193374485974,16.287766298500443,1e-07,108884036.24935123,0
2510.0,114.4228745163411,0.0,-1.4729958271521222,112.94987868918898,13.03982135417121,1e-07,88033174.73999804,0
2520.0,114.45741090235123,0.0,1.3662222037620382,115.82363310611326,10.166066937246924,1e-07,70193380.2481931,0
2530.0,114.49181051023669,0.0,6.9147905776223695,121.40660108785906,4.583098955501129,1e-07,39067761.93091144,0
2540.0,114.52607441911914,0.0,-3.9474283137129498,110.5786461054062,15.411053937953994,1e-07,103207151.57474972,0
2550.0,114.56020369539948,0.0,-0.981111383768439,113.57909231163104,12.410607731729144,1e-07,84064816.22005738,0
2560.0,114.59419939295736,0.0,3.109350304246976,117.70354969720434,8.28615034615585,1e-07,59044075.86873889,0
2570.0,114.62806255334624,0.0,1.7390642978664745,116.36712685121272,9.62257319214747,1e-07,66918245.1355014,0
2580.0,114.66179420598496,0.0,-1.504624284920397,113.15716992106456,12.832530122295623,1e-07,86722622.91826648,0
2590.0,114.69539536834537,0.0,-0.5352918580641646,114.1601035102812,11.829596533078984,1e-07,80428016.30495808,0
2600.0,114.72886704613671,0.0,-5.499583233479927,109.22928381265679,16.7604162307034,1e-07,111955833.58661899,0
2610.0,114.76221023348597,0.0,-0.9526949758986609,113.80951525758731,12.18018478577288,1e-07,82619145.85640566,0
2620.0,114.79542591311525,0.0,-1.0655499600358205,113.72987595307943,12.259824090280759,1e-07,83118317.71835391,0
2630.0,114.82851505651553,0.0,0.9286795585050238,115.75719461502055,10.232505428339636,1e-07,70596302.60710113,0
2640.0,114.86147862411696,0.0,-2.221308875276064,112.64016974884089,13.349530294519298,1e-07,89996721.73087195,0
2650.0,114.8943175654565,0.0,1.886154090180556,116.78047165563706,9.20922838772313,1e-07,64454022.832561426,0
2660.0,114.92703281934172,0.0,4.050863271279314,118.97789609062103,7.011803952739157,1e-07,51821681.19031145,0
2670.0,114.95962531401187,0.0,0.6217173106738642,115.58134262468573,10.408357418674456,1e-07,71665332.85879579,0
2680.0,114.99209596729617,0.0,1.4070256335968139,116.39912160089298,9.590578442467205,1e-07,66726652.57940677,0
2690.0,115.0244456867685,0.0,0.21262139031146945,115.23706707707997,10.752632966280217,1e-07,73768598.32377872,0
2700.0,115.05667536990012,0.0,0.0003375723656567217,115.05701294226577,10.932687101094416,1e-07,74873817.05837756,0
2710.0,115.08878590420846,0.0,-2.8862321341713897,112.20255377003707,13.787146273323117,1e-07,92781674.79061516,0
2720.0,115.12077816740435,0.0,1.265977046693232,116.38675521409759,9.602944829262597,1e-07,66800689.07667513,0
2730.0,115.15265302753545,0.0,-0.38914639365395787,114.76350663388149,11.226193409478697,1e-07,76682725.48913248,0
2740.0,115.18441134312815,0.0,8.37267323572238,123.55708457885052,2.4326154645096665,1e-07,29198082.537807547,0
2750.0,115.21605396332563,0.0,6.29341960990097,121.5094735732266,4.480226470133587,1e-07,38562326.481954865,0
2760.0,115.24758172802473,0.0,1.5433862102260032,116.79096793825073,9.198732105109457,1e-07,64391765.19888856,0
2770.0,115.27899546800933,0.0,-3.05222883877907,112.22676662923026,13.762933414129932,1e-07,92627281.33165169,0
2780.0,115.31029600508185,0.0,-4.449645887933672,110.86065011714818,15.129049926212005,1e-07,101387635.71515359,0
2790.0,115.34148415219232,0.0,4.76457181235546,120.10605596454778,5.883644078812409,1e-07,45712940.039161704,0
2800.0,115.37256071356472,0.0,1.050996900588554,116.42355761415328,9.566142429206906,1e-07,66580417.67093235,0
2810.0,115.40352648482195,0.0,1.9205736135664433,117.3241000983884,8.665599944971788,1e-07,61251469.94347301,0
2820.0,115.43438225310757,0.0,-6.978343947896771,108.4560383052108,17.53366173814939,1e-07,116995828.53570737,0
2830.0,115.46512879720615,0.0,3.709753926232723,119.17488272343887,6.814817319921318,1e-07,50734281.90477916,0
2840.0,115.49576688766109,0.0,1.8176813528574518,117.31344824051854,8.676251802841648,1e-07,61313777.79813348,0
2850.0,115.52629728689055,0.0,-4.441722737657912,111.08457454923264,14.905125494127546,1e-07,99945348.73442602,0
2860.0,115.55672074930123,0.0,-1.8860992297997958,113.67062151950144,12.31907852385875,1e-07,83490052.88089913,0
2870.0,115.58703802140025,0.0,1.0548688174260783,116.64190683882633,9.347793204533858,1e-07,65277405.41912678,0
2880.0,115.617249841905,0.0,0.2098671934249745,115.82711703532996,10.162583008030225,1e-07,70172266.50210102,0
2890.0,115.64735694185134,0.0,-1.16868474321422,114.47867219863713,11.51102784472306,1e-07,78446410.12119184,0
2900.0,115.67736004469947,0.0,-0.4139530722638434,115.26340697243563,10.726293070924555,1e-07,73607211.83138712,0
2910.0,115.7072598664385,0.0,-1.0079095128275415,114.69935035361097,11.29034968974922,1e-07,77079288.88243867,0
2920.0,115.73705711568874,0.0,0.6102500484098743,116.34730716409862,9.642392879261564,1e-07,67037000.08497078,0
2930.0,115.76675249380258,0.0,5.885967891972628,121.65272038577521,4.336979657584976,1e-07,37863754.756030746,0
2940.0,115.79634669496352,0.0,-10.26663376372519,105.52971293123832,20.459987112121865,1e-07,136191592.59518263,0
2950.0,115.82584040628359,0.0,-0.947401058038737,114.87843934824485,11.111260695115334,1e-07,75973332.2957498,0
2960.0,115.85523430789914,0.0,0.7060496854897879,116.56128399338893,9.428416049971261,1e-07,65757749.2616143,0
2970.0,115.88452907306458,0.0,1.183975958748398,117.06850503181298,8.921195011547212,1e-07,62751536.718596324,0
2980.0,115.91372536824548,0.0,-1.4876583252851594,114.42606704296033,11.56363300039986,1e-07,78772988.95735954,0
2990.0,115.94282385320895,0.0,-7.02688712991433,108.91593672329462,17.073763320065567,1e-07,113996163.36211888,0
3000.0,115.97182518111362,0.0,1.3119819348564385,117.28380711597005,8.705892927390138,1e-07,61487259.00526986,0
3010.0,116.00072999859725,0.0,6.90940085665674,122.910130855254,3.0795691881061913,1e-07,32006874.032340597,0
3020.0,116.02953894586341,0.0,-6.135445619664551,109.89409332619886,16.09560671716133,1e-07,107637321.85391429,0
3030.0,116.05825265676646,0.0,3.455312054792753,119.51356471155921,6.476135331800975,1e-07,48884636.05798046,0
3040.0,116.08687175889543,0.0,-1.3141008924915756,114.77277086640385,11.216929176956342,1e-07,76625495.128057,0
3050.0,116.1153968736561,0.0,-0.2452973833153892,115.8700994903407,10.119600553019481,1e-07,69911901.56082319,0
3060.0,116.14382861635198,0.0,-4.211594042815796,111.93223457353619,14.057465469823995,1e-07,94507672.70723712,0
3070.0,116.1721675962641,0.0,-1.3378246894235066,114.83434290684059,11.155357136519598,1e-07,76245348.76107487,0
3080.0,116.20041441672925,0.0,5.200178378795834,121.40059279552509,4.589107247835102,1e-07,39097378.197408445,0
3090.0,116.22856967521705,0.0,2.330620967950828,118.55919064316787,7.430509400192321,1e-07,54159992.25599434,0
3100.0,116.25663396340582,0.0,6.929246421639776,123.18588038504559,2.8038196583145947,1e-07,30791984.435674988,0
3110.0,116.28460786725708,0.0,4.709647555910775,120.99425542316786,4.99544462019233,1e-07,41124473.110164724,0
3120.0,116.31249196708922,0.0,1.7563467157183048,118.06883868280752,7.920861360552664,1e-07,56942457.97224622,0
3130.0,116.34028683764933,0.0,6.975738104671168,123.3160249423205,2.6736751010396915,1e-07,30227682.488775015,0
3140.0,116.36799304818464,0.0,1.755972634953195,118.12396568313784,7.865734360222348,1e-07,56627380.808880724,0
3150.0,116.39561116251235,0.0,3.3119527071882358,119.70756386970059,6.282136173659595,1e-07,47836919.87120957,0
3160.0,116.42314173908841,0.0,-1.1862838141388334,115.23685792494958,10.752842118410612,1e-07,73769880.11880484,0
3170.0,116.45058533107539,0.0,0.2661832634368193,116.7167685945122,9.272931448847984,1e-07,64832215.762403704,0
3180.0,116.477942486409,0.0,-2.7896952932011074,113.6882471932079,12.301452850152288,1e-07,83379447.96693014,0
3190.0,116.50521374786399,0.0,3.958335738379412,120.46354948624341,5.526150557116779,1e-07,43841124.28681944,0
3200.0,116.53239965311849,0.0,-4.713214492459462,111.81918516065903,14.170514882701156,1e-07,95230716.8065066,0
3210.0,116.55950073481779,0.0,3.1294013696706453,119.68890210448843,6.300797938871753,1e-07,47937322.88936188,0
3220.0,116.58651752063696,0.0,-0.7626042300206378,115.82391329061632,10.16578675274387,1e-07,70191682.18381946,0
3230.0,116.61345053334242,0.0,4.6849883738692775,121.29843890721169,4.691261136148498,1e-07,39602530.31971425,0
3240.0,116.64030029085262,0.0,3.0034759549250394,119.64377624577766,6.345923797582529,1e-07,48180444.84376659,0
3250.0,116.66706730629784,0.0,7.282584630587206,123.94965193688505,2.0400481064751403,1e-07,27565523.8666952,0
3260.0,116.69375208807912,0.0,2.923098764554579,119.6168508526337,6.372849190726484,1e-07,48325736.20114954,0
3270.0,116.72035513992608,0.0,-6.288161022612963,110.43219411731312,15.557505926047071,1e-07,104153390.96750142,0
3280.0,116.74687696095395,0.0,-0.26781269159280335,116.47906426936115,9.510635773999041,1e-07,66248548.29614344,0
3290.0,116.77331804571986,0.0,-4.688028770379264,112.0852892753406,13.904410768019588,1e-07,93529898.27575989,0
3300.0,116.79967888427808,0.0,-2.0731193694650987,114.72655951481298,11.263140528547211,1e-07,76911053.56186685,0
3310.0,116.82595996223478,0.0,6.0449137331068865,122.87087369534166,3.11882634801853,1e-07,32181935.579621192,0
3320.0,116.8521617608011,0.0,2.550135243590784,119.40229700439188,6.587403038968304,1e-07,49489463.294512704,0
3330.0,116.87828475684677,0.0,-2.7957217143149853,114.08256304253179,11.9071370008284,1e-07,80911724.51912221,0
3340.0,116.90432942295166,0.0,-4.054869465761596,112.84945995719006,13.140240086170124,1e-07,88669122.75564747,0
3350.0,116.93029622745729,0.0,0.13112837150504317,117.06142459896233,8.928275444397855,1e-07,62793236.61734592,0
3360.0,116.95618563451723,0.0,-4.866240597524511,112.08994503699272,13.89975500636747,1e-07,93500176.29908377,0
3370.0,116.98199810414712,0.0,-2.6845611095863244,114.2974369945608,11.69226304879939,1e-07,79572620.61767797,0
3380.0,117.00773409227344,0.0,1.2480378862049755,118.2557719784784,7.7339280648817805,1e-07,55876330.35417476,0
3390.0,117.03339405078202,0.0,4.621248144426785,121.65464219520881,4.335057848151379,1e-07,37854424.44025561,0
3400.0,117.05897842756548,0.0,2.435045888897759,119.49402431646324,6.495675726896948,1e-07,48990649.10624614,0
3410.0,117.08448766657028,0.0,-9.1651580343924,107.91932963217788,18.07037041118231,1e-07,120503423.38349305,0
3420.0,117.10992220784306,0.0,1.2174669161210392,118.3273891239641,7.662310919396091,1e-07,55469616.696992785,0
3430.0,117.13528248757575,0.0,0.2881342929303117,117.42341678050606,8.566283262854128,1e-07,60671403.57793382,0
3440.0,117.16056893815096,0.0,1.6555611414907723,118.81613007964174,7.17356996371845,1e-07,52720812.39448516,0
3450.0,117.18578198818585,0.0,6.464838726604829,123.65062071479068,2.339079328569511,1e-07,28804097.702231966,0
3460.0,117.21092206257589,0.0,-8.252953107218971,108.95796895535692,17.03173108800327,1e-07,113722305.49621159,0
3470.0,117.23598958253785,0.0,-2.3644137007644224,114.87157588177344,11.11812416158675,1e-07,76015657.77295572,0
3480.0,117.26098496565197,0.0,2.3636252911734186,119.62461025682539,6.365089786534796,1e-07,48283848.55125826,0
3490.0,117.28590862590397,0.0,-6.326377597815769,110.95953102808821,15.03016901527198,1e-07,100750468.57687093,0
3500.0,117.31076097372585,0.0,5.903796192214036,123.21455716593988,2.7751428774203077,1e-07,30667138.845116485,0
3510.0,117.33554241603684,0.0,1.4734264508026336,118.80896886683948,7.180731176520709,1e-07,52760741.913462624,0
3520.0,117.36025335628295,0.0,3.386335943373616,120.74658929965656,5.243110743703625,1e-07,42382773.63830517,0
3530.0,117.38489419447683,0.0,-2.283774646087178,115.10111954838965,10.88858049497054,1e-07,74602757.83062674,0
3540.0,117.40946532723609,0.0,3.255054759864842,120.66452008710094,5.325179956259248,1e-07,42803430.112102516,0
3550.0,117.43396714782222,0.0,4.273886223956153,121.70785337177837,4.2818466715818175,1e-07,37596528.454955086,0
3560.0,117.45840004617787,0.0,0.9315120805486734,118.38991212672654,7.599787916633645,1e-07,55115349.27291386,0
3570.0,117.48276440896421,0.0,0.9376035707947837,118.42036797975899,7.569332063601195,1e-07,54943053.2613667,0
3580.0,117.50706061959784,0.0,1.0813729571269035,118.58843357672474,7.401266466635448,1e-07,53995525.240105905,0
3590.0,117.53128905828675,0.0,-3.4533810589575267,114.07790799932921,11.911792044030975,1e-07,80940780.05737719,0
3600.0,117.55545010206612,0.0,-0.5901147209614117,116.96533538110471,9.02436466225548,1e-07,63359908.60779959,0
3610.0,117.57954412483349,0.0,-0.6100901298094352,116.96945399502405,9.020246048336134,1e-07,63335590.8681935,0
3620.0,117.60357149738371,0.0,1.5335754574139804,119.13714695479769,6.852553088562502,1e-07,50941941.75862538,0
3630.0,117.6275325874426,0.0,3.9992969876411784,121.62682957508378,4.362870468276412,1e-07,37989561.982412376,0
3640.0,117.65142775970145,0.0,-4.234144327913637,113.41728343178781,12.572416611572379,1e-07,85082507.2552604,0
3650.0,117.67525737584987,0.0,-0.5000361212783105,117.17522125457155,8.814478788788634,1e-07,62123977.32007678,0
3660.0,117.69902179460854,0.0,5.925822190635893,123.62484398524444,2.3648560581157483,1e-07,28912362.071312472,0
3670.0,117.72272137176213,0.0,-2.9743529152502566,114.74836845651188,11.241331586848304,1e-07,76776260.9180201,0
3680.0,117.74635646019073,0.0,-3.2890000691612813,114.45735639102945,11.532343652330738,1e-07,78578709.82320052,0
3690.0,117.76992740990158,0.0,0.8092247673247743,118.57915217722636,7.410547866133825,1e-07,54047706.92369314,0
3700.0,117.79343456806026,0.0,3.3775407619412805,121.17097533000154,4.818724713358648,1e-07,40237071.16398963,0
3710.0,117.8168782790213,0.0,0.04570422224263732,117.86258250126393,8.127117542096258,1e-07,58126203.98581376,0
3720.0,117.84025888435832,0.0,5.315842361747957,123.15610124610627,2.833598797253913,1e-07,30921929.648179695,0
3730.0,117.86357672289415,0.0,3.4271759302661073,121.29075265316025,4.698947390199933,1e-07,39640661.563096285,0
3740.0,117.88683213072994,0.0,3.3672802675602473,121.25411239829019,4.735587645069998,1e-07,39822667.22192849,0
3750.0,117.91002544127474,0.0,2.216466005296373,120.12649144657111,5.863208596789079,1e-07,45605067.37455285,0
3760.0,117.93315698527357,0.0,9.31061240138434,127.2437693866579,-1.254069343297715,1e-07,16133771.240103755,0
3770.0,117.9562270908362,0.0,-0.8206467554641768,117.13558033537201,8.854119707988175,1e-07,62356884.22432947,0
3780.0,117.97923608346485,0.0,-8.014089168266056,109.9651469151988,16.024553128161386,1e-07,107176664.36810236,0
3790.0,118.00218428608179,0.0,6.417017446068564,124.41920173215036,1.5704983112098319,1e-07,25686185.87145671,0
3800.0,118.02507201905655,0.0,-1.8307977238273025,116.19427429522925,9.795425748130938,1e-07,67955710.46048585,0
3810.0,118.04789960023277,0.0,0.43152177737213215,118.4794213776049,7.510278665755294,1e-07,54609487.430214785,0
3820.0,118.07066734495453,0.0,5.238202739442108,123.30887008439663,2.6808299589635567,1e-07,30258552.887553524,0
3830.0,118.09337556609279,0.0,-6.409038164235701,111.68433740185709,14.305362641503095,1e-07,96094085.83227983,0
3840.0,118.11602457407099,0.0,-5.006588856424558,113.10943571764643,12.880264325713753,1e-07,87024142.23220481,0
3850.0,118.13861467689037,0.0,-6.405111748475415,111.73350292841495,14.256197114945238,1e-07,95779188.63499367,0
3860.0,118.16114618015547,0.0,-3.1765451601016954,114.98460102005377,11.005099023306414,1e-07,75319272.9350347,0
3870.0,118.18361938709859,0.0,1.7585464240679742,119.94216581116656,6.047534232193627,1e-07,46581808.76543189,0
3880.0,118.2060345986045,0.0,2.096751371251084,120.30278596985559,5.686914073504596,1e-07,44678829.9640189,0
3890.0,118.22839211323452,0.0,1.105096717314215,119.33348883054873,6.656211212811456,1e-07,49864891.09145569,0
3900.0,118.25069222725034,0.0,-5.651063535569466,112.59962869168088,13.39007135167931,1e-07,90254218.63724846,0
3910.0,118.27293523463771,0.0,-9.240413746530576,109.03252148810714,16.95717855525305,1e-07,113236690.96759322,0
3920.0,118.29512142712952,0.0,0.21741434156152906,118.51253576869104,7.47716427466915,1e-07,54422737.61441545,0
3930.0,118.31725109422888,0.0,-1.887104134553343,116.43014695967554,9.559553083684648,1e-07,66540998.380230315,0
3940.0,118.33932452323182,0.0,1.837543086866447,120.17686761009827,5.812832433261917,1e-07,45339593.67945838,0
3950.0,118.36134199924953,0.0,2.8078145048850804,121.16915650413462,4.820543539225568,1e-07,40246159.36859517,0
3960.0,118.38330380523058,0.0,0.5529657282347277,118.9362695334653,7.053430509894881,1e-07,52052526.8076834,0
3970.0,118.40521022198266,0.0,3.040532341503415,121.44574256348608,4.543957479874109,1e-07,38875083.74883929,0
3980.0,118.42706152819409,0.0,0.9168454964602737,119.34390702465436,6.645793018705831,1e-07,49807979.61962538,0
3990.0,118.44885800045535,0.0,2.1202588224058667,120.56911682286122,5.420583220498969,1e-07,43294702.2036538,0
4000.0,118.47059991327961,0.0,-2.8186930514795296,115.65190686180009,10.337793181560102,1e-07,71235920.95649202,0
