distance_m,alpha_Np_per_m,path_loss_dB,Pr_dBm,SNR_dB,Eb_J,capacity_bps,outage_flag_cap
10.0,1.5390597961942367,133.6827338974314,-103.6827338974314,35.317266102568595,0.001,11732.565867890862,0
20.0,1.5390597961942367,267.3654677948628,-237.3654677948628,-98.36546779486281,0.001,2.1019763517225885e-07,1
30.0,1.5390597961942367,401.0482016922942,-371.0482016922942,-232.04820169229419,0.001,0.0,1
40.0,1.5390597961942367,534.7309355897256,-504.7309355897256,-365.7309355897256,0.001,0.0,1
50.0,1.5390597961942367,668.413669487157,-638.413669487157,-499.413669487157,0.001,0.0,1
60.0,1.5390597961942367,802.0964033845884,-772.0964033845884,-633.0964033845884,0.001,0.0,1
70.0,1.5390597961942367,935.7791372820197,-905.7791372820197,-766.7791372820197,0.001,0.0,1
80.0,1.5390597961942367,1069.4618711794512,-1039.4618711794512,-900.4618711794512,0.001,0.0,1
90.0,1.5390597961942367,1203.1446050768825,-1173.1446050768825,-1034.1446050768825,0.001,0.0,1
100.0,1.5390597961942367,1336.827338974314,-1306.827338974314,-1167.827338974314,0.001,0.0,1
110.0,1.5390597961942367,1470.5100728717453,-1440.5100728717453,-1301.5100728717453,0.001,0.0,1
120.0,1.5390597961942367,1604.1928067691767,-1574.1928067691767,-1435.1928067691767,0.001,0.0,1
130.0,1.5390597961942367,1737.8755406666082,-1707.8755406666082,-1568.8755406666082,0.001,0.0,1
140.0,1.5390597961942367,1871.5582745640395,-1841.5582745640395,-1702.5582745640395,0.001,0.0,1
150.0,1.5390597961942367,2005.241008461471,-1975.241008461471,-1836.241008461471,0.001,0.0,1
160.0,1.5390597961942367,2138.9237423589025,-2108.9237423589025,-1969.9237423589025,0.001,0.0,1
170.0,1.5390597961942367,2272.6064762563337,-2242.6064762563337,-2103.6064762563337,0.001,0.0,1
180.0,1.5390597961942367,2406.289210153765,-2376.289210153765,-2237.289210153765,0.001,0.0,1
190.0,1.5390597961942367,2539.9719440511963,-2509.9719440511963,-2370.9719440511963,0.001,0.0,1
200.0,1.5390597961942367,2673.654677948628,-2643.654677948628,-2504.654677948628,0.001,0.0,1
210.0,1.5390597961942367,2807.3374118460592,-2777.3374118460592,-2638.3374118460592,0.001,0.0,1
220.0,1.5390597961942367,2941.0201457434905,-2911.0201457434905,-2772.0201457434905,0.001,0.0,1
230.0,1.5390597961942367,3074.702879640922,-3044.702879640922,-2905.702879640922,0.001,0.0,1
240.0,1.5390597961942367,3208.3856135383535,-3178.3856135383535,-3039.3856135383535,0.001,0.0,1
250.0,1.5390597961942367,3342.0683474357847,-3312.0683474357847,-3173.0683474357847,0.001,0.0,1
260.0,1.5390597961942367,3475.7510813332165,-3445.7510813332165,-3306.7510813332165,0.001,0.0,1
270.0,1.5390597961942367,3609.4338152306477,-3579.4338152306477,-3440.4338152306477,0.001,0.0,1
280.0,1.5390597961942367,3743.116549128079,-3713.116549128079,-3574.116549128079,0.001,0.0,1
290.0,1.5390597961942367,3876.7992830255102,-3846.7992830255102,-3707.7992830255102,0.001,0.0,1
300.0,1.5390597961942367,4010.482016922942,-3980.482016922942,-3841.482016922942,0.001,0.0,1
310.0,1.5390597961942367,4144.164750820373,-4114.164750820373,-3975.1647508203732,0.001,0.0,1
320.0,1.5390597961942367,4277.847484717805,-4247.847484717805,-4108.847484717805,0.001,0.0,1
330.0,1.5390597961942367,4411.530218615236,-4381.530218615236,-4242.530218615236,0.001,0.0,1
340.0,1.5390597961942367,4545.2129525126675,-4515.2129525126675,-4376.2129525126675,0.001,0.0,1
350.0,1.5390597961942367,4678.895686410099,-4648.895686410099,-4509.895686410099,0.001,0.0,1
360.0,1.5390597961942367,4812.57842030753,-4782.57842030753,-4643.57842030753,0.001,0.0,1
370.0,1.5390597961942367,4946.261154204962,-4916.261154204962,-4777.261154204962,0.001,0.0,1
380.0,1.5390597961942367,5079.9438881023925,-5049.9438881023925,-4910.9438881023925,0.001,0.0,1
390.0,1.5390597961942367,5213.626621999824,-5183.626621999824,-5044.626621999824,0.001,0.0,1
400.0,1.5390597961942367,5347.309355897256,-5317.309355897256,-5178.309355897256,0.001,0.0,1
410.0,1.5390597961942367,5480.992089794687,-5450.992089794687,-5311.992089794687,0.001,0.0,1
420.0,1.5390597961942367,5614.6748236921185,-5584.6748236921185,-5445.6748236921185,0.001,0.0,1
430.0,1.5390597961942367,5748.35755758955,-5718.35755758955,-5579.35755758955,0.001,0.0,1
440.0,1.5390597961942367,5882.040291486981,-5852.040291486981,-5713.040291486981,0.001,0.0,1
450.0,1.5390597961942367,6015.723025384413,-5985.723025384413,-5846.723025384413,0.001,0.0,1
460.0,1.5390597961942367,6149.405759281844,-6119.405759281844,-5980.405759281844,0.001,0.0,1
470.0,1.5390597961942367,6283.088493179275,-6253.088493179275,-6114.088493179275,0.001,0.0,1
480.0,1.5390597961942367,6416.771227076707,-6386.771227076707,-6247.771227076707,0.001,0.0,1
490.0,1.5390597961942367,6550.453960974139,-6520.453960974139,-6381.453960974139,0.001,0.0,1
500.0,1.5390597961942367,6684.1366948715695,-6654.1366948715695,-6515.1366948715695,0.001,0.0,1
510.0,1.5390597961942367,6817.819428769001,-6787.819428769001,-6648.819428769001,0.001,0.0,1
520.0,1.5390597961942367,6951.502162666433,-6921.502162666433,-6782.502162666433,0.001,0.0,1
530.0,1.5390597961942367,7085.184896563864,-7055.184896563864,-6916.184896563864,0.001,0.0,1
540.0,1.5390597961942367,7218.867630461295,-7188.867630461295,-7049.867630461295,0.001,0.0,1
550.0,1.5390597961942367,7352.550364358726,-7322.550364358726,-7183.550364358726,0.001,0.0,1
560.0,1.5390597961942367,7486.233098256158,-7456.233098256158,-7317.233098256158,0.001,0.0,1
570.0,1.5390597961942367,7619.91583215359,-7589.91583215359,-7450.91583215359,0.001,0.0,1
580.0,1.5390597961942367,7753.5985660510205,-7723.5985660510205,-7584.5985660510205,0.001,0.0,1
590.0,1.5390597961942367,7887.281299948452,-7857.281299948452,-7718.281299948452,0.001,0.0,1
600.0,1.5390597961942367,8020.964033845884,-7990.964033845884,-7851.964033845884,0.001,0.0,1
610.0,1.5390597961942367,8154.646767743315,-8124.646767743315,-7985.646767743315,0.001,0.0,1
620.0,1.5390597961942367,8288.329501640746,-8258.329501640746,-8119.3295016407465,0.001,0.0,1
630.0,1.5390597961942367,8422.012235538177,-8392.012235538177,-8253.012235538177,0.001,0.0,1
640.0,1.5390597961942367,8555.69496943561,-8525.69496943561,-8386.69496943561,0.001,0.0,1
650.0,1.5390597961942367,8689.37770333304,-8659.37770333304,-8520.37770333304,0.001,0.0,1
660.0,1.5390597961942367,8823.060437230472,-8793.060437230472,-8654.060437230472,0.001,0.0,1
670.0,1.5390597961942367,8956.743171127904,-8926.743171127904,-8787.743171127904,0.001,0.0,1
680.0,1.5390597961942367,9090.425905025335,-9060.425905025335,-8921.425905025335,0.001,0.0,1
690.0,1.5390597961942367,9224.108638922766,-9194.108638922766,-9055.108638922766,0.001,0.0,1
700.0,1.5390597961942367,9357.791372820198,-9327.791372820198,-9188.791372820198,0.001,0.0,1
710.0,1.5390597961942367,9491.47410671763,-9461.47410671763,-9322.47410671763,0.001,0.0,1
720.0,1.5390597961942367,9625.15684061506,-9595.15684061506,-9456.15684061506,0.001,0.0,1
730.0,1.5390597961942367,9758.839574512493,-9728.839574512493,-9589.839574512493,0.001,0.0,1
740.0,1.5390597961942367,9892.522308409923,-9862.522308409923,-9723.522308409923,0.001,0.0,1
750.0,1.5390597961942367,10026.205042307354,-9996.205042307354,-9857.205042307354,0.001,0.0,1
760.0,1.5390597961942367,10159.887776204785,-10129.887776204785,-9990.887776204785,0.001,0.0,1
770.0,1.5390597961942367,10293.570510102218,-10263.570510102218,-10124.570510102218,0.001,0.0,1
780.0,1.5390597961942367,10427.253243999648,-10397.253243999648,-10258.253243999648,0.001,0.0,1
790.0,1.5390597961942367,10560.93597789708,-10530.93597789708,-10391.93597789708,0.001,0.0,1
800.0,1.5390597961942367,10694.618711794512,-10664.618711794512,-10525.618711794512,0.001,0.0,1
810.0,1.5390597961942367,10828.301445691943,-10798.301445691943,-10659.301445691943,0.001,0.0,1
820.0,1.5390597961942367,10961.984179589374,-10931.984179589374,-10792.984179589374,0.001,0.0,1
830.0,1.5390597961942367,11095.666913486806,-11065.666913486806,-10926.666913486806,0.001,0.0,1
840.0,1.5390597961942367,11229.349647384237,-11199.349647384237,-11060.349647384237,0.001,0.0,1
850.0,1.5390597961942367,11363.032381281668,-11333.032381281668,-11194.032381281668,0.001,0.0,1
860.0,1.5390597961942367,11496.7151151791,-11466.7151151791,-11327.7151151791,0.001,0.0,1
870.0,1.5390597961942367,11630.397849076531,-11600.397849076531,-11461.397849076531,0.001,0.0,1
880.0,1.5390597961942367,11764.080582973962,-11734.080582973962,-11595.080582973962,0.001,0.0,1
890.0,1.5390597961942367,11897.763316871395,-11867.763316871395,-11728.763316871395,0.001,0.0,1
900.0,1.5390597961942367,12031.446050768825,-12001.446050768825,-11862.446050768825,0.001,0.0,1
910.0,1.5390597961942367,12165.128784666256,-12135.128784666256,-11996.128784666256,0.001,0.0,1
920.0,1.5390597961942367,12298.811518563689,-12268.811518563689,-12129.811518563689,0.001,0.0,1
930.0,1.5390597961942367,12432.49425246112,-12402.49425246112,-12263.49425246112,0.001,0.0,1
940.0,1.5390597961942367,12566.17698635855,-12536.17698635855,-12397.17698635855,0.001,0.0,1
950.0,1.5390597961942367,12699.859720255983,-12669.859720255983,-12530.859720255983,0.001,0.0,1
960.0,1.5390597961942367,12833.542454153414,-12803.542454153414,-12664.542454153414,0.001,0.0,1
970.0,1.5390597961942367,12967.225188050845,-12937.225188050845,-12798.225188050845,0.001,0.0,1
980.0,1.5390597961942367,13100.907921948277,-13070.907921948277,-12931.907921948277,0.001,0.0,1
990.0,1.5390597961942367,13234.590655845708,-13204.590655845708,-13065.590655845708,0.001,0.0,1
1000.0,1.5390597961942367,13368.273389743139,-13338.273389743139,-13199.273389743139,0.001,0.0,1
1010.0,1.5390597961942367,13501.956123640572,-13471.956123640572,-13332.956123640572,0.001,0.0,1
1020.0,1.5390597961942367,13635.638857538002,-13605.638857538002,-13466.638857538002,0.001,0.0,1
1030.0,1.5390597961942367,13769.321591435433,-13739.321591435433,-13600.321591435433,0.001,0.0,1
1040.0,1.5390597961942367,13903.004325332866,-13873.004325332866,-13734.004325332866,0.001,0.0,1
1050.0,1.5390597961942367,14036.687059230297,-14006.687059230297,-13867.687059230297,0.001,0.0,1
1060.0,1.5390597961942367,14170.369793127727,-14140.369793127727,-14001.369793127727,0.001,0.0,1
1070.0,1.5390597961942367,14304.052527025158,-14274.052527025158,-14135.052527025158,0.001,0.0,1
1080.0,1.5390597961942367,14437.73526092259,-14407.73526092259,-14268.73526092259,0.001,0.0,1
1090.0,1.5390597961942367,14571.417994820022,-14541.417994820022,-14402.417994820022,0.001,0.0,1
1100.0,1.5390597961942367,14705.100728717453,-14675.100728717453,-14536.100728717453,0.001,0.0,1
1110.0,1.5390597961942367,14838.783462614885,-14808.783462614885,-14669.783462614885,0.001,0.0,1
1120.0,1.5390597961942367,14972.466196512316,-14942.466196512316,-14803.466196512316,0.001,0.0,1
1130.0,1.5390597961942367,15106.148930409747,-15076.148930409747,-14937.148930409747,0.001,0.0,1
1140.0,1.5390597961942367,15239.83166430718,-15209.83166430718,-15070.83166430718,0.001,0.0,1
1150.0,1.5390597961942367,15373.51439820461,-15343.51439820461,-15204.51439820461,0.001,0.0,1
1160.0,1.5390597961942367,15507.197132102041,-15477.197132102041,-15338.197132102041,0.001,0.0,1
1170.0,1.5390597961942367,15640.879865999474,-15610.879865999474,-15471.879865999474,0.001,0.0,1
1180.0,1.5390597961942367,15774.562599896904,-15744.562599896904,-15605.562599896904,0.001,0.0,1
1190.0,1.5390597961942367,15908.245333794335,-15878.245333794335,-15739.245333794335,0.001,0.0,1
1200.0,1.5390597961942367,16041.928067691768,-16011.928067691768,-15872.928067691768,0.001,0.0,1
1210.0,1.5390597961942367,16175.610801589199,-16145.610801589199,-16006.610801589199,0.001,0.0,1
1220.0,1.5390597961942367,16309.29353548663,-16279.29353548663,-16140.29353548663,0.001,0.0,1
1230.0,1.5390597961942367,16442.97626938406,-16412.97626938406,-16273.97626938406,0.001,0.0,1
1240.0,1.5390597961942367,16576.659003281493,-16546.659003281493,-16407.659003281493,0.001,0.0,1
1250.0,1.5390597961942367,16710.341737178926,-16680.341737178926,-16541.341737178926,0.001,0.0,1
1260.0,1.5390597961942367,16844.024471076355,-16814.024471076355,-16675.024471076355,0.001,0.0,1
1270.0,1.5390597961942367,16977.707204973787,-16947.707204973787,-16808.707204973787,0.001,0.0,1
1280.0,1.5390597961942367,17111.38993887122,-17081.38993887122,-16942.38993887122,0.001,0.0,1
1290.0,1.5390597961942367,17245.07267276865,-17215.07267276865,-17076.07267276865,0.001,0.0,1
1300.0,1.5390597961942367,17378.75540666608,-17348.75540666608,-17209.75540666608,0.001,0.0,1
1310.0,1.5390597961942367,17512.438140563514,-17482.438140563514,-17343.438140563514,0.001,0.0,1
1320.0,1.5390597961942367,17646.120874460943,-17616.120874460943,-17477.120874460943,0.001,0.0,1
1330.0,1.5390597961942367,17779.803608358376,-17749.803608358376,-17610.803608358376,0.001,0.0,1
1340.0,1.5390597961942367,17913.48634225581,-17883.48634225581,-17744.48634225581,0.001,0.0,1
1350.0,1.5390597961942367,18047.169076153237,-18017.169076153237,-17878.169076153237,0.001,0.0,1
1360.0,1.5390597961942367,18180.85181005067,-18150.85181005067,-18011.85181005067,0.001,0.0,1
1370.0,1.5390597961942367,18314.534543948103,-18284.534543948103,-18145.534543948103,0.001,0.0,1
1380.0,1.5390597961942367,18448.21727784553,-18418.21727784553,-18279.21727784553,0.001,0.0,1
1390.0,1.5390597961942367,18581.900011742964,-18551.900011742964,-18412.900011742964,0.001,0.0,1
1400.0,1.5390597961942367,18715.582745640397,-18685.582745640397,-18546.582745640397,0.001,0.0,1
1410.0,1.5390597961942367,18849.265479537826,-18819.265479537826,-18680.265479537826,0.001,0.0,1
1420.0,1.5390597961942367,18982.94821343526,-18952.94821343526,-18813.94821343526,0.001,0.0,1
1430.0,1.5390597961942367,19116.63094733269,-19086.63094733269,-18947.63094733269,0.001,0.0,1
1440.0,1.5390597961942367,19250.31368123012,-19220.31368123012,-19081.31368123012,0.001,0.0,1
1450.0,1.5390597961942367,19383.996415127553,-19353.996415127553,-19214.996415127553,0.001,0.0,1
1460.0,1.5390597961942367,19517.679149024985,-19487.679149024985,-19348.679149024985,0.001,0.0,1
1470.0,1.5390597961942367,19651.361882922414,-19621.361882922414,-19482.361882922414,0.001,0.0,1
1480.0,1.5390597961942367,19785.044616819847,-19755.044616819847,-19616.044616819847,0.001,0.0,1
1490.0,1.5390597961942367,19918.72735071728,-19888.72735071728,-19749.72735071728,0.001,0.0,1
1500.0,1.5390597961942367,20052.41008461471,-20022.41008461471,-19883.41008461471,0.001,0.0,1
1510.0,1.5390597961942367,20186.09281851214,-20156.09281851214,-20017.09281851214,0.001,0.0,1
1520.0,1.5390597961942367,20319.77555240957,-20289.77555240957,-20150.77555240957,0.001,0.0,1
1530.0,1.5390597961942367,20453.458286307003,-20423.458286307003,-20284.458286307003,0.001,0.0,1
1540.0,1.5390597961942367,20587.141020204435,-20557.141020204435,-20418.141020204435,0.001,0.0,1
1550.0,1.5390597961942367,20720.823754101864,-20690.823754101864,-20551.823754101864,0.001,0.0,1
1560.0,1.5390597961942367,20854.506487999297,-20824.506487999297,-20685.506487999297,0.001,0.0,1
1570.0,1.5390597961942367,20988.18922189673,-20958.18922189673,-20819.18922189673,0.001,0.0,1
1580.0,1.5390597961942367,21121.87195579416,-21091.87195579416,-20952.87195579416,0.001,0.0,1
1590.0,1.5390597961942367,21255.55468969159,-21225.55468969159,-21086.55468969159,0.001,0.0,1
1600.0,1.5390597961942367,21389.237423589024,-21359.237423589024,-21220.237423589024,0.001,0.0,1
1610.0,1.5390597961942367,21522.920157486453,-21492.920157486453,-21353.920157486453,0.001,0.0,1
1620.0,1.5390597961942367,21656.602891383885,-21626.602891383885,-21487.602891383885,0.001,0.0,1
1630.0,1.5390597961942367,21790.285625281318,-21760.285625281318,-21621.285625281318,0.001,0.0,1
1640.0,1.5390597961942367,21923.968359178747,-21893.968359178747,-21754.968359178747,0.001,0.0,1
1650.0,1.5390597961942367,22057.65109307618,-22027.65109307618,-21888.65109307618,0.001,0.0,1
1660.0,1.5390597961942367,22191.333826973612,-22161.333826973612,-22022.333826973612,0.001,0.0,1
1670.0,1.5390597961942367,22325.01656087104,-22295.01656087104,-22156.01656087104,0.001,0.0,1
1680.0,1.5390597961942367,22458.699294768474,-22428.699294768474,-22289.699294768474,0.001,0.0,1
1690.0,1.5390597961942367,22592.382028665907,-22562.382028665907,-22423.382028665907,0.001,0.0,1
1700.0,1.5390597961942367,22726.064762563336,-22696.064762563336,-22557.064762563336,0.001,0.0,1
1710.0,1.5390597961942367,22859.747496460768,-22829.747496460768,-22690.747496460768,0.001,0.0,1
1720.0,1.5390597961942367,22993.4302303582,-22963.4302303582,-22824.4302303582,0.001,0.0,1
1730.0,1.5390597961942367,23127.11296425563,-23097.11296425563,-22958.11296425563,0.001,0.0,1
1740.0,1.5390597961942367,23260.795698153062,-23230.795698153062,-23091.795698153062,0.001,0.0,1
1750.0,1.5390597961942367,23394.478432050495,-23364.478432050495,-23225.478432050495,0.001,0.0,1
1760.0,1.5390597961942367,23528.161165947924,-23498.161165947924,-23359.161165947924,0.001,0.0,1
1770.0,1.5390597961942367,23661.843899845357,-23631.843899845357,-23492.843899845357,0.001,0.0,1
1780.0,1.5390597961942367,23795.52663374279,-23765.52663374279,-23626.52663374279,0.001,0.0,1
1790.0,1.5390597961942367,23929.20936764022,-23899.20936764022,-23760.20936764022,0.001,0.0,1
1800.0,1.5390597961942367,24062.89210153765,-24032.89210153765,-23893.89210153765,0.001,0.0,1
1810.0,1.5390597961942367,24196.574835435084,-24166.574835435084,-24027.574835435084,0.001,0.0,1
1820.0,1.5390597961942367,24330.257569332513,-24300.257569332513,-24161.257569332513,0.001,0.0,1
1830.0,1.5390597961942367,24463.940303229945,-24433.940303229945,-24294.940303229945,0.001,0.0,1
1840.0,1.5390597961942367,24597.623037127378,-24567.623037127378,-24428.623037127378,0.001,0.0,1
1850.0,1.5390597961942367,24731.305771024807,-24701.305771024807,-24562.305771024807,0.001,0.0,1
1860.0,1.5390597961942367,24864.98850492224,-24834.98850492224,-24695.98850492224,0.001,0.0,1
1870.0,1.5390597961942367,24998.671238819672,-24968.671238819672,-24829.671238819672,0.001,0.0,1
1880.0,1.5390597961942367,25132.3539727171,-25102.3539727171,-24963.3539727171,0.001,0.0,1
1890.0,1.5390597961942367,25266.036706614534,-25236.036706614534,-25097.036706614534,0.001,0.0,1
1900.0,1.5390597961942367,25399.719440511966,-25369.719440511966,-25230.719440511966,0.001,0.0,1
1910.0,1.5390597961942367,25533.402174409395,-25503.402174409395,-25364.402174409395,0.001,0.0,1
1920.0,1.5390597961942367,25667.084908306828,-25637.084908306828,-25498.084908306828,0.001,0.0,1
1930.0,1.5390597961942367,25800.76764220426,-25770.76764220426,-25631.76764220426,0.001,0.0,1
1940.0,1.5390597961942367,25934.45037610169,-25904.45037610169,-25765.45037610169,0.001,0.0,1
1950.0,1.5390597961942367,26068.133109999122,-26038.133109999122,-25899.133109999122,0.001,0.0,1
1960.0,1.5390597961942367,26201.815843896555,-26171.815843896555,-26032.815843896555,0.001,0.0,1
1970.0,1.5390597961942367,26335.498577793984,-26305.498577793984,-26166.498577793984,0.001,0.0,1
1980.0,1.5390597961942367,26469.181311691416,-26439.181311691416,-26300.181311691416,0.001,0.0,1
1990.0,1.5390597961942367,26602.86404558885,-26572.86404558885,-26433.86404558885,0.001,0.0,1
2000.0,1.5390597961942367,26736.546779486278,-26706.546779486278,-26567.546779486278,0.001,0.0,1
2010.0,1.5390597961942367,26870.22951338371,-26840.22951338371,-26701.22951338371,0.001,0.0,1
2020.0,1.5390597961942367,27003.912247281143,-26973.912247281143,-26834.912247281143,0.001,0.0,1
2030.0,1.5390597961942367,27137.594981178572,-27107.594981178572,-26968.594981178572,0.001,0.0,1
2040.0,1.5390597961942367,27271.277715076005,-27241.277715076005,-27102.277715076005,0.001,0.0,1
2050.0,1.5390597961942367,27404.960448973437,-27374.960448973437,-27235.960448973437,0.001,0.0,1
2060.0,1.5390597961942367,27538.643182870866,-27508.643182870866,-27369.643182870866,0.001,0.0,1
2070.0,1.5390597961942367,27672.3259167683,-27642.3259167683,-27503.3259167683,0.001,0.0,1
2080.0,1.5390597961942367,27806.00865066573,-27776.00865066573,-27637.00865066573,0.001,0.0,1
2090.0,1.5390597961942367,27939.69138456316,-27909.69138456316,-27770.69138456316,0.001,0.0,1
2100.0,1.5390597961942367,28073.374118460593,-28043.374118460593,-27904.374118460593,0.001,0.0,1
2110.0,1.5390597961942367,28207.056852358022,-28177.056852358022,-28038.056852358022,0.001,0.0,1
2120.0,1.5390597961942367,28340.739586255455,-28310.739586255455,-28171.739586255455,0.001,0.0,1
2130.0,1.5390597961942367,28474.422320152888,-28444.422320152888,-28305.422320152888,0.001,0.0,1
2140.0,1.5390597961942367,28608.105054050317,-28578.105054050317,-28439.105054050317,0.001,0.0,1
2150.0,1.5390597961942367,28741.78778794775,-28711.78778794775,-28572.78778794775,0.001,0.0,1
2160.0,1.5390597961942367,28875.47052184518,-28845.47052184518,-28706.47052184518,0.001,0.0,1
2170.0,1.5390597961942367,29009.15325574261,-28979.15325574261,-28840.15325574261,0.001,0.0,1
2180.0,1.5390597961942367,29142.835989640043,-29112.835989640043,-28973.835989640043,0.001,0.0,1
2190.0,1.5390597961942367,29276.518723537476,-29246.518723537476,-29107.518723537476,0.001,0.0,1
2200.0,1.5390597961942367,29410.201457434905,-29380.201457434905,-29241.201457434905,0.001,0.0,1
2210.0,1.5390597961942367,29543.884191332338,-29513.884191332338,-29374.884191332338,0.001,0.0,1
2220.0,1.5390597961942367,29677.56692522977,-29647.56692522977,-29508.56692522977,0.001,0.0,1
2230.0,1.5390597961942367,29811.2496591272,-29781.2496591272,-29642.2496591272,0.001,0.0,1
2240.0,1.5390597961942367,29944.932393024632,-29914.932393024632,-29775.932393024632,0.001,0.0,1
2250.0,1.5390597961942367,30078.615126922065,-30048.615126922065,-29909.615126922065,0.001,0.0,1
2260.0,1.5390597961942367,30212.297860819494,-30182.297860819494,-30043.297860819494,0.001,0.0,1
2270.0,1.5390597961942367,30345.980594716926,-30315.980594716926,-30176.980594716926,0.001,0.0,1
2280.0,1.5390597961942367,30479.66332861436,-30449.66332861436,-30310.66332861436,0.001,0.0,1
2290.0,1.5390597961942367,30613.346062511788,-30583.346062511788,-30444.346062511788,0.001,0.0,1
2300.0,1.5390597961942367,30747.02879640922,-30717.02879640922,-30578.02879640922,0.001,0.0,1
2310.0,1.5390597961942367,30880.711530306653,-30850.711530306653,-30711.711530306653,0.001,0.0,1
2320.0,1.5390597961942367,31014.394264204082,-30984.394264204082,-30845.394264204082,0.001,0.0,1
2330.0,1.5390597961942367,31148.076998101515,-31118.076998101515,-30979.076998101515,0.001,0.0,1
2340.0,1.5390597961942367,31281.759731998947,-31251.759731998947,-31112.759731998947,0.001,0.0,1
2350.0,1.5390597961942367,31415.442465896376,-31385.442465896376,-31246.442465896376,0.001,0.0,1
2360.0,1.5390597961942367,31549.12519979381,-31519.12519979381,-31380.12519979381,0.001,0.0,1
2370.0,1.5390597961942367,31682.80793369124,-31652.80793369124,-31513.80793369124,0.001,0.0,1
2380.0,1.5390597961942367,31816.49066758867,-31786.49066758867,-31647.49066758867,0.001,0.0,1
2390.0,1.5390597961942367,31950.173401486103,-31920.173401486103,-31781.173401486103,0.001,0.0,1
2400.0,1.5390597961942367,32083.856135383536,-32053.856135383536,-31914.856135383536,0.001,0.0,1
2410.0,1.5390597961942367,32217.538869280965,-32187.538869280965,-32048.538869280965,0.001,0.0,1
2420.0,1.5390597961942367,32351.221603178397,-32321.221603178397,-32182.221603178397,0.001,0.0,1
2430.0,1.5390597961942367,32484.90433707583,-32454.90433707583,-32315.90433707583,0.001,0.0,1
2440.0,1.5390597961942367,32618.58707097326,-32588.58707097326,-32449.58707097326,0.001,0.0,1
2450.0,1.5390597961942367,32752.26980487069,-32722.26980487069,-32583.26980487069,0.001,0.0,1
2460.0,1.5390597961942367,32885.95253876812,-32855.95253876812,-32716.95253876812,0.001,0.0,1
2470.0,1.5390597961942367,33019.63527266555,-32989.63527266555,-32850.63527266555,0.001,0.0,1
2480.0,1.5390597961942367,33153.318006562986,-33123.318006562986,-32984.318006562986,0.001,0.0,1
2490.0,1.5390597961942367,33287.00074046042,-33257.00074046042,-33118.00074046042,0.001,0.0,1
2500.0,1.5390597961942367,33420.68347435785,-33390.68347435785,-33251.68347435785,0.001,0.0,1
2510.0,1.5390597961942367,33554.36620825528,-33524.36620825528,-33385.36620825528,0.001,0.0,1
2520.0,1.5390597961942367,33688.04894215271,-33658.04894215271,-33519.04894215271,0.001,0.0,1
2530.0,1.5390597961942367,33821.73167605014,-33791.73167605014,-33652.73167605014,0.001,0.0,1
2540.0,1.5390597961942367,33955.414409947574,-33925.414409947574,-33786.414409947574,0.001,0.0,1
2550.0,1.5390597961942367,34089.09714384501,-34059.09714384501,-33920.09714384501,0.001,0.0,1
2560.0,1.5390597961942367,34222.77987774244,-34192.77987774244,-34053.77987774244,0.001,0.0,1
2570.0,1.5390597961942367,34356.462611639865,-34326.462611639865,-34187.462611639865,0.001,0.0,1
2580.0,1.5390597961942367,34490.1453455373,-34460.1453455373,-34321.1453455373,0.001,0.0,1
2590.0,1.5390597961942367,34623.82807943473,-34593.82807943473,-34454.82807943473,0.001,0.0,1
2600.0,1.5390597961942367,34757.51081333216,-34727.51081333216,-34588.51081333216,0.001,0.0,1
2610.0,1.5390597961942367,34891.193547229595,-34861.193547229595,-34722.193547229595,0.001,0.0,1
2620.0,1.5390597961942367,35024.87628112703,-34994.87628112703,-34855.87628112703,0.001,0.0,1
2630.0,1.5390597961942367,35158.55901502445,-35128.55901502445,-34989.55901502445,0.001,0.0,1
2640.0,1.5390597961942367,35292.241748921886,-35262.241748921886,-35123.241748921886,0.001,0.0,1
2650.0,1.5390597961942367,35425.92448281932,-35395.92448281932,-35256.92448281932,0.001,0.0,1
2660.0,1.5390597961942367,35559.60721671675,-35529.60721671675,-35390.60721671675,0.001,0.0,1
2670.0,1.5390597961942367,35693.289950614184,-35663.289950614184,-35524.289950614184,0.001,0.0,1
2680.0,1.5390597961942367,35826.97268451162,-35796.97268451162,-35657.97268451162,0.001,0.0,1
2690.0,1.5390597961942367,35960.65541840904,-35930.65541840904,-35791.65541840904,0.001,0.0,1
2700.0,1.5390597961942367,36094.338152306475,-36064.338152306475,-35925.338152306475,0.001,0.0,1
2710.0,1.5390597961942367,36228.02088620391,-36198.02088620391,-36059.02088620391,0.001,0.0,1
2720.0,1.5390597961942367,36361.70362010134,-36331.70362010134,-36192.70362010134,0.001,0.0,1
2730.0,1.5390597961942367,36495.38635399877,-36465.38635399877,-36326.38635399877,0.001,0.0,1
2740.0,1.5390597961942367,36629.069087896205,-36599.069087896205,-36460.069087896205,0.001,0.0,1
2750.0,1.5390597961942367,36762.75182179363,-36732.75182179363,-36593.75182179363,0.001,0.0,1
2760.0,1.5390597961942367,36896.43455569106,-36866.43455569106,-36727.43455569106,0.001,0.0,1
2770.0,1.5390597961942367,37030.117289588496,-37000.117289588496,-36861.117289588496,0.001,0.0,1
2780.0,1.5390597961942367,37163.80002348593,-37133.80002348593,-36994.80002348593,0.001,0.0,1
2790.0,1.5390597961942367,37297.48275738336,-37267.48275738336,-37128.48275738336,0.001,0.0,1
2800.0,1.5390597961942367,37431.16549128079,-37401.16549128079,-37262.16549128079,0.001,0.0,1
2810.0,1.5390597961942367,37564.84822517822,-37534.84822517822,-37395.84822517822,0.001,0.0,1
2820.0,1.5390597961942367,37698.53095907565,-37668.53095907565,-37529.53095907565,0.001,0.0,1
2830.0,1.5390597961942367,37832.213692973084,-37802.213692973084,-37663.213692973084,0.001,0.0,1
2840.0,1.5390597961942367,37965.89642687052,-37935.89642687052,-37796.89642687052,0.001,0.0,1
2850.0,1.5390597961942367,38099.57916076795,-38069.57916076795,-37930.57916076795,0.001,0.0,1
2860.0,1.5390597961942367,38233.26189466538,-38203.26189466538,-38064.26189466538,0.001,0.0,1
2870.0,1.5390597961942367,38366.94462856281,-38336.94462856281,-38197.94462856281,0.001,0.0,1
2880.0,1.5390597961942367,38500.62736246024,-38470.62736246024,-38331.62736246024,0.001,0.0,1
2890.0,1.5390597961942367,38634.31009635767,-38604.31009635767,-38465.31009635767,0.001,0.0,1
2900.0,1.5390597961942367,38767.992830255105,-38737.992830255105,-38598.992830255105,0.001,0.0,1
2910.0,1.5390597961942367,38901.67556415254,-38871.67556415254,-38732.67556415254,0.001,0.0,1
2920.0,1.5390597961942367,39035.35829804997,-39005.35829804997,-38866.35829804997,0.001,0.0,1
2930.0,1.5390597961942367,39169.041031947396,-39139.041031947396,-39000.041031947396,0.001,0.0,1
2940.0,1.5390597961942367,39302.72376584483,-39272.72376584483,-39133.72376584483,0.001,0.0,1
2950.0,1.5390597961942367,39436.40649974226,-39406.40649974226,-39267.40649974226,0.001,0.0,1
2960.0,1.5390597961942367,39570.089233639694,-39540.089233639694,-39401.089233639694,0.001,0.0,1
2970.0,1.5390597961942367,39703.771967537126,-39673.771967537126,-39534.771967537126,0.001,0.0,1
2980.0,1.5390597961942367,39837.45470143456,-39807.45470143456,-39668.45470143456,0.001,0.0,1
2990.0,1.5390597961942367,39971.137435331984,-39941.137435331984,-39802.137435331984,0.001,0.0,1
3000.0,1.5390597961942367,40104.82016922942,-40074.82016922942,-39935.82016922942,0.001,0.0,1
3010.0,1.5390597961942367,40238.50290312685,-40208.50290312685,-40069.50290312685,0.001,0.0,1
3020.0,1.5390597961942367,40372.18563702428,-40342.18563702428,-40203.18563702428,0.001,0.0,1
3030.0,1.5390597961942367,40505.868370921715,-40475.868370921715,-40336.868370921715,0.001,0.0,1
3040.0,1.5390597961942367,40639.55110481914,-40609.55110481914,-40470.55110481914,0.001,0.0,1
3050.0,1.5390597961942367,40773.23383871657,-40743.23383871657,-40604.23383871657,0.001,0.0,1
3060.0,1.5390597961942367,40906.916572614005,-40876.916572614005,-40737.916572614005,0.001,0.0,1
3070.0,1.5390597961942367,41040.59930651144,-41010.59930651144,-40871.59930651144,0.001,0.0,1
3080.0,1.5390597961942367,41174.28204040887,-41144.28204040887,-41005.28204040887,0.001,0.0,1
3090.0,1.5390597961942367,41307.9647743063,-41277.9647743063,-41138.9647743063,0.001,0.0,1
3100.0,1.5390597961942367,41441.64750820373,-41411.64750820373,-41272.64750820373,0.001,0.0,1
3110.0,1.5390597961942367,41575.33024210116,-41545.33024210116,-41406.33024210116,0.001,0.0,1
3120.0,1.5390597961942367,41709.012975998594,-41679.012975998594,-41540.012975998594,0.001,0.0,1
3130.0,1.5390597961942367,41842.69570989603,-41812.69570989603,-41673.69570989603,0.001,0.0,1
3140.0,1.5390597961942367,41976.37844379346,-41946.37844379346,-41807.37844379346,0.001,0.0,1
3150.0,1.5390597961942367,42110.06117769089,-42080.06117769089,-41941.06117769089,0.001,0.0,1
3160.0,1.5390597961942367,42243.74391158832,-42213.74391158832,-42074.74391158832,0.001,0.0,1
3170.0,1.5390597961942367,42377.42664548575,-42347.42664548575,-42208.42664548575,0.001,0.0,1
3180.0,1.5390597961942367,42511.10937938318,-42481.10937938318,-42342.10937938318,0.001,0.0,1
3190.0,1.5390597961942367,42644.792113280615,-42614.792113280615,-42475.792113280615,0.001,0.0,1
3200.0,1.5390597961942367,42778.47484717805,-42748.47484717805,-42609.47484717805,0.001,0.0,1
3210.0,1.5390597961942367,42912.15758107548,-42882.15758107548,-42743.15758107548,0.001,0.0,1
3220.0,1.5390597961942367,43045.840314972906,-43015.840314972906,-42876.840314972906,0.001,0.0,1
3230.0,1.5390597961942367,43179.52304887034,-43149.52304887034,-43010.52304887034,0.001,0.0,1
3240.0,1.5390597961942367,43313.20578276777,-43283.20578276777,-43144.20578276777,0.001,0.0,1
3250.0,1.5390597961942367,43446.8885166652,-43416.8885166652,-43277.8885166652,0.001,0.0,1
3260.0,1.5390597961942367,43580.571250562636,-43550.571250562636,-43411.571250562636,0.001,0.0,1
3270.0,1.5390597961942367,43714.25398446007,-43684.25398446007,-43545.25398446007,0.001,0.0,1
3280.0,1.5390597961942367,43847.936718357494,-43817.936718357494,-43678.936718357494,0.001,0.0,1
3290.0,1.5390597961942367,43981.61945225493,-43951.61945225493,-43812.61945225493,0.001,0.0,1
3300.0,1.5390597961942367,44115.30218615236,-44085.30218615236,-43946.30218615236,0.001,0.0,1
3310.0,1.5390597961942367,44248.98492004979,-44218.98492004979,-44079.98492004979,0.001,0.0,1
3320.0,1.5390597961942367,44382.667653947225,-44352.667653947225,-44213.667653947225,0.001,0.0,1
3330.0,1.5390597961942367,44516.35038784466,-44486.35038784466,-44347.35038784466,0.001,0.0,1
3340.0,1.5390597961942367,44650.03312174208,-44620.03312174208,-44481.03312174208,0.001,0.0,1
3350.0,1.5390597961942367,44783.715855639515,-44753.715855639515,-44614.715855639515,0.001,0.0,1
3360.0,1.5390597961942367,44917.39858953695,-44887.39858953695,-44748.39858953695,0.001,0.0,1
3370.0,1.5390597961942367,45051.08132343438,-45021.08132343438,-44882.08132343438,0.001,0.0,1
3380.0,1.5390597961942367,45184.76405733181,-45154.76405733181,-45015.76405733181,0.001,0.0,1
3390.0,1.5390597961942367,45318.446791229246,-45288.446791229246,-45149.446791229246,0.001,0.0,1
3400.0,1.5390597961942367,45452.12952512667,-45422.12952512667,-45283.12952512667,0.001,0.0,1
3410.0,1.5390597961942367,45585.812259024104,-45555.812259024104,-45416.812259024104,0.001,0.0,1
3420.0,1.5390597961942367,45719.494992921536,-45689.494992921536,-45550.494992921536,0.001,0.0,1
3430.0,1.5390597961942367,45853.17772681897,-45823.17772681897,-45684.17772681897,0.001,0.0,1
3440.0,1.5390597961942367,45986.8604607164,-45956.8604607164,-45817.8604607164,0.001,0.0,1
3450.0,1.5390597961942367,46120.543194613834,-46090.543194613834,-45951.543194613834,0.001,0.0,1
3460.0,1.5390597961942367,46254.22592851126,-46224.22592851126,-46085.22592851126,0.001,0.0,1
3470.0,1.5390597961942367,46387.90866240869,-46357.90866240869,-46218.90866240869,0.001,0.0,1
3480.0,1.5390597961942367,46521.591396306125,-46491.591396306125,-46352.591396306125,0.001,0.0,1
3490.0,1.5390597961942367,46655.27413020356,-46625.27413020356,-46486.27413020356,0.001,0.0,1
3500.0,1.5390597961942367,46788.95686410099,-46758.95686410099,-46619.95686410099,0.001,0.0,1
3510.0,1.5390597961942367,46922.63959799842,-46892.63959799842,-46753.63959799842,0.001,0.0,1
3520.0,1.5390597961942367,47056.32233189585,-47026.32233189585,-46887.32233189585,0.001,0.0,1
3530.0,1.5390597961942367,47190.00506579328,-47160.00506579328,-47021.00506579328,0.001,0.0,1
3540.0,1.5390597961942367,47323.68779969071,-47293.68779969071,-47154.68779969071,0.001,0.0,1
3550.0,1.5390597961942367,47457.370533588146,-47427.370533588146,-47288.370533588146,0.001,0.0,1
3560.0,1.5390597961942367,47591.05326748558,-47561.05326748558,-47422.05326748558,0.001,0.0,1
3570.0,1.5390597961942367,47724.73600138301,-47694.73600138301,-47555.73600138301,0.001,0.0,1
3580.0,1.5390597961942367,47858.41873528044,-47828.41873528044,-47689.41873528044,0.001,0.0,1
3590.0,1.5390597961942367,47992.10146917787,-47962.10146917787,-47823.10146917787,0.001,0.0,1
3600.0,1.5390597961942367,48125.7842030753,-48095.7842030753,-47956.7842030753,0.001,0.0,1
3610.0,1.5390597961942367,48259.466936972734,-48229.466936972734,-48090.466936972734,0.001,0.0,1
3620.0,1.5390597961942367,48393.14967087017,-48363.14967087017,-48224.14967087017,0.001,0.0,1
3630.0,1.5390597961942367,48526.83240476759,-48496.83240476759,-48357.83240476759,0.001,0.0,1
3640.0,1.5390597961942367,48660.515138665025,-48630.515138665025,-48491.515138665025,0.001,0.0,1
3650.0,1.5390597961942367,48794.19787256246,-48764.19787256246,-48625.19787256246,0.001,0.0,1
3660.0,1.5390597961942367,48927.88060645989,-48897.88060645989,-48758.88060645989,0.001,0.0,1
3670.0,1.5390597961942367,49061.56334035732,-49031.56334035732,-48892.56334035732,0.001,0.0,1
3680.0,1.5390597961942367,49195.246074254756,-49165.246074254756,-49026.246074254756,0.001,0.0,1
3690.0,1.5390597961942367,49328.92880815218,-49298.92880815218,-49159.92880815218,0.001,0.0,1
3700.0,1.5390597961942367,49462.61154204961,-49432.61154204961,-49293.61154204961,0.001,0.0,1
3710.0,1.5390597961942367,49596.294275947046,-49566.294275947046,-49427.294275947046,0.001,0.0,1
3720.0,1.5390597961942367,49729.97700984448,-49699.97700984448,-49560.97700984448,0.001,0.0,1
3730.0,1.5390597961942367,49863.65974374191,-49833.65974374191,-49694.65974374191,0.001,0.0,1
3740.0,1.5390597961942367,49997.342477639344,-49967.342477639344,-49828.342477639344,0.001,0.0,1
3750.0,1.5390597961942367,50131.02521153677,-50101.02521153677,-49962.02521153677,0.001,0.0,1
3760.0,1.5390597961942367,50264.7079454342,-50234.7079454342,-50095.7079454342,0.001,0.0,1
3770.0,1.5390597961942367,50398.390679331635,-50368.390679331635,-50229.390679331635,0.001,0.0,1
3780.0,1.5390597961942367,50532.07341322907,-50502.07341322907,-50363.07341322907,0.001,0.0,1
3790.0,1.5390597961942367,50665.7561471265,-50635.7561471265,-50496.7561471265,0.001,0.0,1
3800.0,1.5390597961942367,50799.43888102393,-50769.43888102393,-50630.43888102393,0.001,0.0,1
3810.0,1.5390597961942367,50933.12161492136,-50903.12161492136,-50764.12161492136,0.001,0.0,1
3820.0,1.5390597961942367,51066.80434881879,-51036.80434881879,-50897.80434881879,0.001,0.0,1
3830.0,1.5390597961942367,51200.48708271622,-51170.48708271622,-51031.48708271622,0.001,0.0,1
3840.0,1.5390597961942367,51334.169816613656,-51304.169816613656,-51165.169816613656,0.001,0.0,1
3850.0,1.5390597961942367,51467.85255051109,-51437.85255051109,-51298.85255051109,0.001,0.0,1
3860.0,1.5390597961942367,51601.53528440852,-51571.53528440852,-51432.53528440852,0.001,0.0,1
3870.0,1.5390597961942367,51735.218018305946,-51705.218018305946,-51566.218018305946,0.001,0.0,1
3880.0,1.5390597961942367,51868.90075220338,-51838.90075220338,-51699.90075220338,0.001,0.0,1
3890.0,1.5390597961942367,52002.58348610081,-51972.58348610081,-51833.58348610081,0.001,0.0,1
3900.0,1.5390597961942367,52136.266219998244,-52106.266219998244,-51967.266219998244,0.001,0.0,1
3910.0,1.5390597961942367,52269.94895389568,-52239.94895389568,-52100.94895389568,0.001,0.0,1
3920.0,1.5390597961942367,52403.63168779311,-52373.63168779311,-52234.63168779311,0.001,0.0,1
3930.0,1.5390597961942367,52537.314421690535,-52507.314421690535,-52368.314421690535,0.001,0.0,1
3940.0,1.5390597961942367,52670.99715558797,-52640.99715558797,-52501.99715558797,0.001,0.0,1
3950.0,1.5390597961942367,52804.6798894854,-52774.6798894854,-52635.6798894854,0.001,0.0,1
3960.0,1.5390597961942367,52938.36262338283,-52908.36262338283,-52769.36262338283,0.001,0.0,1
3970.0,1.5390597961942367,53072.045357280265,-53042.045357280265,-52903.045357280265,0.001,0.0,1
3980.0,1.5390597961942367,53205.7280911777,-53175.7280911777,-53036.7280911777,0.001,0.0,1
3990.0,1.5390597961942367,53339.41082507512,-53309.41082507512,-53170.41082507512,0.001,0.0,1
4000.0,1.5390597961942367,53473.093558972556,-53443.093558972556,-53304.093558972556,0.001,0.0,1
