distance_m,FSPL_dB,gas_absorption_dB,total_loss_dB
10.0,101.99242509439324,0.064,102.05642509439323
20.0,108.01302500767287,0.128,108.14102500767287
30.0,111.53485018878649,0.192,111.72685018878649
40.0,114.03362492095249,0.256,114.28962492095249
50.0,115.97182518111362,0.32000000000000006,116.29182518111361
60.0,117.55545010206612,0.384,117.93945010206612
70.0,118.89438589467835,0.44800000000000006,119.34238589467834
80.0,120.05422483423212,0.512,120.56622483423212
90.0,121.07727528317974,0.576,121.65327528317974
100.0,121.99242509439324,0.6400000000000001,122.63242509439324
110.0,122.82027879755776,0.7040000000000001,123.52427879755776
120.0,123.57605001534574,0.768,124.34405001534574
130.0,124.27129214052997,0.8320000000000001,125.10329214052996
140.0,124.91498580795798,0.8960000000000001,125.81098580795798
150.0,125.51425027550687,0.96,126.47425027550686
160.0,126.07482474751174,1.024,127.09882474751174
170.0,126.60140352195873,1.088,127.68940352195872
180.0,127.09787519645937,1.152,128.24987519645936
190.0,127.5674971134498,1.2160000000000002,128.7834971134498
200.0,128.01302500767287,1.2800000000000002,129.29302500767287
210.0,128.4368109890716,1.344,129.7808109890716
220.0,128.8408787108374,1.4080000000000001,130.24887871083737
230.0,129.2269818147451,1.4720000000000002,130.6989818147451
240.0,129.59664992862537,1.536,131.13264992862537
250.0,129.951225267834,1.6,131.55122526783398
260.0,130.2918920538096,1.6640000000000001,131.95589205380958
270.0,130.619700377573,1.7280000000000002,132.347700377573
280.0,130.9355857212376,1.7920000000000003,132.7275857212376
290.0,131.24038505237235,1.8559999999999999,133.09638505237234
300.0,131.5348501887865,1.92,133.45485018878648
310.0,131.8196589710787,1.984,133.8036589710787
320.0,132.09542466079137,2.048,134.14342466079137
330.0,132.362703891951,2.112,134.474703891951
340.0,132.62200343523835,2.176,134.79800343523834
350.0,132.87378598139873,2.2399999999999998,135.11378598139873
360.0,133.118475109739,2.304,135.422475109739
370.0,133.35645957573314,2.368,135.72445957573314
380.0,133.58809702672943,2.4320000000000004,136.02009702672942
390.0,133.81371723492322,2.4960000000000004,136.30971723492323
400.0,134.0336249209525,2.5600000000000005,136.5936249209525
410.0,134.24810222878796,2.624,136.87210222878795
420.0,134.45741090235123,2.688,137.14541090235122
430.0,134.66179420598496,2.7520000000000002,137.41379420598497
440.0,134.861478624117,2.8160000000000003,137.67747862411701
450.0,135.05667536990012,2.8800000000000003,137.93667536990012
460.0,135.24758172802473,2.9440000000000004,138.19158172802472
470.0,135.43438225310757,3.008,138.44238225310758
480.0,135.617249841905,3.072,138.689249841905
490.0,135.79634669496352,3.136,138.9323466949635
500.0,135.97182518111362,3.2,139.1718251811136
510.0,136.14382861635198,3.2640000000000002,139.407828616352
520.0,136.31249196708922,3.3280000000000003,139.64049196708922
530.0,136.477942486409,3.3920000000000003,139.869942486409
540.0,136.64030029085262,3.4560000000000004,140.0963002908526
550.0,136.79967888427814,3.5200000000000005,140.31967888427815
560.0,136.95618563451723,3.5840000000000005,140.54018563451723
570.0,137.10992220784306,3.6479999999999997,140.75792220784305
580.0,137.26098496565197,3.7119999999999997,140.97298496565196
590.0,137.40946532723615,3.776,141.18546532723616
600.0,137.55545010206612,3.84,141.39545010206612
610.0,137.6990217946086,3.904,141.6030217946086
620.0,137.84025888435832,3.968,141.8082588843583
630.0,137.97923608346485,4.032,142.01123608346487
640.0,138.116024574071,4.096,142.212024574071
650.0,138.25069222725034,4.16,142.41069222725034
660.0,138.38330380523064,4.224,142.60730380523063
670.0,138.5139211484098,4.288,142.8019211484098
680.0,138.64260334851798,4.352,142.99460334851798
690.0,138.76940690913835,4.4159999999999995,143.18540690913835
700.0,138.89438589467835,4.4799999999999995,143.37438589467834
710.0,139.01759206877472,4.544,143.56159206877473
720.0,139.13907502301862,4.608,143.74707502301862
730.0,139.25888229680237,4.672,143.93088229680237
740.0,139.37705948901277,4.736,144.11305948901276
750.0,139.49365036222724,4.800000000000001,144.29365036222725
760.0,139.60869694000905,4.864000000000001,144.47269694000906
770.0,139.72223959784287,4.928000000000001,144.65023959784287
780.0,139.83431714820284,4.992000000000001,144.82631714820283
790.0,139.9449669202021,5.056000000000001,145.0009669202021
800.0,140.05422483423212,5.120000000000001,145.17422483423212
810.0,140.16212547196625,5.184000000000001,145.34612547196625
820.0,140.26870214206758,5.248,145.51670214206757
830.0,140.37398694191472,5.312,145.68598694191473
840.0,140.47801081563085,5.376,145.85401081563086
850.0,140.5808036086791,5.44,146.0208036086791
860.0,140.6823941192646,5.5040000000000004,146.18639411926458
870.0,140.7828101467656,5.5680000000000005,146.3508101467656
880.0,140.88207853739664,5.632000000000001,146.51407853739664
890.0,140.9802252272915,5.696000000000001,146.6762252272915
900.0,141.07727528317974,5.760000000000001,146.83727528317974
910.0,141.17325294081513,5.824000000000001,146.99725294081514
920.0,141.26818164130435,5.888000000000001,147.15618164130436
930.0,141.36208406547195,5.952000000000001,147.31408406547195
940.0,141.4549821663872,6.016,147.4709821663872
950.0,141.54689720017018,6.08,147.6268972001702
960.0,141.63784975518462,6.144,147.78184975518462
970.0,141.72785977971813,6.208,147.93585977971813
980.0,141.81694660824314,6.272,148.08894660824313
990.0,141.90512898634427,6.336,148.24112898634428
1000.0,141.99242509439324,6.4,148.39242509439325
1010.0,142.07885257004608,6.464,148.54285257004608
1020.0,142.1644285296316,6.5280000000000005,148.6924285296316
1030.0,142.24916958849667,6.5920000000000005,148.84116958849668
1040.0,142.33309188036884,6.656000000000001,148.98909188036885
1050.0,142.41621107579198,6.720000000000001,149.13621107579198
1060.0,142.49854239968863,6.784000000000001,149.28254239968862
1070.0,142.5801006480974,6.848000000000001,149.42810064809743
1080.0,142.66090020413225,6.912000000000001,149.57290020413225
1090.0,142.7409550532057,6.976000000000001,149.7169550532057
1100.0,142.82027879755776,7.040000000000001,149.86027879755775
1110.0,142.8988846701264,7.104000000000001,150.0028846701264
1120.0,142.97678554779685,7.168000000000001,150.14478554779686
1130.0,143.05399396406165,7.231999999999999,150.28599396406165
1140.0,143.13052212112268,7.295999999999999,150.42652212112267
1150.0,143.20638190146548,7.359999999999999,150.5663819014655
1160.0,143.2815848789316,7.4239999999999995,150.7055848789316
1170.0,143.35614232931647,7.4879999999999995,150.84414232931647
1180.0,143.43006524051577,7.552,150.98206524051577
1190.0,143.50336432224384,7.616,151.11936432224383
1200.0,143.57605001534574,7.68,151.25605001534575
1210.0,143.64813250072223,7.744,151.39213250072223
1220.0,143.71962170788822,7.808,151.52762170788822
1230.0,143.7905273231812,7.872,151.66252732318122
1240.0,143.86085879763795,7.936,151.79685879763795
1250.0,143.93062535455437,8.0,151.93062535455437
1260.0,143.99983599674448,8.064,152.06383599674447
1270.0,144.0684995135124,8.128,152.19649951351238
1280.0,144.13662448735062,8.192,152.32862448735062
1290.0,144.2042193003782,8.256,152.4602193003782
1300.0,144.27129214052997,8.32,152.59129214052996
1310.0,144.3378510075085,8.384,152.72185100750852
1320.0,144.40390371851026,8.448,152.85190371851027
1330.0,144.46945791373497,8.512,152.98145791373497
1340.0,144.53452106168942,8.576,153.1105210616894
1350.0,144.59910046429337,8.64,153.23910046429336
1360.0,144.6632032617976,8.704,153.3672032617976
1370.0,144.7268364375214,8.768,153.4948364375214
1380.0,144.79000682241798,8.831999999999999,153.62200682241797
1390.0,144.85272109947516,8.895999999999999,153.74872109947515
1400.0,144.91498580795798,8.959999999999999,153.87498580795798
1410.0,144.97680734750082,9.024,154.00080734750082
1420.0,145.03819198205434,9.088,154.12619198205434
1430.0,145.0991458436945,9.152,154.25114584369447
1440.0,145.15967493629825,9.216,154.37567493629825
1450.0,145.21978513909272,9.28,154.49978513909272
1460.0,145.279482210082,9.344,154.623482210082
1470.0,145.33877178935677,9.408,154.74677178935676
1480.0,145.3976594022924,9.472,154.8696594022924
1490.0,145.45615046263873,9.536,154.99215046263873
1500.0,145.51425027550687,9.600000000000001,155.11425027550686
1510.0,145.5719640402566,9.664000000000001,155.2359640402566
1520.0,145.62929685328868,9.728000000000002,155.3572968532887
1530.0,145.68625371074523,9.792000000000002,155.47825371074524
1540.0,145.7428395111225,9.856000000000002,155.5988395111225
1550.0,145.79905905779907,9.920000000000002,155.7190590577991
1560.0,145.85491706148247,9.984000000000002,155.83891706148248
1570.0,145.9104181425779,10.048000000000002,155.9584181425779
1580.0,145.96556683348172,10.112000000000002,156.0775668334817
1590.0,146.02036758080226,10.176000000000002,156.19636758080225
1600.0,146.07482474751174,10.240000000000002,156.31482474751175
1610.0,146.1289426150302,10.304000000000002,156.4329426150302
1620.0,146.18272538524587,10.368000000000002,156.55072538524587
1630.0,146.23617718247237,10.432,156.66817718247236
1640.0,146.2893020553472,10.496,156.78530205534722
1650.0,146.34210397867133,10.56,156.90210397867133
1660.0,146.39458685519435,10.624,157.01858685519434
1670.0,146.4467545173449,10.688,157.1347545173449
1680.0,146.49861072891048,10.752,157.2506107289105
1690.0,146.5501591866667,10.816,157.3661591866667
1700.0,146.60140352195873,10.88,157.48140352195873
1710.0,146.6523473022363,10.944,157.5963473022363
1720.0,146.7029940325442,11.008000000000001,157.71099403254422
1730.0,146.75334715696914,11.072000000000001,157.82534715696914
1740.0,146.80341006004522,11.136000000000001,157.93941006004522
1750.0,146.8531860681191,11.200000000000001,158.0531860681191
1760.0,146.9026784506762,11.264000000000001,158.16667845067622
1770.0,146.95189042162934,11.328000000000001,158.27989042162935
1780.0,147.00082514057112,11.392000000000001,158.39282514057112
1790.0,147.0494857139911,11.456000000000001,158.50548571399108
1800.0,147.09787519645937,11.520000000000001,158.61787519645938
1810.0,147.14599659177696,11.584000000000001,158.72999659177697
1820.0,147.1938528540947,11.648000000000001,158.8418528540947
1830.0,147.2414468890018,11.712000000000002,158.95344688900178
1840.0,147.28878155458398,11.776000000000002,159.064781554584
1850.0,147.33585966245352,11.840000000000002,159.17585966245352
1860.0,147.38268397875157,11.904000000000002,159.28668397875157
1870.0,147.4292572251232,11.968000000000002,159.39725722512318
1880.0,147.47558207966682,12.032,159.50758207966683
1890.0,147.5216611778581,12.096,159.6176611778581
1900.0,147.5674971134498,12.16,159.7274971134498
1910.0,147.61309243934778,12.224,159.83709243934777
1920.0,147.65844966846424,12.288,159.94644966846425
1930.0,147.70357127454872,12.352,160.05557127454873
1940.0,147.74845969299776,12.416,160.16445969299775
1950.0,147.7931173216436,12.48,160.27311732164358
1960.0,147.83754652152277,12.544,160.38154652152278
1970.0,147.88174961762508,12.608,160.48974961762508
1980.0,147.92572889962383,12.672,160.59772889962383
1990.0,147.9694866225874,12.736,160.7054866225874
2000.0,148.01302500767287,12.8,160.81302500767288
2010.0,148.05634624280304,12.863999999999999,160.92034624280305
2020.0,148.0994524833257,12.928,161.0274524833257
2030.0,148.1423458526575,12.991999999999999,161.1343458526575
2040.0,148.18502844291123,13.056000000000001,161.24102844291124
2050.0,148.22750231550833,13.12,161.34750231550834
2060.0,148.2697695017763,13.184000000000001,161.4537695017763
2070.0,148.3118320035316,13.248,161.5598320035316
2080.0,148.35369179364847,13.312000000000001,161.66569179364848
2090.0,148.39535081661433,13.376,161.77135081661433
2100.0,148.4368109890716,13.440000000000001,161.8768109890716
2110.0,148.47807420034707,13.504,161.98207420034706
2120.0,148.51914231296826,13.568000000000001,162.08714231296827
2130.0,148.56001716316797,13.632,162.19201716316798
2140.0,148.6007005613771,13.696000000000002,162.2967005613771
2150.0,148.64119429270534,13.76,162.40119429270533
2160.0,148.68150011741187,13.824000000000002,162.50550011741188
2170.0,148.7216197713638,13.888,162.6096197713638
2180.0,148.76155496648533,13.952000000000002,162.71355496648533
2190.0,148.80130739119562,14.016,162.8173073911956
2200.0,148.84087871083733,14.080000000000002,162.92087871083734
2210.0,148.88027056809545,14.144,163.02427056809546
2220.0,148.91948458340602,14.208000000000002,163.12748458340602
2230.0,148.95852235535648,14.272,163.23052235535647
2240.0,148.99738546107648,14.336000000000002,163.3333854610765
2250.0,149.0360754566205,14.4,163.4360754566205
2260.0,149.07459387734127,14.463999999999999,163.53859387734127
2270.0,149.1129422382557,14.528,163.6409422382557
2280.0,149.1511220344023,14.591999999999999,163.7431220344023
2290.0,149.18913474119103,14.656,163.84513474119103
2300.0,149.2269818147451,14.719999999999999,163.9469818147451
2310.0,149.26466469223612,14.784,164.04866469223612
2320.0,149.30218479221122,14.847999999999999,164.15018479221123
2330.0,149.3395435149136,14.912,164.2515435149136
2340.0,149.3767422425961,14.975999999999999,164.3527422425961
2350.0,149.41378233982795,15.040000000000001,164.45378233982794
2360.0,149.45066515379534,15.104,164.55466515379533
2370.0,149.4873920145953,15.168000000000001,164.6553920145953
2380.0,149.52396423552347,15.232,164.75596423552346
2390.0,149.560383113356,15.296000000000001,164.856383113356
2400.0,149.59664992862537,15.36,164.95664992862538
2410.0,149.63276594589064,15.424000000000001,165.05676594589065
2420.0,149.66873241400185,15.488,165.15673241400185
2430.0,149.7045505663595,15.552000000000001,165.2565505663595
2440.0,149.7402216211678,15.616,165.35622162116778
2450.0,149.7757467816839,15.680000000000001,165.4557467816839
2460.0,149.81112723646083,15.744,165.55512723646083
2470.0,149.84636415958659,15.808000000000002,165.65436415958658
2480.0,149.88145871091757,15.872,165.75345871091758
2490.0,149.91641203630797,15.936000000000002,165.85241203630798
2500.0,149.951225267834,16.0,165.951225267834
2510.0,149.98589952401397,16.064,166.04989952401397
2520.0,150.0204359100241,16.128,166.1484359100241
2530.0,150.05483551790957,16.192,166.24683551790957
2540.0,150.08909942679202,16.256,166.34509942679202
2550.0,150.12322870307236,16.32,166.44322870307235
2560.0,150.15722440063024,16.384,166.54122440063026
2570.0,150.19108756101912,16.448,166.63908756101912
2580.0,150.22481921365784,16.512,166.73681921365784
2590.0,150.25842037601825,16.576,166.83442037601824
2600.0,150.2918920538096,16.64,166.93189205380958
2610.0,150.32523524115885,16.704,167.02923524115886
2620.0,150.35845092078813,16.768,167.12645092078813
2630.0,150.3915400641884,16.832,167.2235400641884
2640.0,150.42450363178983,16.896,167.32050363178985
2650.0,150.45734257312938,16.96,167.4173425731294
2660.0,150.4900578270146,17.024,167.5140578270146
2670.0,150.52265032168475,17.088,167.61065032168474
2680.0,150.55512097496904,17.152,167.70712097496903
2690.0,150.58747069444138,17.216,167.8034706944414
2700.0,150.619700377573,17.28,167.899700377573
2710.0,150.65181091188134,17.344,167.99581091188134
2720.0,150.68380317507723,17.408,168.09180317507725
2730.0,150.71567803520833,17.472,168.18767803520834
2740.0,150.74743635080102,17.536,168.28343635080103
2750.0,150.7790789709985,17.6,168.3790789709985
2760.0,150.8106067356976,17.663999999999998,168.4746067356976
2770.0,150.8420204756822,17.728,168.5700204756822
2780.0,150.87332101275473,17.791999999999998,168.66532101275473
2790.0,150.9045091598652,17.856,168.7605091598652
2800.0,150.9355857212376,17.919999999999998,168.8555857212376
2810.0,150.96655149249483,17.984,168.95055149249484
2820.0,150.99740726078045,18.048,169.04540726078045
2830.0,151.02815380487903,18.112000000000002,169.14015380487902
2840.0,151.05879189533397,18.176,169.23479189533396
2850.0,151.08932229456343,18.240000000000002,169.32932229456344
2860.0,151.1197457569741,18.304,169.4237457569741
2870.0,151.15006302907312,18.368000000000002,169.51806302907312
2880.0,151.18027484957787,18.432,169.61227484957786
2890.0,151.21038194952422,18.496000000000002,169.70638194952423
2900.0,151.24038505237235,18.56,169.80038505237235
2910.0,151.27028487411138,18.624000000000002,169.89428487411138
2920.0,151.30008212336162,18.688,169.9880821233616
2930.0,151.32977750147546,18.752000000000002,170.08177750147547
2940.0,151.3593717026364,18.816,170.1753717026364
2950.0,151.38886541395647,18.880000000000003,170.26886541395646
2960.0,151.41825931557202,18.944,170.362259315572
2970.0,151.44755408073746,19.008000000000003,170.45555408073747
2980.0,151.47675037591836,19.072,170.54875037591836
2990.0,151.50584886088183,19.136000000000003,170.64184886088182
3000.0,151.5348501887865,19.200000000000003,170.73485018878648
3010.0,151.56375500627013,19.264,170.82775500627014
3020.0,151.59256395353628,19.328000000000003,170.9205639535363
3030.0,151.62127766443933,19.392,171.01327766443933
3040.0,151.6498967665683,19.456000000000003,171.10589676656832
3050.0,151.67842188132897,19.52,171.19842188132898
3060.0,151.70685362402486,19.584000000000003,171.29085362402486
3070.0,151.73519260393698,19.648,171.38319260393698
3080.0,151.76343942440212,19.712000000000003,171.4754394244021
3090.0,151.79159468288992,19.776,171.56759468288993
3100.0,151.8196589710787,19.840000000000003,171.6596589710787
3110.0,151.84763287492996,19.904,171.75163287492995
3120.0,151.8755169747621,19.968000000000004,171.8435169747621
3130.0,151.9033118453222,20.032,171.93531184532222
3140.0,151.93101805585752,20.096000000000004,172.02701805585752
3150.0,151.95863617018523,20.16,172.11863617018523
3160.0,151.98616674676128,20.224000000000004,172.21016674676127
3170.0,152.01361033874826,20.288,172.30161033874828
3180.0,152.04096749408188,20.352000000000004,172.3929674940819
3190.0,152.06823875553687,20.416,172.48423875553686
3200.0,152.09542466079137,20.480000000000004,172.57542466079138
3210.0,152.12252574249067,20.544,172.66652574249068
3220.0,152.14954252830984,20.608000000000004,172.75754252830984
3230.0,152.1764755410153,20.672,172.8484755410153
3240.0,152.2033252985255,20.736000000000004,172.9393252985255
3250.0,152.23009231397072,20.8,173.03009231397073
3260.0,152.256777095752,20.864,173.120777095752
3270.0,152.28338014759896,20.928,173.21138014759896
3280.0,152.30990196862683,20.992,173.30190196862682
3290.0,152.33634305339274,21.056,173.39234305339275
3300.0,152.36270389195096,21.12,173.48270389195096
3310.0,152.38898496990765,21.184,173.57298496990765
3320.0,152.41518676847397,21.248,173.66318676847396
3330.0,152.44130976451964,21.312,173.75330976451966
3340.0,152.46735443062454,21.376,173.84335443062454
3350.0,152.49332123513017,21.44,173.93332123513017
3360.0,152.5192106421901,21.504,174.0232106421901
3370.0,152.54502311182,21.568,174.11302311182
3380.0,152.57075909994632,21.632,174.20275909994632
3390.0,152.5964190584549,21.696,174.2924190584549
3400.0,152.62200343523835,21.76,174.38200343523835
3410.0,152.64751267424316,21.824,174.47151267424317
3420.0,152.67294721551593,21.888,174.56094721551594
3430.0,152.69830749524863,21.952,174.65030749524863
3440.0,152.72359394582384,22.016000000000002,174.73959394582383
3450.0,152.74880699585873,22.080000000000002,174.82880699585874
3460.0,152.77394707024877,22.144000000000002,174.91794707024877
3470.0,152.79901459021073,22.208000000000002,175.00701459021073
3480.0,152.82400997332485,22.272000000000002,175.09600997332484
3490.0,152.84893363357685,22.336000000000002,175.18493363357686
3500.0,152.87378598139873,22.400000000000002,175.27378598139873
3510.0,152.89856742370972,22.464,175.36256742370972
3520.0,152.92327836395583,22.528000000000002,175.45127836395582
3530.0,152.9479192021497,22.592,175.5399192021497
3540.0,152.97249033490897,22.656000000000002,175.62849033490897
3550.0,152.9969921554951,22.72,175.7169921554951
3560.0,153.02142505385075,22.784000000000002,175.80542505385074
3570.0,153.0457894166371,22.848,175.8937894166371
3580.0,153.07008562727071,22.912000000000003,175.98208562727072
3590.0,153.09431406595962,22.976,176.07031406595962
3600.0,153.118475109739,23.040000000000003,176.158475109739
3610.0,153.14256913250637,23.104,176.24656913250635
3620.0,153.1665965050566,23.168000000000003,176.3345965050566
3630.0,153.19055759511548,23.232,176.42255759511548
3640.0,153.21445276737433,23.296000000000003,176.51045276737432
3650.0,153.23828238352274,23.36,176.59828238352276
3660.0,153.26204680228142,23.424000000000003,176.68604680228142
3670.0,153.285746379435,23.488,176.773746379435
3680.0,153.3093814678636,23.552000000000003,176.8613814678636
3690.0,153.33295241757446,23.616,176.94895241757445
3700.0,153.35645957573314,23.680000000000003,177.03645957573315
3710.0,153.37990328669417,23.744,177.12390328669417
3720.0,153.4032838920312,23.808000000000003,177.2112838920312
3730.0,153.42660173056703,23.872,177.29860173056704
3740.0,153.44985713840282,23.936000000000003,177.38585713840283
3750.0,153.47305044894762,24.0,177.47305044894762
3760.0,153.49618199294645,24.064,177.56018199294644
3770.0,153.51925209850907,24.128,177.64725209850906
3780.0,153.54226109113773,24.192,177.73426109113774
3790.0,153.56520929375466,24.256,177.82120929375466
3800.0,153.58809702672943,24.32,177.90809702672942
3810.0,153.61092460790564,24.384,177.99492460790566
3820.0,153.6336923526274,24.448,178.0816923526274
3830.0,153.65640057376567,24.512,178.16840057376567
3840.0,153.67904958174387,24.576,178.25504958174386
3850.0,153.70163968456325,24.64,178.34163968456323
3860.0,153.72417118782835,24.704,178.42817118782835
3870.0,153.74664439477147,24.768,178.51464439477147
3880.0,153.76905960627738,24.832,178.60105960627737
3890.0,153.7914171209074,24.896,178.6874171209074
3900.0,153.81371723492322,24.96,178.77371723492323
3910.0,153.8359602423106,25.024,178.8599602423106
3920.0,153.8581464348024,25.088,178.9461464348024
3930.0,153.88027610190176,25.152,179.03227610190174
3940.0,153.9023495309047,25.216,179.1183495309047
3950.0,153.9243670069224,25.28,179.2043670069224
3960.0,153.94632881290346,25.344,179.29032881290345
3970.0,153.96823522965553,25.408,179.37623522965555
3980.0,153.99008653586696,25.472,179.46208653586697
3990.0,154.01188300812822,25.536,179.54788300812822
4000.0,154.0336249209525,25.6,179.63362492095249
