distance_m,FSPL_dB,gas_absorption_dB,total_loss_dB,SNR_dB,Eb_J,capacity_bps,outage_flag_cap
10.0,101.99242509439324,0.057999999999999996,102.05042509439325,-23.040125137753435,1.0000000000000001e-11,35731886.72386637,1
20.0,108.01302500767287,0.11599999999999999,108.12902500767287,-29.118725051033053,1.0000000000000001e-11,8830924.540040469,1
30.0,111.53485018878649,0.174,111.7088501887865,-32.69855023214669,1.0000000000000001e-11,3874118.4255839353,1
40.0,114.03362492095249,0.23199999999999998,114.26562492095249,-35.25532496431268,1.0000000000000001e-11,2150538.9241974503,1
50.0,115.97182518111362,0.29,116.26182518111362,-37.25152522447381,1.0000000000000001e-11,1358160.6249755053,1
60.0,117.55545010206612,0.348,117.90345010206612,-38.893150145426304,1.0000000000000001e-11,930682.4235815664,1
70.0,118.89438589467835,0.406,119.30038589467836,-40.290085938038544,1.0000000000000001e-11,674707.6566556469,1
80.0,120.05422483423212,0.46399999999999997,120.51822483423211,-41.5079248775923,1.0000000000000001e-11,509725.91150920355,1
90.0,121.07727528317974,0.522,121.59927528317975,-42.58897532653994,1.0000000000000001e-11,397406.5743746413,1
100.0,121.99242509439324,0.58,122.57242509439324,-43.562125137753426,1.0000000000000001e-11,317630.6971771079,1
110.0,122.82027879755776,0.638,123.45827879755777,-44.447978840917955,1.0000000000000001e-11,259023.31773606208,1
120.0,123.57605001534574,0.696,124.27205001534574,-45.26175005870593,1.0000000000000001e-11,214764.78538441146,1
130.0,124.27129214052997,0.754,125.02529214052997,-46.01499218389016,1.0000000000000001e-11,180567.62643189926,1
140.0,124.91498580795798,0.812,125.72698580795797,-46.71668585131816,1.0000000000000001e-11,153628.33843682494,1
150.0,125.51425027550687,0.87,126.38425027550687,-47.37395031886706,1.0000000000000001e-11,132052.1681491663,1
160.0,126.07482474751174,0.9279999999999999,127.00282474751174,-47.992524790871926,1.0000000000000001e-11,114521.91900773795,1
170.0,126.60140352195873,0.986,127.58740352195873,-48.57710356531892,1.0000000000000001e-11,100099.33065991325,1
180.0,127.09787519645937,1.044,128.14187519645938,-49.13157523981957,1.0000000000000001e-11,88101.7159435042,1
190.0,127.5674971134498,1.1019999999999999,128.6694971134498,-49.659197156809995,1.0000000000000001e-11,78022.9701552902,1
200.0,128.01302500767287,1.16,129.17302500767286,-50.16272505103305,1.0000000000000001e-11,69481.62174242453,1
210.0,128.4368109890716,1.218,129.6548109890716,-50.64451103243178,1.0000000000000001e-11,62185.849014394,1
220.0,128.8408787108374,1.276,130.1168787108374,-51.106578754197585,1.0000000000000001e-11,55909.419728089524,1
230.0,129.2269818147451,1.334,130.5609818147451,-51.55068185810529,1.0000000000000001e-11,50474.82687632476,1
240.0,129.59664992862537,1.392,130.98864992862536,-51.97834997198555,1.0000000000000001e-11,45741.26479410577,1
250.0,129.951225267834,1.45,131.40122526783398,-52.39092531119417,1.0000000000000001e-11,41595.92246469486,1
260.0,130.2918920538096,1.508,131.7998920538096,-52.78959209716979,1.0000000000000001e-11,37947.58926513121,1
270.0,130.619700377573,1.566,132.185700377573,-53.17540042093319,1.0000000000000001e-11,34721.89792069533,1
280.0,130.9355857212376,1.624,132.5595857212376,-53.549285764597784,1.0000000000000001e-11,31857.74324803581,1
290.0,131.24038505237235,1.682,132.92238505237233,-53.91208509573252,1.0000000000000001e-11,29304.556397220258,1
300.0,131.5348501887865,1.74,133.2748501887865,-54.26455023214669,1.0000000000000001e-11,27020.20916996993,1
310.0,131.8196589710787,1.798,133.6176589710787,-54.607359014438885,1.0000000000000001e-11,24969.387556039157,1
320.0,132.09542466079137,1.8559999999999999,133.95142466079136,-54.94112470415155,1.0000000000000001e-11,23122.318377692845,1
330.0,132.362703891951,1.914,134.276703891951,-55.26640393531119,1.0000000000000001e-11,21453.7642490606,1
340.0,132.62200343523835,1.972,134.59400343523836,-55.58370347859855,1.0000000000000001e-11,19942.224228692776,1
350.0,132.87378598139873,2.03,134.90378598139873,-55.893486024758914,1.0000000000000001e-11,18569.293552120736,1
360.0,133.118475109739,2.088,135.206475109739,-56.196175153099176,1.0000000000000001e-11,17319.147327884584,1
370.0,133.35645957573314,2.146,135.50245957573313,-56.492159619093314,1.0000000000000001e-11,16178.121561264163,1
380.0,133.58809702672943,2.2039999999999997,135.79209702672944,-56.781797070089624,1.0000000000000001e-11,15134.37116607759,1
390.0,133.81371723492322,2.262,136.07571723492322,-57.065417278283405,1.0000000000000001e-11,14177.58920887039,1
400.0,134.0336249209525,2.32,136.35362492095248,-57.34332496431267,1.0000000000000001e-11,13298.7752511899,1
410.0,134.24810222878796,2.3779999999999997,136.62610222878794,-57.61580227214813,1.0000000000000001e-11,12490.043187875914,1
420.0,134.45741090235123,2.436,136.89341090235123,-57.88311094571142,1.0000000000000001e-11,11744.461138355437,1
430.0,134.66179420598496,2.4939999999999998,137.15579420598496,-58.14549424934515,1.0000000000000001e-11,11055.917403849153,1
440.0,134.861478624117,2.552,137.413478624117,-58.40317866747719,1.0000000000000001e-11,10419.007794350258,1
450.0,135.05667536990012,2.61,137.66667536990013,-58.65637541326032,1.0000000000000001e-11,9828.940500548018,1
460.0,135.24758172802473,2.668,137.91558172802473,-58.90528177138492,1.0000000000000001e-11,9281.45549952352,1
470.0,135.43438225310757,2.726,138.16038225310757,-59.15008229646776,1.0000000000000001e-11,8772.755984370173,1
480.0,135.617249841905,2.784,138.40124984190498,-59.39094988526517,1.0000000000000001e-11,8299.449847660233,1
490.0,135.79634669496352,2.842,138.63834669496353,-59.62804673832372,1.0000000000000001e-11,7858.499554599538,1
500.0,135.97182518111362,2.9,138.87182518111362,-59.86152522447381,1.0000000000000001e-11,7447.17906845722,1
510.0,136.14382861635198,2.9579999999999997,139.10182861635198,-60.09152865971217,1.0000000000000001e-11,7063.036729508632,1
520.0,136.31249196708922,3.016,139.3284919670892,-60.318192010449394,1.0000000000000001e-11,6703.863153703433,1
530.0,136.477942486409,3.074,139.55194248640902,-60.541642529769206,1.0000000000000001e-11,6367.663406270557,1
540.0,136.64030029085262,3.132,139.77230029085263,-60.762000334212814,1.0000000000000001e-11,6052.632809581534,1
550.0,136.79967888427814,3.19,139.98967888427813,-60.97937892763832,1.0000000000000001e-11,5757.135845500179,1
560.0,136.95618563451723,3.248,140.20418563451722,-61.193885677877404,1.0000000000000001e-11,5479.6877357774465,1
570.0,137.10992220784306,3.3059999999999996,140.41592220784307,-61.405622251203255,1.0000000000000001e-11,5218.938282447844,1
580.0,137.26098496565197,3.364,140.62498496565198,-61.61468500901216,1.0000000000000001e-11,4973.657699142294,1
590.0,137.40946532723615,3.4219999999999997,140.83146532723615,-61.82116537059633,1.0000000000000001e-11,4742.724125790836,1
600.0,137.55545010206612,3.48,141.0354501020661,-62.025150145426295,1.0000000000000001e-11,4525.112621697678,1
610.0,137.6990217946086,3.538,141.2370217946086,-62.226721837968796,1.0000000000000001e-11,4319.885436775973,1
620.0,137.84025888435832,3.596,141.43625888435832,-62.42595892771851,1.0000000000000001e-11,4126.183387958521,1
630.0,137.97923608346485,3.654,141.63323608346485,-62.62293612682504,1.0000000000000001e-11,3943.2182206569096,1
640.0,138.116024574071,3.7119999999999997,141.82802457407098,-62.81772461743117,1.0000000000000001e-11,3770.2657950986218,1
650.0,138.25069222725034,3.77,142.02069222725035,-63.01039227061054,1.0000000000000001e-11,3606.660036677693,1
660.0,138.38330380523064,3.828,142.21130380523064,-63.20100384859083,1.0000000000000001e-11,3451.787522182433,1
670.0,138.5139211484098,3.886,142.3999211484098,-63.389621191769976,1.0000000000000001e-11,3305.0826522475763,1
680.0,138.64260334851798,3.944,142.58660334851797,-63.576303391878156,1.0000000000000001e-11,3166.0233155301926,1
690.0,138.76940690913835,4.002,142.77140690913836,-63.76110695249855,1.0000000000000001e-11,3034.1270109736943,1
700.0,138.89438589467835,4.06,142.95438589467835,-63.94408593803854,1.0000000000000001e-11,2908.9473576848554,1
710.0,139.01759206877472,4.117999999999999,143.1355920687747,-64.1252921121349,1.0000000000000001e-11,2790.0709555846533,1
720.0,139.13907502301862,4.176,143.3150750230186,-64.3047750663788,1.0000000000000001e-11,2677.11455999375,1
730.0,139.25888229680237,4.234,143.49288229680238,-64.48258234016257,1.0000000000000001e-11,2569.7225285082122,1
740.0,139.37705948901277,4.292,143.66905948901277,-64.65875953237295,1.0000000000000001e-11,2467.564512936509,1
750.0,139.49365036222724,4.35,143.84365036222724,-64.83335040558742,1.0000000000000001e-11,2370.3333738738997,1
760.0,139.60869694000905,4.4079999999999995,144.01669694000904,-65.00639698336923,1.0000000000000001e-11,2277.7432922869207,1
770.0,139.72223959784287,4.466,144.18823959784288,-65.17793964120307,1.0000000000000001e-11,2189.5280492772113,1
780.0,139.83431714820284,4.524,144.35831714820284,-65.34801719156303,1.0000000000000001e-11,2105.439472423036,1
790.0,139.9449669202021,4.582,144.52696692020209,-65.51666696356227,1.0000000000000001e-11,2025.2460134608891,1
800.0,140.05422483423212,4.64,144.6942248342321,-65.68392487759229,1.0000000000000001e-11,1948.7314621123553,1
810.0,140.16212547196625,4.698,144.86012547196626,-65.84982551532644,1.0000000000000001e-11,1875.6937672254567,1
820.0,140.26870214206758,4.755999999999999,145.02470214206758,-66.01440218542777,1.0000000000000001e-11,1805.9439636287952,1
830.0,140.37398694191472,4.814,145.18798694191472,-66.1776869852749,1.0000000000000001e-11,1739.3051886814048,1
840.0,140.47801081563085,4.872,145.35001081563087,-66.33971085899105,1.0000000000000001e-11,1675.6117885183353,1
850.0,140.5808036086791,4.93,145.5108036086791,-66.5005036520393,1.0000000000000001e-11,1614.7084931697252,1
860.0,140.6823941192646,4.9879999999999995,145.67039411926459,-66.66009416262477,1.0000000000000001e-11,1556.4496637568157,1
870.0,140.7828101467656,5.046,145.8288101467656,-66.81851019012578,1.0000000000000001e-11,1500.6986053580613,1
880.0,140.88207853739664,5.104,145.98607853739665,-66.97577858075684,1.0000000000000001e-11,1447.3269263248103,1
890.0,140.9802252272915,5.162,146.1422252272915,-67.13192527065169,1.0000000000000001e-11,1396.2139536568363,1
900.0,141.07727528317974,5.22,146.29727528317974,-67.28697532653993,1.0000000000000001e-11,1347.246209242877,1
910.0,141.17325294081513,5.278,146.45125294081512,-67.44095298417531,1.0000000000000001e-11,1300.3168957113755,1
920.0,141.26818164130435,5.336,146.60418164130436,-67.59388168466455,1.0000000000000001e-11,1255.325459163374,1
930.0,141.36208406547195,5.394,146.75608406547195,-67.74578410883214,1.0000000000000001e-11,1212.1771583122045,1
940.0,141.4549821663872,5.452,146.9069821663872,-67.89668220974738,1.0000000000000001e-11,1170.7826752676592,1
950.0,141.54689720017018,5.51,147.05689720017017,-68.04659724353036,1.0000000000000001e-11,1131.0577631595177,1
960.0,141.63784975518462,5.568,147.20584975518463,-68.19554979854482,1.0000000000000001e-11,1092.9229113798724,1
970.0,141.72785977971813,5.6259999999999994,147.35385977971814,-68.34355982307832,1.0000000000000001e-11,1056.3030380545401,1
980.0,141.81694660824314,5.684,147.50094660824314,-68.49064665160333,1.0000000000000001e-11,1021.1272065401349,1
990.0,141.90512898634427,5.742,147.64712898634426,-68.63682902970444,1.0000000000000001e-11,987.3283563365302,1
1000.0,141.99242509439324,5.8,147.79242509439325,-68.78212513775344,1.0000000000000001e-11,954.8430708386936,1
1010.0,142.07885257004608,5.858,147.93685257004609,-68.92655261340627,1.0000000000000001e-11,923.6113354782206,1
1020.0,142.1644285296316,5.9159999999999995,148.0804285296316,-69.07012857299179,1.0000000000000001e-11,893.5763359076732,1
1030.0,142.24916958849667,5.974,148.22316958849666,-69.21286963185685,1.0000000000000001e-11,864.6842609900392,1
1040.0,142.33309188036884,6.032,148.36509188036885,-69.35479192372904,1.0000000000000001e-11,836.8841170001675,1
1050.0,142.41621107579198,6.09,148.50621107579198,-69.49591111915217,1.0000000000000001e-11,810.1275610467432,1
1060.0,142.49854239968863,6.148,148.64654239968863,-69.63624244304881,1.0000000000000001e-11,784.3687360959632,1
1070.0,142.5801006480974,6.206,148.7861006480974,-69.77580069145759,1.0000000000000001e-11,759.564136427749,1
1080.0,142.66090020413225,6.264,148.92490020413226,-69.91460024749244,1.0000000000000001e-11,735.6724570748166,1
1090.0,142.7409550532057,6.322,149.0629550532057,-70.0526550965659,1.0000000000000001e-11,712.6544672874343,1
1100.0,142.82027879755776,6.38,149.20027879755776,-70.18997884091795,1.0000000000000001e-11,690.4729016170138,1
1110.0,142.8988846701264,6.438000000000001,149.33688467012638,-70.32658471348657,1.0000000000000001e-11,669.0923301774255,1
1120.0,142.97678554779685,6.496,149.47278554779686,-70.46248559115705,1.0000000000000001e-11,648.4790721525586,1
1130.0,143.05399396406165,6.553999999999999,149.60799396406165,-70.59769400742184,1.0000000000000001e-11,628.6010804730399,1
1140.0,143.13052212112268,6.611999999999999,149.74252212112268,-70.73222216448286,1.0000000000000001e-11,609.4278665357734,1
1150.0,143.20638190146548,6.669999999999999,149.87638190146546,-70.86608194482565,1.0000000000000001e-11,590.9303976943534,1
1160.0,143.2815848789316,6.728,150.0095848789316,-70.99928492229179,1.0000000000000001e-11,573.081031588873,1
1170.0,143.35614232931647,6.786,150.14214232931647,-71.13184237267666,1.0000000000000001e-11,555.8534296534585,1
1180.0,143.43006524051577,6.843999999999999,150.27406524051577,-71.26376528387595,1.0000000000000001e-11,539.2224914460706,1
1190.0,143.50336432224384,6.901999999999999,150.40536432224383,-71.39506436560401,1.0000000000000001e-11,523.1642889783013,1
1200.0,143.57605001534574,6.96,150.53605001534575,-71.52575005870594,1.0000000000000001e-11,507.65599784174213,1
1210.0,143.64813250072223,7.018,150.66613250072223,-71.65583254408241,1.0000000000000001e-11,492.67584915662013,1
1220.0,143.71962170788822,7.076,150.79562170788822,-71.7853217512484,1.0000000000000001e-11,478.2030639015861,1
1230.0,143.7905273231812,7.1339999999999995,150.9245273231812,-71.91422736654138,1.0000000000000001e-11,464.2178032606326,1
1240.0,143.86085879763795,7.192,151.05285879763795,-72.04255884099814,1.0000000000000001e-11,450.701128580288,1
1250.0,143.93062535455437,7.25,151.18062535455437,-72.17032539791455,1.0000000000000001e-11,437.63494210625106,1
1260.0,143.99983599674448,7.308,151.30783599674447,-72.29753604010466,1.0000000000000001e-11,425.00195334743415,1
1270.0,144.0684995135124,7.366,151.43449951351238,-72.42419955687257,1.0000000000000001e-11,412.78563422801267,1
1280.0,144.13662448735062,7.4239999999999995,151.56062448735062,-72.55032453071081,1.0000000000000001e-11,400.9701822480386,1
1290.0,144.2042193003782,7.482,151.6862193003782,-72.6759193437384,1.0000000000000001e-11,389.54048204233993,1
1300.0,144.27129214052997,7.54,151.81129214052996,-72.80099218389014,1.0000000000000001e-11,378.4820733462707,1
1310.0,144.3378510075085,7.598,151.93585100750852,-72.9255510508687,1.0000000000000001e-11,367.7811173597477,1
1320.0,144.40390371851026,7.656,152.05990371851027,-73.04960376187046,1.0000000000000001e-11,357.42436631471156,1
1330.0,144.46945791373497,7.714,152.18345791373497,-73.17315795709516,1.0000000000000001e-11,347.3991378477271,1
1340.0,144.53452106168942,7.772,152.3065210616894,-73.2962211050496,1.0000000000000001e-11,337.6932829657296,1
1350.0,144.59910046429337,7.83,152.42910046429338,-73.41880050765357,1.0000000000000001e-11,328.29516202033636,1
1360.0,144.6632032617976,7.888,152.5512032617976,-73.5409033051578,1.0000000000000001e-11,319.19362068215753,1
1370.0,144.7268364375214,7.946000000000001,152.6728364375214,-73.66253648088158,1.0000000000000001e-11,310.3779675168191,1
1380.0,144.79000682241798,8.004,152.79400682241797,-73.78370686577816,1.0000000000000001e-11,301.8379531626993,1
1390.0,144.85272109947516,8.062,152.91472109947517,-73.90442114283536,1.0000000000000001e-11,293.5637463052371,1
1400.0,144.91498580795798,8.12,153.03498580795798,-74.02468585131817,1.0000000000000001e-11,285.5459144563799,1
1410.0,144.97680734750082,8.177999999999999,153.15480734750082,-74.14450739086101,1.0000000000000001e-11,277.775409539171,1
1420.0,145.03819198205434,8.235999999999999,153.27419198205433,-74.26389202541452,1.0000000000000001e-11,270.24354706548337,1
1430.0,145.0991458436945,8.293999999999999,153.3931458436945,-74.38284588705469,1.0000000000000001e-11,262.9419901188921,1
1440.0,145.15967493629825,8.352,153.51167493629825,-74.50137497965844,1.0000000000000001e-11,255.8627349392607,1
1450.0,145.21978513909272,8.41,153.62978513909272,-74.6194851824529,1.0000000000000001e-11,248.9980917021867,1
1460.0,145.279482210082,8.468,153.74748221008198,-74.73718225344217,1.0000000000000001e-11,242.34067330701325,1
1470.0,145.33877178935677,8.526,153.86477178935678,-74.85447183271697,1.0000000000000001e-11,235.8833857665533,1
1480.0,145.3976594022924,8.584,153.9816594022924,-74.97135944565258,1.0000000000000001e-11,229.6194073848216,1
1490.0,145.45615046263873,8.642,154.09815046263873,-75.08785050599892,1.0000000000000001e-11,223.5421823501849,1
1500.0,145.51425027550687,8.7,154.21425027550686,-75.20395031886704,1.0000000000000001e-11,217.64540631994583,1
1510.0,145.5719640402566,8.758,154.3299640402566,-75.3196640836168,1.0000000000000001e-11,211.92301681006663,1
1520.0,145.62929685328868,8.815999999999999,154.44529685328868,-75.43499689664887,1.0000000000000001e-11,206.36918358489217,1
1530.0,145.68625371074523,8.874,154.56025371074523,-75.54995375410542,1.0000000000000001e-11,200.97829744515985,1
1540.0,145.7428395111225,8.932,154.67483951112249,-75.66453955448267,1.0000000000000001e-11,195.74495741429618,1
1550.0,145.79905905779907,8.99,154.78905905779908,-75.77875910115927,1.0000000000000001e-11,190.6639675349921,1
1560.0,145.85491706148247,9.048,154.90291706148247,-75.89261710484266,1.0000000000000001e-11,185.73032886063922,1
1570.0,145.9104181425779,9.106,155.0164181425779,-76.00611818593808,1.0000000000000001e-11,180.93922183648564,1
1580.0,145.96556683348172,9.164,155.1295668334817,-76.11926687684189,1.0000000000000001e-11,176.28601110477769,1
1590.0,146.02036758080226,9.222,155.24236758080227,-76.23206762416245,1.0000000000000001e-11,171.7662262842026,1
1600.0,146.07482474751174,9.28,155.35482474751174,-76.34452479087193,1.0000000000000001e-11,167.37556677502957,1
1610.0,146.1289426150302,9.338000000000001,155.4669426150302,-76.4566426583904,1.0000000000000001e-11,163.10988093683935,1
1620.0,146.18272538524587,9.396,155.5787253852459,-76.56842542860608,1.0000000000000001e-11,158.96517569880464,1
1630.0,146.23617718247237,9.453999999999999,155.69017718247238,-76.67987722583257,1.0000000000000001e-11,154.93759733913262,1
1640.0,146.2893020553472,9.511999999999999,155.8013020553472,-76.7910020987074,1.0000000000000001e-11,151.0234298833529,1
1650.0,146.34210397867133,9.569999999999999,155.91210397867133,-76.90180402203151,1.0000000000000001e-11,147.2190919008919,1
1660.0,146.39458685519435,9.628,156.02258685519433,-77.01228689855452,1.0000000000000001e-11,143.52113169993422,1
1670.0,146.4467545173449,9.686,156.13275451734492,-77.12245456070511,1.0000000000000001e-11,139.92621451371767,1
1680.0,146.49861072891048,9.744,156.24261072891048,-77.23231077227067,1.0000000000000001e-11,136.43112570396056,1
1690.0,146.5501591866667,9.802,156.35215918666668,-77.34185923002687,1.0000000000000001e-11,133.03276435400946,1
1700.0,146.60140352195873,9.86,156.46140352195874,-77.45110356531893,1.0000000000000001e-11,129.7281368619871,1
1710.0,146.6523473022363,9.918,156.5703473022363,-77.5600473455965,1.0000000000000001e-11,126.5143553390798,1
1720.0,146.7029940325442,9.975999999999999,156.6789940325442,-77.6686940759044,1.0000000000000001e-11,123.38862639754538,1
1730.0,146.75334715696914,10.033999999999999,156.78734715696913,-77.77704720032932,1.0000000000000001e-11,120.34826076099328,1
1740.0,146.80341006004522,10.092,156.89541006004524,-77.88511010340542,1.0000000000000001e-11,117.39065564553941,1
1750.0,146.8531860681191,10.15,157.0031860681191,-77.9928861114793,1.0000000000000001e-11,114.51329956494645,1
1760.0,146.9026784506762,10.208,157.1106784506762,-78.10037849403639,1.0000000000000001e-11,111.71376592377139,1
1770.0,146.95189042162934,10.266,157.21789042162933,-78.20759046498952,1.0000000000000001e-11,108.98970981393944,1
1780.0,147.00082514057112,10.324,157.32482514057114,-78.31452518393132,1.0000000000000001e-11,106.33886481131812,1
1790.0,147.0494857139911,10.382,157.4314857139911,-78.42118575735128,1.0000000000000001e-11,103.7590445774307,1
1800.0,147.09787519645937,10.44,157.53787519645937,-78.52757523981956,1.0000000000000001e-11,101.2481316474641,1
1810.0,147.14599659177696,10.498,157.64399659177695,-78.63369663513714,1.0000000000000001e-11,98.80407903198237,1
1820.0,147.1938528540947,10.556,157.7498528540947,-78.7395528974549,1.0000000000000001e-11,96.42491181864028,1
1830.0,147.2414468890018,10.614,157.8554468890018,-78.84514693236198,1.0000000000000001e-11,94.10871596019093,1
1840.0,147.28878155458398,10.672,157.96078155458397,-78.95048159794416,1.0000000000000001e-11,91.85364147791266,1
1850.0,147.33585966245352,10.73,158.0658596624535,-79.05555970581369,1.0000000000000001e-11,89.65790085989582,1
1860.0,147.38268397875157,10.788,158.17068397875158,-79.16038402211177,1.0000000000000001e-11,87.51976425590352,1
1870.0,147.4292572251232,10.846,158.2752572251232,-79.26495726848339,1.0000000000000001e-11,85.43755467223215,1
1880.0,147.47558207966682,10.904,158.37958207966682,-79.369282123027,1.0000000000000001e-11,83.40965598027762,1
1890.0,147.5216611778581,10.962,158.4836611778581,-79.47336122121828,1.0000000000000001e-11,81.43449689940334,1
1900.0,147.5674971134498,11.02,158.5874971134498,-79.57719715681,1.0000000000000001e-11,79.51056220893304,1
1910.0,147.61309243934778,11.078,158.69109243934778,-79.68079248270797,1.0000000000000001e-11,77.63638313787153,1
1920.0,147.65844966846424,11.136,158.79444966846424,-79.78414971182443,1.0000000000000001e-11,75.81053576319161,1
1930.0,147.70357127454872,11.193999999999999,158.8975712745487,-79.8872713179089,1.0000000000000001e-11,74.03164741668716,1
1940.0,147.74845969299776,11.251999999999999,159.00045969299777,-79.99015973635795,1.0000000000000001e-11,72.29838066784102,1
1950.0,147.7931173216436,11.309999999999999,159.1031173216436,-80.09281736500378,1.0000000000000001e-11,70.60944613753088,1
1960.0,147.83754652152277,11.368,159.20554652152276,-80.19524656488295,1.0000000000000001e-11,68.96359448946333,1
1970.0,147.88174961762508,11.426,159.30774961762506,-80.29744966098525,1.0000000000000001e-11,67.35961162503429,1
1980.0,147.92572889962383,11.484,159.40972889962384,-80.39942894298403,1.0000000000000001e-11,65.79632669189519,1
1990.0,147.9694866225874,11.542,159.5114866225874,-80.50118666594759,1.0000000000000001e-11,64.27260087196055,1
2000.0,148.01302500767287,11.6,159.61302500767286,-80.60272505103305,1.0000000000000001e-11,62.787333788260945,1
2010.0,148.05634624280304,11.657999999999998,159.71434624280303,-80.70404628616322,1.0000000000000001e-11,61.339455496376964,1
2020.0,148.0994524833257,11.716,159.8154524833257,-80.8051525266859,1.0000000000000001e-11,59.92793128957897,1
2030.0,148.1423458526575,11.774,159.9163458526575,-80.9060458960177,1.0000000000000001e-11,58.55176009711401,1
2040.0,148.18502844291123,11.831999999999999,160.01702844291123,-81.00672848627141,1.0000000000000001e-11,57.209966475639625,1
2050.0,148.22750231550833,11.889999999999999,160.11750231550832,-81.1072023588685,1.0000000000000001e-11,55.90160861779019,1
2060.0,148.2697695017763,11.948,160.2177695017763,-81.20746954513649,1.0000000000000001e-11,54.62577194532396,1
2070.0,148.3118320035316,12.005999999999998,160.3178320035316,-81.3075320468918,1.0000000000000001e-11,53.38156910912324,1
2080.0,148.35369179364847,12.064,160.41769179364846,-81.40739183700865,1.0000000000000001e-11,52.16813998919431,1
2090.0,148.39535081661433,12.121999999999998,160.5173508166143,-81.5070508599745,1.0000000000000001e-11,50.984651694667605,1
2100.0,148.4368109890716,12.18,160.6168109890716,-81.6065110324318,1.0000000000000001e-11,49.83029215694476,1
2110.0,148.47807420034707,12.238,160.71607420034707,-81.70577424370725,1.0000000000000001e-11,48.70427813826487,1
2120.0,148.51914231296826,12.296,160.81514231296825,-81.80484235632844,1.0000000000000001e-11,47.605848824851556,1
2130.0,148.56001716316797,12.354,160.91401716316796,-81.90371720652814,1.0000000000000001e-11,46.53426102177335,1
2140.0,148.6007005613771,12.412,161.0127005613771,-82.00240060473729,1.0000000000000001e-11,45.488800364936345,1
2150.0,148.64119429270534,12.469999999999999,161.11119429270533,-82.10089433606552,1.0000000000000001e-11,44.46876850737839,1
2160.0,148.68150011741187,12.528,161.20950011741186,-82.19920016077205,1.0000000000000001e-11,43.473492729548525,1
2170.0,148.7216197713638,12.585999999999999,161.30761977136382,-82.297319814724,1.0000000000000001e-11,42.5023131256011,1
2180.0,148.76155496648533,12.644,161.40555496648534,-82.39525500984553,1.0000000000000001e-11,41.5545938153885,1
2190.0,148.80130739119562,12.702,161.50330739119562,-82.4930074345558,1.0000000000000001e-11,40.62971653760821,1
2200.0,148.84087871083733,12.76,161.60087871083732,-82.59057875419751,1.0000000000000001e-11,39.727082251516116,1
2210.0,148.88027056809545,12.818,161.69827056809547,-82.68797061145565,1.0000000000000001e-11,38.84610473007352,1
2220.0,148.91948458340602,12.876000000000001,161.79548458340602,-82.78518462676621,1.0000000000000001e-11,37.98622017022666,1
2230.0,148.95852235535648,12.934,161.89252235535648,-82.88222239871666,1.0000000000000001e-11,37.146875980914004,1
2240.0,148.99738546107648,12.992,161.98938546107647,-82.97908550443665,1.0000000000000001e-11,36.32754039334578,1
2250.0,149.0360754566205,13.049999999999999,162.0860754566205,-83.0757754999807,1.0000000000000001e-11,35.52769124901125,1
2260.0,149.07459387734127,13.107999999999999,162.18259387734128,-83.17229392070146,1.0000000000000001e-11,34.74682721167146,1
2270.0,149.1129422382557,13.166,162.2789422382557,-83.26864228161588,1.0000000000000001e-11,33.98445495365332,1
2280.0,149.1511220344023,13.223999999999998,162.3751220344023,-83.36482207776248,1.0000000000000001e-11,33.24010036784231,1
2290.0,149.18913474119103,13.282,162.47113474119104,-83.46083478455122,1.0000000000000001e-11,32.513300559116296,1
2300.0,149.2269818147451,13.339999999999998,162.5669818147451,-83.55668185810529,1.0000000000000001e-11,31.803605446058775,1
2310.0,149.26466469223612,13.398,162.66266469223612,-83.65236473559631,1.0000000000000001e-11,31.11057776095892,1
2320.0,149.30218479221122,13.456,162.7581847922112,-83.7478848355714,1.0000000000000001e-11,30.43379144809832,1
2330.0,149.3395435149136,13.514,162.8535435149136,-83.8432435582738,1.0000000000000001e-11,29.7728348671775,1
2340.0,149.3767422425961,13.572,162.9487422425961,-83.93844228595628,1.0000000000000001e-11,29.127305988176214,1
2350.0,149.41378233982795,13.63,163.04378233982794,-84.03348238318813,1.0000000000000001e-11,28.49681399306668,1
2360.0,149.45066515379534,13.687999999999999,163.13866515379533,-84.12836519715552,1.0000000000000001e-11,27.88097927581361,1
2370.0,149.4873920145953,13.746,163.2333920145953,-84.22309205795548,1.0000000000000001e-11,27.2794334423742,1
2380.0,149.52396423552347,13.803999999999998,163.32796423552347,-84.31766427888365,1.0000000000000001e-11,26.691816107271695,1
2390.0,149.560383113356,13.862,163.422383113356,-84.41208315671619,1.0000000000000001e-11,26.117778097021837,1
2400.0,149.59664992862537,13.92,163.51664992862536,-84.50634997198554,1.0000000000000001e-11,25.556981450132913,1
2410.0,149.63276594589064,13.978,163.61076594589065,-84.60046598925084,1.0000000000000001e-11,25.009093010252776,1
2420.0,149.66873241400185,14.036,163.70473241400185,-84.69443245736204,1.0000000000000001e-11,24.47379403644831,1
2430.0,149.7045505663595,14.094000000000001,163.7985505663595,-84.78825060971968,1.0000000000000001e-11,23.950770592926,1
2440.0,149.7402216211678,14.152,163.89222162116778,-84.88192166452797,1.0000000000000001e-11,23.439718354171625,1
2450.0,149.7757467816839,14.21,163.9857467816839,-84.97544682504409,1.0000000000000001e-11,22.940341003237084,1
2460.0,149.81112723646083,14.267999999999999,164.07912723646083,-85.06882727982102,1.0000000000000001e-11,22.452350231740347,1
2470.0,149.84636415958659,14.326,164.17236415958658,-85.16206420294677,1.0000000000000001e-11,21.975467341578746,1
2480.0,149.88145871091757,14.384,164.26545871091758,-85.25515875427777,1.0000000000000001e-11,21.509418439789222,1
2490.0,149.91641203630797,14.442,164.35841203630798,-85.34811207966817,1.0000000000000001e-11,21.053937641974834,1
2500.0,149.951225267834,14.5,164.451225267834,-85.44092531119418,1.0000000000000001e-11,20.60876707230477,1
2510.0,149.98589952401397,14.557999999999998,164.54389952401397,-85.53359956737415,1.0000000000000001e-11,20.173655261801084,1
2520.0,150.0204359100241,14.616,164.6364359100241,-85.62613595338428,1.0000000000000001e-11,19.748355546625483,1
2530.0,150.05483551790957,14.673999999999998,164.72883551790957,-85.71853556126976,1.0000000000000001e-11,19.332632474932304,1
2540.0,150.08909942679202,14.732,164.82109942679202,-85.8107994701522,1.0000000000000001e-11,18.92625059487578,1
2550.0,150.12322870307236,14.79,164.91322870307235,-85.90292874643254,1.0000000000000001e-11,18.52898726831606,1
2560.0,150.15722440063024,14.847999999999999,165.00522440063025,-85.99492444399044,1.0000000000000001e-11,18.14061825539994,1
2570.0,150.19108756101912,14.905999999999999,165.09708756101912,-86.08678760437931,1.0000000000000001e-11,17.760933731693378,1
2580.0,150.22481921365784,14.964,165.18881921365784,-86.17851925701802,1.0000000000000001e-11,17.38972066933575,1
2590.0,150.25842037601825,15.021999999999998,165.28042037601824,-86.27012041937843,1.0000000000000001e-11,17.02677885417235,1
2600.0,150.2918920538096,15.08,165.3718920538096,-86.36159209716979,1.0000000000000001e-11,16.67190967376165,1
2610.0,150.32523524115885,15.137999999999998,165.46323524115886,-86.45293528451904,1.0000000000000001e-11,16.32491771908855,1
2620.0,150.35845092078813,15.196,165.55445092078813,-86.54415096414832,1.0000000000000001e-11,15.985618793130625,1
2630.0,150.3915400641884,15.254,165.6455400641884,-86.63524010754858,1.0000000000000001e-11,15.653827097152144,1
2640.0,150.42450363178983,15.312,165.73650363178984,-86.72620367515003,1.0000000000000001e-11,15.32936484098356,1
2650.0,150.45734257312938,15.37,165.82734257312939,-86.81704261648957,1.0000000000000001e-11,15.012059039595012,1
2660.0,150.4900578270146,15.428,165.9180578270146,-86.90775787037478,1.0000000000000001e-11,14.701739911383092,1
2670.0,150.52265032168475,15.485999999999999,166.00865032168474,-86.99835036504493,1.0000000000000001e-11,14.398242479884082,1
2680.0,150.55512097496904,15.544,166.09912097496905,-87.08882101832924,1.0000000000000001e-11,14.101406573773966,1
2690.0,150.58747069444138,15.601999999999999,166.18947069444138,-87.17917073780157,1.0000000000000001e-11,13.811075225155184,1
2700.0,150.619700377573,15.66,166.279700377573,-87.26940042093318,1.0000000000000001e-11,13.52709306784337,1
2710.0,150.65181091188134,15.718,166.36981091188133,-87.35951095524152,1.0000000000000001e-11,13.249315947646874,1
2720.0,150.68380317507723,15.776,166.45980317507724,-87.44950321843743,1.0000000000000001e-11,12.977594905234248,1
2730.0,150.71567803520833,15.834,166.54967803520833,-87.53937807856852,1.0000000000000001e-11,12.711790591553513,1
2740.0,150.74743635080102,15.892000000000001,166.63943635080102,-87.62913639416121,1.0000000000000001e-11,12.451765259265889,1
2750.0,150.7790789709985,15.95,166.7290789709985,-87.71877901435869,1.0000000000000001e-11,12.197382762745823,1
2760.0,150.8106067356976,16.008,166.8186067356976,-87.8083067790578,1.0000000000000001e-11,11.948513363220721,1
2770.0,150.8420204756822,16.066,166.9080204756822,-87.8977205190424,1.0000000000000001e-11,11.705028923631211,1
2780.0,150.87332101275473,16.124,166.99732101275472,-87.98702105611491,1.0000000000000001e-11,11.466804510344387,1
2790.0,150.9045091598652,16.182,167.0865091598652,-88.07620920322537,1.0000000000000001e-11,11.233719994867064,1
2800.0,150.9355857212376,16.24,167.1755857212376,-88.1652857645978,1.0000000000000001e-11,11.005656850419278,1
2810.0,150.96655149249483,16.298,167.26455149249483,-88.25425153585502,1.0000000000000001e-11,10.782498151934295,1
2820.0,150.99740726078045,16.355999999999998,167.35340726078044,-88.34310730414063,1.0000000000000001e-11,10.5641317794851,1
2830.0,151.02815380487903,16.414,167.442153804879,-88.4318538482392,1.0000000000000001e-11,10.35044881657115,1
2840.0,151.05879189533397,16.471999999999998,167.53079189533398,-88.52049193869416,1.0000000000000001e-11,10.14134034669189,1
2850.0,151.08932229456343,16.53,167.61932229456343,-88.60902233792362,1.0000000000000001e-11,9.936702258486484,1
2860.0,151.1197457569741,16.587999999999997,167.7077457569741,-88.6974458003343,1.0000000000000001e-11,9.736435245733832,1
2870.0,151.15006302907312,16.646,167.79606302907314,-88.78576307243333,1.0000000000000001e-11,9.540436798786306,1
2880.0,151.18027484957787,16.704,167.88427484957788,-88.87397489293807,1.0000000000000001e-11,9.34861081484927,1
2890.0,151.21038194952422,16.762,167.97238194952422,-88.9620819928844,1.0000000000000001e-11,9.160862792841309,1
2900.0,151.24038505237235,16.82,168.06038505237234,-89.05008509573253,1.0000000000000001e-11,8.97709983339425,1
2910.0,151.27028487411138,16.878,168.14828487411137,-89.13798491747156,1.0000000000000001e-11,8.7972322405664,1
2920.0,151.30008212336162,16.936,168.23608212336163,-89.22578216672181,1.0000000000000001e-11,8.6211719201293,1
2930.0,151.32977750147546,16.994,168.32377750147546,-89.31347754483565,1.0000000000000001e-11,8.448833981280975,1
2940.0,151.3593717026364,17.052,168.4113717026364,-89.40107174599657,1.0000000000000001e-11,8.280133533219441,1
2950.0,151.38886541395647,17.11,168.49886541395648,-89.48856545731667,1.0000000000000001e-11,8.114990490282446,1
2960.0,151.41825931557202,17.168,168.58625931557202,-89.57595935893221,1.0000000000000001e-11,7.95332316509448,1
2970.0,151.44755408073746,17.226,168.67355408073746,-89.66325412409765,1.0000000000000001e-11,7.795054675419765,1
2980.0,151.47675037591836,17.284,168.76075037591835,-89.75045041927854,1.0000000000000001e-11,7.640108139022516,1
2990.0,151.50584886088183,17.342000000000002,168.84784886088184,-89.83754890424203,1.0000000000000001e-11,7.488409877093436,1
3000.0,151.5348501887865,17.4,168.9348501887865,-89.92455023214669,1.0000000000000001e-11,7.339889414249717,1
3010.0,151.56375500627013,17.458,169.02175500627013,-90.01145504963031,1.0000000000000001e-11,7.194473071682041,1
3020.0,151.59256395353628,17.516,169.10856395353628,-90.09826399689646,1.0000000000000001e-11,7.052095179147333,1
3030.0,151.62127766443933,17.573999999999998,169.19527766443935,-90.18497770779953,1.0000000000000001e-11,6.912685261262755,1
3040.0,151.6498967665683,17.631999999999998,169.2818967665683,-90.2715968099285,1.0000000000000001e-11,6.7761792494984645,1
3050.0,151.67842188132897,17.689999999999998,169.36842188132897,-90.35812192468916,1.0000000000000001e-11,6.642511473611358,1
3060.0,151.70685362402486,17.748,169.45485362402485,-90.44455366738504,1.0000000000000001e-11,6.511622670211325,1
3070.0,151.73519260393698,17.805999999999997,169.54119260393696,-90.53089264729715,1.0000000000000001e-11,6.383447169055248,1
3080.0,151.76343942440212,17.864,169.62743942440213,-90.61713946776231,1.0000000000000001e-11,6.257928910179503,1
3090.0,151.79159468288992,17.921999999999997,169.71359468288992,-90.7032947262501,1.0000000000000001e-11,6.135007028480708,1
3100.0,151.8196589710787,17.98,169.79965897107868,-90.78935901443887,1.0000000000000001e-11,6.014625463995227,1
3110.0,151.84763287492996,18.038,169.88563287492997,-90.87533291829016,1.0000000000000001e-11,5.896729758472666,1
3120.0,151.8755169747621,18.096,169.9715169747621,-90.96121701812228,1.0000000000000001e-11,5.781263851949372,1
3130.0,151.9033118453222,18.154,170.0573118453222,-91.04701188868239,1.0000000000000001e-11,5.668176489601446,1
3140.0,151.93101805585752,18.212,170.1430180558575,-91.1327180992177,1.0000000000000001e-11,5.557413213178474,1
3150.0,151.95863617018523,18.27,170.22863617018524,-91.21833621354543,1.0000000000000001e-11,5.448925971283044,1
3160.0,151.98616674676128,18.328,170.3141667467613,-91.30386679012148,1.0000000000000001e-11,5.342663509091233,1
3170.0,152.01361033874826,18.386,170.39961033874826,-91.38931038210845,1.0000000000000001e-11,5.23857937691887,1
3180.0,152.04096749408188,18.444,170.48496749408187,-91.47466753744206,1.0000000000000001e-11,5.136623921655275,1
3190.0,152.06823875553687,18.502,170.57023875553688,-91.55993879889706,1.0000000000000001e-11,5.036753897042765,1
3200.0,152.09542466079137,18.56,170.65542466079137,-91.64512470415156,1.0000000000000001e-11,4.9389212516839045,1
3210.0,152.12252574249067,18.618,170.74052574249066,-91.73022578585085,1.0000000000000001e-11,4.843084341034255,1
3220.0,152.14954252830984,18.676000000000002,170.82554252830982,-91.81524257167001,1.0000000000000001e-11,4.749198317122872,1
3230.0,152.1764755410153,18.733999999999998,170.9104755410153,-91.90017558437549,1.0000000000000001e-11,4.6572231371185575,1
3240.0,152.2033252985255,18.792,170.9953252985255,-91.98502534188569,1.0000000000000001e-11,4.567115554763612,1
3250.0,152.23009231397072,18.849999999999998,171.0800923139707,-92.0697923573309,1.0000000000000001e-11,4.478837128940085,1
3260.0,152.256777095752,18.907999999999998,171.164777095752,-92.15447713911217,1.0000000000000001e-11,4.39234941853002,1
3270.0,152.28338014759896,18.966,171.24938014759897,-92.23908019095916,1.0000000000000001e-11,4.307610778988956,1
3280.0,152.30990196862683,19.023999999999997,171.33390196862683,-92.32360201198702,1.0000000000000001e-11,4.224587574338686,1
3290.0,152.33634305339274,19.082,171.41834305339273,-92.40804309675292,1.0000000000000001e-11,4.143241363461243,1
3300.0,152.36270389195096,19.139999999999997,171.50270389195094,-92.49240393531113,1.0000000000000001e-11,4.0635369086651645,1
3310.0,152.38898496990765,19.198,171.58698496990766,-92.57668501326785,1.0000000000000001e-11,3.9854373705457293,1
3320.0,152.41518676847397,19.256,171.67118676847397,-92.66088681183416,1.0000000000000001e-11,3.9089123165512207,1
3330.0,152.44130976451964,19.314,171.75530976451964,-92.74500980787982,1.0000000000000001e-11,3.833924907276914,1
3340.0,152.46735443062454,19.372,171.83935443062455,-92.82905447398474,1.0000000000000001e-11,3.7604431084578365,1
3350.0,152.49332123513017,19.43,171.92332123513017,-92.91302127849036,1.0000000000000001e-11,3.688438089255514,1
3360.0,152.5192106421901,19.488,172.0072106421901,-92.99691068555029,1.0000000000000001e-11,3.617874611978467,1
3370.0,152.54502311182,19.546,172.09102311182,-93.08072315518018,1.0000000000000001e-11,3.5487238457882166,1
3380.0,152.57075909994632,19.604,172.1747590999463,-93.16445914330649,1.0000000000000001e-11,3.480956959846284,1
3390.0,152.5964190584549,19.662,172.2584190584549,-93.24811910181509,1.0000000000000001e-11,3.4145435216009363,1
3400.0,152.62200343523835,19.72,172.34200343523835,-93.33170347859854,1.0000000000000001e-11,3.34945470021369,1
3410.0,152.64751267424316,19.778,172.42551267424315,-93.41521271760334,1.0000000000000001e-11,3.2856648682725607,1
3420.0,152.67294721551593,19.836,172.50894721551595,-93.49864725887613,1.0000000000000001e-11,3.2231451949390633,1
3430.0,152.69830749524863,19.894000000000002,172.59230749524863,-93.58200753860882,1.0000000000000001e-11,3.161868451087959,1
3440.0,152.72359394582384,19.951999999999998,172.67559394582383,-93.66529398918402,1.0000000000000001e-11,3.101809009307261,1
3450.0,152.74880699585873,20.01,172.75880699585872,-93.74850703921891,1.0000000000000001e-11,3.0429428438982304,1
3460.0,152.77394707024877,20.067999999999998,172.84194707024875,-93.83164711360894,1.0000000000000001e-11,2.9852443274488767,1
3470.0,152.79901459021073,20.126,172.92501459021074,-93.91471463357092,1.0000000000000001e-11,2.9286878325472077,1
3480.0,152.82400997332485,20.184,173.00800997332485,-93.99771001668503,1.0000000000000001e-11,2.873250935207733,1
3490.0,152.84893363357685,20.242,173.09093363357684,-94.08063367693703,1.0000000000000001e-11,2.8189096097317092,1
3500.0,152.87378598139873,20.3,173.17378598139874,-94.16348602475892,1.0000000000000001e-11,2.765641432133643,1
3510.0,152.89856742370972,20.357999999999997,173.25656742370973,-94.24626746706991,1.0000000000000001e-11,2.71342558014129,1
3520.0,152.92327836395583,20.416,173.33927836395583,-94.32897840731601,1.0000000000000001e-11,2.6622364263426537,1
3530.0,152.9479192021497,20.473999999999997,173.4219192021497,-94.41161924550988,1.0000000000000001e-11,2.6120563518919897,1
3540.0,152.97249033490897,20.532,173.50449033490898,-94.49419037826917,1.0000000000000001e-11,2.5628629328038017,1
3550.0,152.9969921554951,20.59,173.5869921554951,-94.57669219885528,1.0000000000000001e-11,2.514636948519093,1
3560.0,153.02142505385075,20.648,173.66942505385074,-94.65912509721093,1.0000000000000001e-11,2.4673575767656155,1
3570.0,153.0457894166371,20.706,173.75178941663708,-94.74148945999727,1.0000000000000001e-11,2.4210039952711195,1
3580.0,153.07008562727071,20.764,173.83408562727072,-94.82378567063091,1.0000000000000001e-11,2.37556018690311,1
3590.0,153.09431406595962,20.822,173.91631406595963,-94.90601410931981,1.0000000000000001e-11,2.3310053293893356,1
3600.0,153.118475109739,20.88,173.998475109739,-94.98817515309918,1.0000000000000001e-11,2.287320202170796,1
3610.0,153.14256913250637,20.938,174.08056913250635,-95.07026917586654,1.0000000000000001e-11,2.2444903898282442,1
3620.0,153.1665965050566,20.996,174.1625965050566,-95.15229654841679,1.0000000000000001e-11,2.202495070089427,1
3630.0,153.19055759511548,21.054,174.24455759511548,-95.23425763847567,1.0000000000000001e-11,2.1613182258218453,1
3640.0,153.21445276737433,21.112,174.32645276737432,-95.31615281073451,1.0000000000000001e-11,2.1209438398929983,1
3650.0,153.23828238352274,21.169999999999998,174.40828238352273,-95.39798242688292,1.0000000000000001e-11,2.0813558951703843,1
3660.0,153.26204680228142,21.228,174.49004680228143,-95.47974684564161,1.0000000000000001e-11,2.0425367728082517,1
3670.0,153.285746379435,21.285999999999998,174.571746379435,-95.5614464227952,1.0000000000000001e-11,2.0044720573873485,1
3680.0,153.3093814678636,21.344,174.6533814678636,-95.64308151122378,1.0000000000000001e-11,1.9671457317751728,1
3690.0,153.33295241757446,21.401999999999997,174.73495241757445,-95.72465246093464,1.0000000000000001e-11,1.930541778839221,1
3700.0,153.35645957573314,21.46,174.81645957573315,-95.80615961909334,1.0000000000000001e-11,1.8946489865867433,1
3710.0,153.37990328669417,21.518,174.89790328669417,-95.88760333005436,1.0000000000000001e-11,1.8594481344587328,1
3720.0,153.4032838920312,21.576,174.9792838920312,-95.96898393539138,1.0000000000000001e-11,1.8249296121756908,1
3730.0,153.42660173056703,21.634,175.06060173056704,-96.05030177392723,1.0000000000000001e-11,1.7910774026051113,1
3740.0,153.44985713840282,21.692,175.14185713840283,-96.13155718176301,1.0000000000000001e-11,1.7578786920409921,1
3750.0,153.47305044894762,21.75,175.22305044894762,-96.2127504923078,1.0000000000000001e-11,1.7253190650640786,1
3760.0,153.49618199294645,21.808,175.30418199294644,-96.29388203630663,1.0000000000000001e-11,1.6933873096816183,1
3770.0,153.51925209850907,21.866,175.38525209850906,-96.37495214186924,1.0000000000000001e-11,1.6620706121876072,1
3780.0,153.54226109113773,21.924,175.46626109113774,-96.45596113449793,1.0000000000000001e-11,1.6313545571627897,1
3790.0,153.56520929375466,21.982,175.54720929375466,-96.53690933711485,1.0000000000000001e-11,1.6012295343276644,1
3800.0,153.58809702672943,22.04,175.62809702672942,-96.61779707008961,1.0000000000000001e-11,1.5716827299762257,1
3810.0,153.61092460790564,22.098,175.70892460790566,-96.69862465126585,1.0000000000000001e-11,1.5427013304024684,1
3820.0,153.6336923526274,22.156,175.7896923526274,-96.7793923959876,1.0000000000000001e-11,1.5142773270401415,1
3830.0,153.65640057376567,22.214,175.87040057376566,-96.86010061712585,1.0000000000000001e-11,1.4863963044699873,1
3840.0,153.67904958174387,22.272,175.95104958174386,-96.94074962510405,1.0000000000000001e-11,1.4590486524125026,1
3850.0,153.70163968456325,22.33,176.03163968456323,-97.02133972792342,1.0000000000000001e-11,1.4322231588749328,1
3860.0,153.72417118782835,22.387999999999998,176.11217118782835,-97.10187123118854,1.0000000000000001e-11,1.4059102135777732,1
3870.0,153.74664439477147,22.446,176.19264439477146,-97.18234443813165,1.0000000000000001e-11,1.380098604528269,1
3880.0,153.76905960627738,22.503999999999998,176.27305960627737,-97.26275964963756,1.0000000000000001e-11,1.3547787214469158,1
3890.0,153.7914171209074,22.562,176.3534171209074,-97.3431171642676,1.0000000000000001e-11,1.3299425557674605,1
3900.0,153.81371723492322,22.619999999999997,176.43371723492322,-97.42341727828341,1.0000000000000001e-11,1.3055772937838954,1
3910.0,153.8359602423106,22.678,176.5139602423106,-97.50366028567078,1.0000000000000001e-11,1.2816765286432186,1
3920.0,153.8581464348024,22.736,176.59414643480238,-97.58384647816257,1.0000000000000001e-11,1.2582290483526732,1
3930.0,153.88027610190176,22.794,176.67427610190177,-97.66397614526196,1.0000000000000001e-11,1.2352268443460057,1
3940.0,153.9023495309047,22.852,176.7543495309047,-97.74404957426489,1.0000000000000001e-11,1.2126619080569623,1
3950.0,153.9243670069224,22.91,176.8343670069224,-97.8240670502826,1.0000000000000001e-11,1.1905230274927852,1
3960.0,153.94632881290346,22.968,176.91432881290345,-97.90402885626364,1.0000000000000001e-11,1.1688037958004718,1
3970.0,153.96823522965553,23.026,176.99423522965554,-97.98393527301573,1.0000000000000001e-11,1.1474962044137678,1
3980.0,153.99008653586696,23.084,177.07408653586697,-98.06378657922716,1.0000000000000001e-11,1.126590643053167,1
3990.0,154.01188300812822,23.142,177.15388300812822,-98.1435830514884,1.0000000000000001e-11,1.1060791031524144,1
4000.0,154.0336249209525,23.2,177.23362492095248,-98.22332496431267,1.0000000000000001e-11,1.0859551778585068,1
