distance_m,FSPL_dB,path_loss_dB,Pr_dBm,SNR_dB,Eb_J,capacity_bps,outage_flag_cap
10.0,101.99020831627662,1101.9902083162767,-1101.9902083162767,-1013.9902083162767,1e-10,0.0,1
20.0,108.01080822955625,2108.0108082295565,-2108.0108082295565,-2020.0108082295565,1e-10,0.0,1
30.0,111.53263341066987,3111.53263341067,-3111.53263341067,-3023.53263341067,1e-10,0.0,1
40.0,114.03140814283587,4114.031408142836,-4114.031408142836,-4026.031408142836,1e-10,0.0,1
50.0,115.969608402997,5115.969608402997,-5115.969608402997,-5027.969608402997,1e-10,0.0,1
60.0,117.5532333239495,6117.55323332395,-6117.55323332395,-6029.55323332395,1e-10,0.0,1
70.0,118.89216911656176,7118.8921691165615,-7118.8921691165615,-7030.8921691165615,1e-10,0.0,1
80.0,120.0520080561155,8120.0520080561155,-8120.0520080561155,-8032.0520080561155,1e-10,0.0,1
90.0,121.07505850506313,9121.075058505063,-9121.075058505063,-9033.075058505063,1e-10,0.0,1
100.0,121.99020831627662,10121.990208316276,-10121.990208316276,-10033.990208316276,1e-10,0.0,1
110.0,122.81806201944113,11122.818062019442,-11122.818062019442,-11034.818062019442,1e-10,0.0,1
120.0,123.57383323722912,12123.57383323723,-12123.57383323723,-12035.57383323723,1e-10,0.0,1
130.0,124.26907536241336,13124.269075362414,-13124.269075362414,-13036.269075362414,1e-10,0.0,1
140.0,124.91276902984139,14124.912769029841,-14124.912769029841,-14036.912769029841,1e-10,0.0,1
150.0,125.51203349739025,15125.51203349739,-15125.51203349739,-15037.51203349739,1e-10,0.0,1
160.0,126.07260796939512,16126.072607969396,-16126.072607969396,-16038.072607969396,1e-10,0.0,1
170.0,126.5991867438421,17126.599186743842,-17126.599186743842,-17038.599186743842,1e-10,0.0,1
180.0,127.09565841834275,18127.095658418344,-18127.095658418344,-18039.095658418344,1e-10,0.0,1
190.0,127.5652803353332,19127.565280335333,-19127.565280335333,-19039.565280335333,1e-10,0.0,1
200.0,128.01080822955623,20128.010808229556,-20128.010808229556,-20040.010808229556,1e-10,0.0,1
210.0,128.434594210955,21128.434594210954,-21128.434594210954,-21040.434594210954,1e-10,0.0,1
220.0,128.83866193272075,22128.83866193272,-22128.83866193272,-22040.83866193272,1e-10,0.0,1
230.0,129.22476503662847,23129.22476503663,-23129.22476503663,-23041.22476503663,1e-10,0.0,1
240.0,129.59443315050873,24129.59443315051,-24129.59443315051,-24041.59443315051,1e-10,0.0,1
250.0,129.94900848971736,25129.94900848972,-25129.94900848972,-25041.94900848972,1e-10,0.0,1
260.0,130.28967527569299,26130.289675275693,-26130.289675275693,-26042.289675275693,1e-10,0.0,1
270.0,130.61748359945636,27130.617483599457,-27130.617483599457,-27042.617483599457,1e-10,0.0,1
280.0,130.933368943121,28130.933368943122,-28130.933368943122,-28042.933368943122,1e-10,0.0,1
290.0,131.23816827425574,29131.238168274256,-29131.238168274256,-29043.238168274256,1e-10,0.0,1
300.0,131.53263341066986,30131.53263341067,-30131.53263341067,-30043.53263341067,1e-10,0.0,1
310.0,131.8174421929621,31131.81744219296,-31131.81744219296,-31043.81744219296,1e-10,0.0,1
320.0,132.09320788267473,32132.093207882674,-32132.093207882674,-32044.093207882674,1e-10,0.0,1
330.0,132.36048711383438,33132.36048711384,-33132.36048711384,-33044.36048711384,1e-10,0.0,1
340.0,132.61978665712172,34132.619786657124,-34132.619786657124,-34044.619786657124,1e-10,0.0,1
350.0,132.87156920328212,35132.871569203286,-35132.871569203286,-35044.871569203286,1e-10,0.0,1
360.0,133.11625833162236,36133.116258331625,-36133.116258331625,-36045.116258331625,1e-10,0.0,1
370.0,133.3542427976165,37133.35424279761,-37133.35424279761,-37045.35424279761,1e-10,0.0,1
380.0,133.58588024861282,38133.58588024861,-38133.58588024861,-38045.58588024861,1e-10,0.0,1
390.0,133.8115004568066,39133.81150045681,-39133.81150045681,-39045.81150045681,1e-10,0.0,1
400.0,134.03140814283586,40134.03140814284,-40134.03140814284,-40046.03140814284,1e-10,0.0,1
410.0,134.24588545067132,41134.24588545067,-41134.24588545067,-41046.24588545067,1e-10,0.0,1
420.0,134.45519412423462,42134.45519412423,-42134.45519412423,-42046.45519412423,1e-10,0.0,1
430.0,134.65957742786836,43134.65957742787,-43134.65957742787,-43046.65957742787,1e-10,0.0,1
440.0,134.85926184600038,44134.859261846,-44134.859261846,-44046.859261846,1e-10,0.0,1
450.0,135.0544585917835,45135.05445859178,-45135.05445859178,-45047.05445859178,1e-10,0.0,1
460.0,135.2453649499081,46135.24536494991,-46135.24536494991,-46047.24536494991,1e-10,0.0,1
470.0,135.43216547499097,47135.43216547499,-47135.43216547499,-47047.43216547499,1e-10,0.0,1
480.0,135.61503306378836,48135.61503306379,-48135.61503306379,-48047.61503306379,1e-10,0.0,1
490.0,135.79412991684688,49135.794129916845,-49135.794129916845,-49047.794129916845,1e-10,0.0,1
500.0,135.96960840299698,50135.969608403,-50135.969608403,-50047.969608403,1e-10,0.0,1
510.0,136.14161183823535,51136.14161183823,-51136.14161183823,-51048.14161183823,1e-10,0.0,1
520.0,136.3102751889726,52136.310275188975,-52136.310275188975,-52048.310275188975,1e-10,0.0,1
530.0,136.4757257082924,53136.47572570829,-53136.47572570829,-53048.47572570829,1e-10,0.0,1
540.0,136.638083512736,54136.638083512735,-54136.638083512735,-54048.638083512735,1e-10,0.0,1
550.0,136.7974621061615,55136.79746210616,-55136.79746210616,-55048.79746210616,1e-10,0.0,1
560.0,136.95396885640062,56136.953968856404,-56136.953968856404,-56048.953968856404,1e-10,0.0,1
570.0,137.10770542972645,57137.10770542973,-57137.10770542973,-57049.10770542973,1e-10,0.0,1
580.0,137.25876818753537,58137.25876818754,-58137.25876818754,-58049.25876818754,1e-10,0.0,1
590.0,137.40724854911952,59137.40724854912,-59137.40724854912,-59049.40724854912,1e-10,0.0,1
600.0,137.55323332394948,60137.553233323946,-60137.553233323946,-60049.553233323946,1e-10,0.0,1
610.0,137.69680501649196,61137.696805016494,-61137.696805016494,-61049.696805016494,1e-10,0.0,1
620.0,137.83804210624172,62137.83804210624,-62137.83804210624,-62049.83804210624,1e-10,0.0,1
630.0,137.97701930534825,63137.97701930535,-63137.97701930535,-63049.97701930535,1e-10,0.0,1
640.0,138.11380779595436,64138.113807795955,-64138.113807795955,-64050.113807795955,1e-10,0.0,1
650.0,138.24847544913374,65138.24847544913,-65138.24847544913,-65050.24847544913,1e-10,0.0,1
660.0,138.381087027114,66138.38108702711,-66138.38108702711,-66050.38108702711,1e-10,0.0,1
670.0,138.51170437029316,67138.51170437029,-67138.51170437029,-67050.51170437029,1e-10,0.0,1
680.0,138.64038657040135,68138.6403865704,-68138.6403865704,-68050.6403865704,1e-10,0.0,1
690.0,138.76719013102172,69138.76719013102,-69138.76719013102,-69050.76719013102,1e-10,0.0,1
700.0,138.89216911656175,70138.89216911656,-70138.89216911656,-70050.89216911656,1e-10,0.0,1
710.0,139.01537529065814,71139.01537529066,-71139.01537529066,-71051.01537529066,1e-10,0.0,1
720.0,139.136858244902,72139.1368582449,-72139.1368582449,-72051.1368582449,1e-10,0.0,1
730.0,139.25666551868574,73139.25666551868,-73139.25666551868,-73051.25666551868,1e-10,0.0,1
740.0,139.37484271089613,74139.3748427109,-74139.3748427109,-74051.3748427109,1e-10,0.0,1
750.0,139.4914335841106,75139.49143358412,-75139.49143358412,-75051.49143358412,1e-10,0.0,1
760.0,139.60648016189245,76139.60648016189,-76139.60648016189,-76051.60648016189,1e-10,0.0,1
770.0,139.72002281972627,77139.72002281973,-77139.72002281973,-77051.72002281973,1e-10,0.0,1
780.0,139.83210037008624,78139.83210037008,-78139.83210037008,-78051.83210037008,1e-10,0.0,1
790.0,139.94275014208546,79139.94275014209,-79139.94275014209,-79051.94275014209,1e-10,0.0,1
800.0,140.05200805611548,80140.05200805611,-80140.05200805611,-80052.05200805611,1e-10,0.0,1
810.0,140.15990869384962,81140.15990869385,-81140.15990869385,-81052.15990869385,1e-10,0.0,1
820.0,140.26648536395095,82140.26648536396,-82140.26648536396,-82052.26648536396,1e-10,0.0,1
830.0,140.3717701637981,83140.3717701638,-83140.3717701638,-83052.3717701638,1e-10,0.0,1
840.0,140.47579403751425,84140.47579403751,-84140.47579403751,-84052.47579403751,1e-10,0.0,1
850.0,140.57858683056247,85140.57858683057,-85140.57858683057,-85052.57858683057,1e-10,0.0,1
860.0,140.68017734114795,86140.68017734114,-86140.68017734114,-86052.68017734114,1e-10,0.0,1
870.0,140.780593368649,87140.78059336865,-87140.78059336865,-87052.78059336865,1e-10,0.0,1
880.0,140.87986175928,88140.87986175928,-88140.87986175928,-88052.87986175928,1e-10,0.0,1
890.0,140.9780084491749,89140.97800844918,-89140.97800844918,-89052.97800844918,1e-10,0.0,1
900.0,141.0750585050631,90141.07505850507,-90141.07505850507,-90053.07505850507,1e-10,0.0,1
910.0,141.1710361626985,91141.1710361627,-91141.1710361627,-91053.1710361627,1e-10,0.0,1
920.0,141.26596486318772,92141.26596486318,-92141.26596486318,-92053.26596486318,1e-10,0.0,1
930.0,141.35986728735534,93141.35986728735,-93141.35986728735,-93053.35986728735,1e-10,0.0,1
940.0,141.4527653882706,94141.45276538827,-94141.45276538827,-94053.45276538827,1e-10,0.0,1
950.0,141.54468042205357,95141.54468042206,-95141.54468042206,-95053.54468042206,1e-10,0.0,1
960.0,141.63563297706798,96141.63563297706,-96141.63563297706,-96053.63563297706,1e-10,0.0,1
970.0,141.72564300160153,97141.7256430016,-97141.7256430016,-97053.7256430016,1e-10,0.0,1
980.0,141.8147298301265,98141.81472983013,-98141.81472983013,-98053.81472983013,1e-10,0.0,1
990.0,141.90291220822763,99141.90291220823,-99141.90291220823,-99053.90291220823,1e-10,0.0,1
1000.0,141.9902083162766,100141.99020831627,-100141.99020831627,-100053.99020831627,1e-10,0.0,1
1010.0,142.07663579192948,101142.07663579193,-101142.07663579193,-101054.07663579193,1e-10,0.0,1
1020.0,142.16221175151497,102142.16221175152,-102142.16221175152,-102054.16221175152,1e-10,0.0,1
1030.0,142.24695281038007,103142.24695281038,-103142.24695281038,-103054.24695281038,1e-10,0.0,1
1040.0,142.33087510225224,104142.33087510226,-104142.33087510226,-104054.33087510226,1e-10,0.0,1
1050.0,142.41399429767537,105142.41399429768,-105142.41399429768,-105054.41399429768,1e-10,0.0,1
1060.0,142.49632562157203,106142.49632562157,-106142.49632562157,-106054.49632562157,1e-10,0.0,1
1070.0,142.5778838699808,107142.57788386998,-107142.57788386998,-107054.57788386998,1e-10,0.0,1
1080.0,142.6586834260156,108142.65868342601,-108142.65868342601,-108054.65868342601,1e-10,0.0,1
1090.0,142.7387382750891,109142.73873827509,-109142.73873827509,-109054.73873827509,1e-10,0.0,1
1100.0,142.81806201944113,110142.81806201945,-110142.81806201945,-110054.81806201945,1e-10,0.0,1
1110.0,142.89666789200976,111142.89666789201,-111142.89666789201,-111054.89666789201,1e-10,0.0,1
1120.0,142.97456876968025,112142.97456876968,-112142.97456876968,-112054.97456876968,1e-10,0.0,1
1130.0,143.051777185945,113143.05177718594,-113143.05177718594,-113055.05177718594,1e-10,0.0,1
1140.0,143.12830534300608,114143.12830534301,-114143.12830534301,-114055.12830534301,1e-10,0.0,1
1150.0,143.20416512334884,115143.20416512334,-115143.20416512334,-115055.20416512334,1e-10,0.0,1
1160.0,143.279368100815,116143.27936810082,-116143.27936810082,-116055.27936810082,1e-10,0.0,1
1170.0,143.35392555119986,117143.3539255512,-117143.3539255512,-117055.3539255512,1e-10,0.0,1
1180.0,143.42784846239914,118143.4278484624,-118143.4278484624,-118055.4278484624,1e-10,0.0,1
1190.0,143.50114754412724,119143.50114754413,-119143.50114754413,-119055.50114754413,1e-10,0.0,1
1200.0,143.5738332372291,120143.57383323723,-120143.57383323723,-120055.57383323723,1e-10,0.0,1
1210.0,143.64591572260562,121143.6459157226,-121143.6459157226,-121055.6459157226,1e-10,0.0,1
1220.0,143.7174049297716,122143.71740492978,-122143.71740492978,-122055.71740492978,1e-10,0.0,1
1230.0,143.78831054506458,123143.78831054506,-123143.78831054506,-123055.78831054506,1e-10,0.0,1
1240.0,143.85864201952134,124143.85864201952,-124143.85864201952,-124055.85864201952,1e-10,0.0,1
1250.0,143.92840857643773,125143.92840857644,-125143.92840857644,-125055.92840857644,1e-10,0.0,1
1260.0,143.99761921862788,126143.99761921863,-126143.99761921863,-126055.99761921863,1e-10,0.0,1
1270.0,144.06628273539576,127144.0662827354,-127144.0662827354,-127056.0662827354,1e-10,0.0,1
1280.0,144.13440770923398,128144.13440770924,-128144.13440770924,-128056.13440770924,1e-10,0.0,1
1290.0,144.20200252226158,129144.20200252226,-129144.20200252226,-129056.20200252226,1e-10,0.0,1
1300.0,144.26907536241336,130144.26907536242,-130144.26907536242,-130056.26907536242,1e-10,0.0,1
1310.0,144.3356342293919,131144.33563422938,-131144.33563422938,-131056.33563422938,1e-10,0.0,1
1320.0,144.40168694039363,132144.4016869404,-132144.4016869404,-132056.4016869404,1e-10,0.0,1
1330.0,144.46724113561834,133144.46724113563,-133144.46724113563,-133056.46724113563,1e-10,0.0,1
1340.0,144.53230428357278,134144.53230428358,-134144.53230428358,-134056.53230428358,1e-10,0.0,1
1350.0,144.59688368617674,135144.59688368617,-135144.59688368617,-135056.59688368617,1e-10,0.0,1
1360.0,144.66098648368097,136144.66098648368,-136144.66098648368,-136056.66098648368,1e-10,0.0,1
1370.0,144.72461965940477,137144.7246196594,-137144.7246196594,-137056.7246196594,1e-10,0.0,1
1380.0,144.78779004430135,138144.7877900443,-138144.7877900443,-138056.7877900443,1e-10,0.0,1
1390.0,144.85050432135853,139144.85050432137,-139144.85050432137,-139056.85050432137,1e-10,0.0,1
1400.0,144.91276902984137,140144.91276902985,-140144.91276902985,-140056.91276902985,1e-10,0.0,1
1410.0,144.97459056938422,141144.97459056939,-141144.97459056939,-141056.97459056939,1e-10,0.0,1
1420.0,145.03597520393777,142145.03597520394,-142145.03597520394,-142057.03597520394,1e-10,0.0,1
1430.0,145.09692906557785,143145.0969290656,-143145.0969290656,-143057.0969290656,1e-10,0.0,1
1440.0,145.1574581581816,144145.15745815818,-144145.15745815818,-144057.15745815818,1e-10,0.0,1
1450.0,145.21756836097612,145145.21756836097,-145145.21756836097,-145057.21756836097,1e-10,0.0,1
1460.0,145.27726543196536,146145.27726543197,-146145.27726543197,-146057.27726543197,1e-10,0.0,1
1470.0,145.33655501124014,147145.33655501125,-147145.33655501125,-147057.33655501125,1e-10,0.0,1
1480.0,145.39544262417576,148145.39544262417,-148145.39544262417,-148057.39544262417,1e-10,0.0,1
1490.0,145.4539336845221,149145.45393368453,-149145.45393368453,-149057.45393368453,1e-10,0.0,1
1500.0,145.51203349739023,150145.5120334974,-150145.5120334974,-150057.5120334974,1e-10,0.0,1
1510.0,145.56974726214003,151145.56974726214,-151145.56974726214,-151057.56974726214,1e-10,0.0,1
1520.0,145.62708007517207,152145.62708007518,-152145.62708007518,-152057.62708007518,1e-10,0.0,1
1530.0,145.6840369326286,153145.68403693262,-153145.68403693262,-153057.68403693262,1e-10,0.0,1
1540.0,145.7406227330059,154145.740622733,-154145.740622733,-154057.740622733,1e-10,0.0,1
1550.0,145.79684227968247,155145.79684227967,-155145.79684227967,-155057.79684227967,1e-10,0.0,1
1560.0,145.85270028336586,156145.85270028337,-156145.85270028337,-156057.85270028337,1e-10,0.0,1
1570.0,145.9082013644613,157145.90820136445,-157145.90820136445,-157057.90820136445,1e-10,0.0,1
1580.0,145.96335005536508,158145.96335005536,-158145.96335005536,-158057.96335005536,1e-10,0.0,1
1590.0,146.01815080268565,159146.01815080267,-159146.01815080267,-159058.01815080267,1e-10,0.0,1
1600.0,146.0726079693951,160146.0726079694,-160146.0726079694,-160058.0726079694,1e-10,0.0,1
1610.0,146.1267258369136,161146.12672583692,-161146.12672583692,-161058.12672583692,1e-10,0.0,1
1620.0,146.18050860712924,162146.18050860713,-162146.18050860713,-162058.18050860713,1e-10,0.0,1
1630.0,146.23396040435577,163146.23396040435,-163146.23396040435,-163058.23396040435,1e-10,0.0,1
1640.0,146.28708527723057,164146.28708527723,-164146.28708527723,-164058.28708527723,1e-10,0.0,1
1650.0,146.33988720055476,165146.33988720056,-165146.33988720056,-165058.33988720056,1e-10,0.0,1
1660.0,146.39237007707771,166146.39237007708,-166146.39237007708,-166058.39237007708,1e-10,0.0,1
1670.0,146.44453773922828,167146.44453773924,-167146.44453773924,-167058.44453773924,1e-10,0.0,1
1680.0,146.49639395079387,168146.4963939508,-168146.4963939508,-168058.4963939508,1e-10,0.0,1
1690.0,146.54794240855009,169146.54794240856,-169146.54794240856,-169058.54794240856,1e-10,0.0,1
1700.0,146.5991867438421,170146.59918674384,-170146.59918674384,-170058.59918674384,1e-10,0.0,1
1710.0,146.6501305241197,171146.65013052413,-171146.65013052413,-171058.65013052413,1e-10,0.0,1
1720.0,146.70077725442758,172146.70077725442,-172146.70077725442,-172058.70077725442,1e-10,0.0,1
1730.0,146.75113037885254,173146.75113037886,-173146.75113037886,-173058.75113037886,1e-10,0.0,1
1740.0,146.80119328192862,174146.80119328192,-174146.80119328192,-174058.80119328192,1e-10,0.0,1
1750.0,146.8509692900025,175146.85096929,-175146.85096929,-175058.85096929,1e-10,0.0,1
1760.0,146.90046167255963,176146.90046167257,-176146.90046167257,-176058.90046167257,1e-10,0.0,1
1770.0,146.94967364351277,177146.9496736435,-177146.9496736435,-177058.9496736435,1e-10,0.0,1
1780.0,146.99860836245452,178146.99860836245,-178146.99860836245,-178058.99860836245,1e-10,0.0,1
1790.0,147.04726893587448,179147.0472689359,-179147.0472689359,-179059.0472689359,1e-10,0.0,1
1800.0,147.09565841834274,180147.09565841834,-180147.09565841834,-180059.09565841834,1e-10,0.0,1
1810.0,147.1437798136603,181147.14377981366,-181147.14377981366,-181059.14377981366,1e-10,0.0,1
1820.0,147.19163607597812,182147.19163607596,-182147.19163607596,-182059.19163607596,1e-10,0.0,1
1830.0,147.23923011088522,183147.2392301109,-183147.2392301109,-183059.2392301109,1e-10,0.0,1
1840.0,147.28656477646734,184147.28656477647,-184147.28656477647,-184059.28656477647,1e-10,0.0,1
1850.0,147.33364288433688,185147.33364288433,-185147.33364288433,-185059.33364288433,1e-10,0.0,1
1860.0,147.38046720063497,186147.38046720062,-186147.38046720062,-186059.38046720062,1e-10,0.0,1
1870.0,147.42704044700662,187147.42704044702,-187147.42704044702,-187059.42704044702,1e-10,0.0,1
1880.0,147.47336530155022,188147.47336530156,-188147.47336530156,-188059.47336530156,1e-10,0.0,1
1890.0,147.5194443997415,189147.51944439975,-189147.51944439975,-189059.51944439975,1e-10,0.0,1
1900.0,147.5652803353332,190147.56528033534,-190147.56528033534,-190059.56528033534,1e-10,0.0,1
1910.0,147.61087566123118,191147.61087566122,-191147.61087566122,-191059.61087566122,1e-10,0.0,1
1920.0,147.6562328903476,192147.65623289035,-192147.65623289035,-192059.65623289035,1e-10,0.0,1
1930.0,147.7013544964321,193147.70135449644,-193147.70135449644,-193059.70135449644,1e-10,0.0,1
1940.0,147.74624291488115,194147.74624291487,-194147.74624291487,-194059.74624291487,1e-10,0.0,1
1950.0,147.790900543527,195147.79090054354,-195147.79090054354,-195059.79090054354,1e-10,0.0,1
1960.0,147.83532974340613,196147.8353297434,-196147.8353297434,-196059.8353297434,1e-10,0.0,1
1970.0,147.8795328395085,197147.87953283952,-197147.87953283952,-197059.87953283952,1e-10,0.0,1
1980.0,147.92351212150723,198147.92351212152,-198147.92351212152,-198059.92351212152,1e-10,0.0,1
1990.0,147.96726984447076,199147.96726984446,-199147.96726984446,-199059.96726984446,1e-10,0.0,1
2000.0,148.01080822955623,200148.01080822956,-200148.01080822956,-200060.01080822956,1e-10,0.0,1
2010.0,148.0541294646864,201148.0541294647,-201148.0541294647,-201060.0541294647,1e-10,0.0,1
2020.0,148.0972357052091,202148.0972357052,-202148.0972357052,-202060.0972357052,1e-10,0.0,1
2030.0,148.14012907454088,203148.14012907454,-203148.14012907454,-203060.14012907454,1e-10,0.0,1
2040.0,148.1828116647946,204148.1828116648,-204148.1828116648,-204060.1828116648,1e-10,0.0,1
2050.0,148.2252855373917,205148.2252855374,-205148.2252855374,-205060.2252855374,1e-10,0.0,1
2060.0,148.2675527236597,206148.26755272367,-206148.26755272367,-206060.26755272367,1e-10,0.0,1
2070.0,148.30961522541497,207148.30961522541,-207148.30961522541,-207060.30961522541,1e-10,0.0,1
2080.0,148.35147501553186,208148.35147501554,-208148.35147501554,-208060.35147501554,1e-10,0.0,1
2090.0,148.3931340384977,209148.3931340385,-209148.3931340385,-209060.3931340385,1e-10,0.0,1
2100.0,148.434594210955,210148.43459421096,-210148.43459421096,-210060.43459421096,1e-10,0.0,1
2110.0,148.4758574222305,211148.47585742222,-211148.47585742222,-211060.47585742222,1e-10,0.0,1
2120.0,148.51692553485165,212148.51692553484,-212148.51692553484,-212060.51692553484,1e-10,0.0,1
2130.0,148.5578003850514,213148.55780038505,-213148.55780038505,-213060.55780038505,1e-10,0.0,1
2140.0,148.59848378326043,214148.59848378325,-214148.59848378325,-214060.59848378325,1e-10,0.0,1
2150.0,148.63897751458873,215148.63897751458,-215148.63897751458,-215060.63897751458,1e-10,0.0,1
2160.0,148.67928333929524,216148.6792833393,-216148.6792833393,-216060.6792833393,1e-10,0.0,1
2170.0,148.71940299324723,217148.71940299324,-217148.71940299324,-217060.71940299324,1e-10,0.0,1
2180.0,148.75933818836873,218148.75933818836,-218148.75933818836,-218060.75933818836,1e-10,0.0,1
2190.0,148.799090613079,219148.7990906131,-219148.7990906131,-219060.7990906131,1e-10,0.0,1
2200.0,148.83866193272075,220148.8386619327,-220148.8386619327,-220060.8386619327,1e-10,0.0,1
2210.0,148.87805378997885,221148.87805379,-221148.87805379,-221060.87805379,1e-10,0.0,1
2220.0,148.91726780528938,222148.9172678053,-222148.9172678053,-222060.9172678053,1e-10,0.0,1
2230.0,148.95630557723985,223148.95630557725,-223148.95630557725,-223060.95630557725,1e-10,0.0,1
2240.0,148.99516868295987,224148.99516868297,-224148.99516868297,-224060.99516868297,1e-10,0.0,1
2250.0,149.03385867850386,225149.0338586785,-225149.0338586785,-225061.0338586785,1e-10,0.0,1
2260.0,149.07237709922464,226149.07237709922,-226149.07237709922,-226061.07237709922,1e-10,0.0,1
2270.0,149.11072546013907,227149.11072546014,-227149.11072546014,-227061.11072546014,1e-10,0.0,1
2280.0,149.1489052562857,228149.1489052563,-228149.1489052563,-228061.1489052563,1e-10,0.0,1
2290.0,149.1869179630744,229149.1869179631,-229149.1869179631,-229061.1869179631,1e-10,0.0,1
2300.0,149.22476503662847,230149.22476503663,-230149.22476503663,-230061.22476503663,1e-10,0.0,1
2310.0,149.26244791411952,231149.2624479141,-231149.2624479141,-231061.2624479141,1e-10,0.0,1
2320.0,149.29996801409462,232149.2999680141,-232149.2999680141,-232061.2999680141,1e-10,0.0,1
2330.0,149.337326736797,233149.3373267368,-233149.3373267368,-233061.3373267368,1e-10,0.0,1
2340.0,149.3745254644795,234149.3745254645,-234149.3745254645,-234061.3745254645,1e-10,0.0,1
2350.0,149.41156556171134,235149.41156556172,-235149.41156556172,-235061.41156556172,1e-10,0.0,1
2360.0,149.44844837567877,236149.44844837568,-236149.44844837568,-236061.44844837568,1e-10,0.0,1
2370.0,149.4851752364787,237149.48517523648,-237149.48517523648,-237061.48517523648,1e-10,0.0,1
2380.0,149.52174745740686,238149.52174745742,-238149.52174745742,-238061.52174745742,1e-10,0.0,1
2390.0,149.55816633523938,239149.55816633525,-239149.55816633525,-239061.55816633525,1e-10,0.0,1
2400.0,149.59443315050873,240149.59443315052,-240149.59443315052,-240061.59443315052,1e-10,0.0,1
2410.0,149.63054916777398,241149.63054916778,-241149.63054916778,-241061.63054916778,1e-10,0.0,1
2420.0,149.66651563588525,242149.66651563588,-242149.66651563588,-242061.66651563588,1e-10,0.0,1
2430.0,149.70233378824287,243149.70233378824,-243149.70233378824,-243061.70233378824,1e-10,0.0,1
2440.0,149.73800484305121,244149.73800484306,-244149.73800484306,-244061.73800484306,1e-10,0.0,1
2450.0,149.77353000356726,245149.77353000356,-245149.77353000356,-245061.77353000356,1e-10,0.0,1
2460.0,149.8089104583442,246149.80891045835,-246149.80891045835,-246061.80891045835,1e-10,0.0,1
2470.0,149.84414738146992,247149.84414738146,-247149.84414738146,-247061.84414738146,1e-10,0.0,1
2480.0,149.87924193280097,248149.8792419328,-248149.8792419328,-248061.8792419328,1e-10,0.0,1
2490.0,149.91419525819134,249149.9141952582,-249149.9141952582,-249061.9141952582,1e-10,0.0,1
2500.0,149.94900848971736,250149.94900848973,-250149.94900848973,-250061.94900848973,1e-10,0.0,1
2510.0,149.9836827458974,251149.9836827459,-251149.9836827459,-251061.9836827459,1e-10,0.0,1
2520.0,150.0182191319075,252150.01821913192,-252150.01821913192,-252062.01821913192,1e-10,0.0,1
2530.0,150.052618739793,253150.0526187398,-253150.0526187398,-253062.0526187398,1e-10,0.0,1
2540.0,150.08688264867538,254150.08688264867,-254150.08688264867,-254062.08688264867,1e-10,0.0,1
2550.0,150.12101192495572,255150.12101192496,-255150.12101192496,-255062.12101192496,1e-10,0.0,1
2560.0,150.1550076225136,256150.15500762252,-256150.15500762252,-256062.15500762252,1e-10,0.0,1
2570.0,150.1888707829025,257150.1888707829,-257150.1888707829,-257062.1888707829,1e-10,0.0,1
2580.0,150.2226024355412,258150.22260243553,-258150.22260243553,-258062.22260243553,1e-10,0.0,1
2590.0,150.25620359790165,259150.2562035979,-259150.2562035979,-259062.2562035979,1e-10,0.0,1
2600.0,150.28967527569299,260150.28967527568,-260150.28967527568,-260062.28967527568,1e-10,0.0,1
2610.0,150.32301846304225,261150.32301846304,-261150.32301846304,-261062.32301846304,1e-10,0.0,1
2620.0,150.35623414267152,262150.3562341427,-262150.3562341427,-262062.35623414267,1e-10,0.0,1
2630.0,150.38932328607177,263150.3893232861,-263150.3893232861,-263062.3893232861,1e-10,0.0,1
2640.0,150.42228685367326,264150.42228685366,-264150.42228685366,-264062.42228685366,1e-10,0.0,1
2650.0,150.45512579501278,265150.45512579504,-265150.45512579504,-265062.45512579504,1e-10,0.0,1
2660.0,150.48784104889796,266150.4878410489,-266150.4878410489,-266062.4878410489,1e-10,0.0,1
2670.0,150.52043354356815,267150.52043354354,-267150.52043354354,-267062.52043354354,1e-10,0.0,1
2680.0,150.5529041968524,268150.55290419684,-268150.55290419684,-268062.55290419684,1e-10,0.0,1
2690.0,150.5852539163248,269150.58525391633,-269150.58525391633,-269062.58525391633,1e-10,0.0,1
2700.0,150.61748359945636,270150.61748359946,-270150.61748359946,-270062.61748359946,1e-10,0.0,1
2710.0,150.64959413376474,271150.6495941338,-271150.6495941338,-271062.6495941338,1e-10,0.0,1
2720.0,150.6815863969606,272150.68158639694,-272150.68158639694,-272062.68158639694,1e-10,0.0,1
2730.0,150.71346125709175,273150.7134612571,-273150.7134612571,-273062.7134612571,1e-10,0.0,1
2740.0,150.7452195726844,274150.7452195727,-274150.7452195727,-274062.7452195727,1e-10,0.0,1
2750.0,150.77686219288188,275150.7768621929,-275150.7768621929,-275062.7768621929,1e-10,0.0,1
2760.0,150.80838995758097,276150.8083899576,-276150.8083899576,-276062.8083899576,1e-10,0.0,1
2770.0,150.8398036975656,277150.83980369754,-277150.83980369754,-277062.83980369754,1e-10,0.0,1
2780.0,150.87110423463815,278150.87110423465,-278150.87110423465,-278062.87110423465,1e-10,0.0,1
2790.0,150.90229238174857,279150.90229238174,-279150.90229238174,-279062.90229238174,1e-10,0.0,1
2800.0,150.933368943121,280150.9333689431,-280150.9333689431,-280062.9333689431,1e-10,0.0,1
2810.0,150.96433471437823,281150.9643347144,-281150.9643347144,-281062.9643347144,1e-10,0.0,1
2820.0,150.99519048266384,282150.99519048264,-282150.99519048264,-282062.99519048264,1e-10,0.0,1
2830.0,151.02593702676242,283151.0259370268,-283151.0259370268,-283063.0259370268,1e-10,0.0,1
2840.0,151.0565751172174,284151.0565751172,-284151.0565751172,-284063.0565751172,1e-10,0.0,1
2850.0,151.08710551644683,285151.08710551646,-285151.08710551646,-285063.08710551646,1e-10,0.0,1
2860.0,151.11752897885748,286151.11752897885,-286151.11752897885,-286063.11752897885,1e-10,0.0,1
2870.0,151.14784625095646,287151.14784625097,-287151.14784625097,-287063.14784625097,1e-10,0.0,1
2880.0,151.17805807146124,288151.17805807147,-288151.17805807147,-288063.17805807147,1e-10,0.0,1
2890.0,151.2081651714076,289151.2081651714,-289151.2081651714,-289063.2081651714,1e-10,0.0,1
2900.0,151.23816827425574,290151.2381682742,-290151.2381682742,-290063.2381682742,1e-10,0.0,1
2910.0,151.26806809599478,291151.268068096,-291151.268068096,-291063.268068096,1e-10,0.0,1
2920.0,151.297865345245,292151.29786534526,-292151.29786534526,-292063.29786534526,1e-10,0.0,1
2930.0,151.32756072335883,293151.32756072335,-293151.32756072335,-293063.32756072335,1e-10,0.0,1
2940.0,151.35715492451976,294151.35715492454,-294151.35715492454,-294063.35715492454,1e-10,0.0,1
2950.0,151.3866486358399,295151.38664863585,-295151.38664863585,-295063.38664863585,1e-10,0.0,1
2960.0,151.41604253745538,296151.4160425374,-296151.4160425374,-296063.4160425374,1e-10,0.0,1
2970.0,151.44533730262086,297151.44533730263,-297151.44533730263,-297063.44533730263,1e-10,0.0,1
2980.0,151.47453359780172,298151.4745335978,-298151.4745335978,-298063.4745335978,1e-10,0.0,1
2990.0,151.50363208276522,299151.5036320828,-299151.5036320828,-299063.5036320828,1e-10,0.0,1
3000.0,151.53263341066986,300151.53263341065,-300151.53263341065,-300063.53263341065,1e-10,0.0,1
3010.0,151.5615382281535,301151.5615382281,-301151.5615382281,-301063.5615382281,1e-10,0.0,1
3020.0,151.59034717541965,302151.5903471754,-302151.5903471754,-302063.5903471754,1e-10,0.0,1
3030.0,151.6190608863227,303151.6190608863,-303151.6190608863,-303063.6190608863,1e-10,0.0,1
3040.0,151.6476799884517,304151.64767998847,-304151.64767998847,-304063.64767998847,1e-10,0.0,1
3050.0,151.67620510321234,305151.6762051032,-305151.6762051032,-305063.6762051032,1e-10,0.0,1
3060.0,151.70463684590823,306151.7046368459,-306151.7046368459,-306063.7046368459,1e-10,0.0,1
3070.0,151.73297582582035,307151.73297582584,-307151.73297582584,-307063.73297582584,1e-10,0.0,1
3080.0,151.76122264628552,308151.7612226463,-308151.7612226463,-308063.7612226463,1e-10,0.0,1
3090.0,151.78937790477332,309151.7893779048,-309151.7893779048,-309063.7893779048,1e-10,0.0,1
3100.0,151.8174421929621,310151.817442193,-310151.817442193,-310063.817442193,1e-10,0.0,1
3110.0,151.84541609681338,311151.8454160968,-311151.8454160968,-311063.8454160968,1e-10,0.0,1
3120.0,151.8733001966455,312151.87330019666,-312151.87330019666,-312063.87330019666,1e-10,0.0,1
3130.0,151.90109506720557,313151.9010950672,-313151.9010950672,-313063.9010950672,1e-10,0.0,1
3140.0,151.92880127774092,314151.92880127777,-314151.92880127777,-314063.92880127777,1e-10,0.0,1
3150.0,151.95641939206863,315151.9564193921,-315151.9564193921,-315063.9564193921,1e-10,0.0,1
3160.0,151.9839499686447,316151.98394996865,-316151.98394996865,-316063.98394996865,1e-10,0.0,1
3170.0,152.01139356063166,317152.0113935606,-317152.0113935606,-317064.0113935606,1e-10,0.0,1
3180.0,152.03875071596528,318152.03875071596,-318152.03875071596,-318064.03875071596,1e-10,0.0,1
3190.0,152.06602197742023,319152.0660219774,-319152.0660219774,-319064.0660219774,1e-10,0.0,1
3200.0,152.09320788267473,320152.09320788266,-320152.09320788266,-320064.09320788266,1e-10,0.0,1
3210.0,152.12030896437406,321152.1203089644,-321152.1203089644,-321064.1203089644,1e-10,0.0,1
3220.0,152.14732575019323,322152.1473257502,-322152.1473257502,-322064.1473257502,1e-10,0.0,1
3230.0,152.1742587628987,323152.1742587629,-323152.1742587629,-323064.1742587629,1e-10,0.0,1
3240.0,152.20110852040887,324152.2011085204,-324152.2011085204,-324064.2011085204,1e-10,0.0,1
3250.0,152.2278755358541,325152.22787553584,-325152.22787553584,-325064.22787553584,1e-10,0.0,1
3260.0,152.2545603176354,326152.2545603176,-326152.2545603176,-326064.2545603176,1e-10,0.0,1
3270.0,152.28116336948236,327152.2811633695,-327152.2811633695,-327064.2811633695,1e-10,0.0,1
3280.0,152.3076851905102,328152.3076851905,-328152.3076851905,-328064.3076851905,1e-10,0.0,1
3290.0,152.3341262752761,329152.33412627527,-329152.33412627527,-329064.33412627527,1e-10,0.0,1
3300.0,152.36048711383438,330152.3604871138,-330152.3604871138,-330064.3604871138,1e-10,0.0,1
3310.0,152.386768191791,331152.3867681918,-331152.3867681918,-331064.3867681918,1e-10,0.0,1
3320.0,152.41296999035734,332152.41296999034,-332152.41296999034,-332064.41296999034,1e-10,0.0,1
3330.0,152.439092986403,333152.4390929864,-333152.4390929864,-333064.4390929864,1e-10,0.0,1
3340.0,152.4651376525079,334152.4651376525,-334152.4651376525,-334064.4651376525,1e-10,0.0,1
3350.0,152.49110445701353,335152.491104457,-335152.491104457,-335064.491104457,1e-10,0.0,1
3360.0,152.5169938640735,336152.5169938641,-336152.5169938641,-336064.5169938641,1e-10,0.0,1
3370.0,152.5428063337034,337152.5428063337,-337152.5428063337,-337064.5428063337,1e-10,0.0,1
3380.0,152.5685423218297,338152.56854232185,-338152.56854232185,-338064.56854232185,1e-10,0.0,1
3390.0,152.59420228033827,339152.59420228034,-339152.59420228034,-339064.59420228034,1e-10,0.0,1
3400.0,152.61978665712172,340152.6197866571,-340152.6197866571,-340064.6197866571,1e-10,0.0,1
3410.0,152.64529589612658,341152.6452958961,-341152.6452958961,-341064.6452958961,1e-10,0.0,1
3420.0,152.67073043739933,342152.6707304374,-342152.6707304374,-342064.6707304374,1e-10,0.0,1
3430.0,152.69609071713202,343152.69609071716,-343152.69609071716,-343064.69609071716,1e-10,0.0,1
3440.0,152.7213771677072,344152.72137716773,-344152.72137716773,-344064.72137716773,1e-10,0.0,1
3450.0,152.7465902177421,345152.74659021775,-345152.74659021775,-345064.74659021775,1e-10,0.0,1
3460.0,152.77173029213216,346152.7717302921,-346152.7717302921,-346064.7717302921,1e-10,0.0,1
3470.0,152.7967978120941,347152.7967978121,-347152.7967978121,-347064.7967978121,1e-10,0.0,1
3480.0,152.82179319520824,348152.8217931952,-348152.8217931952,-348064.8217931952,1e-10,0.0,1
3490.0,152.84671685546022,349152.8467168555,-349152.8467168555,-349064.8467168555,1e-10,0.0,1
3500.0,152.87156920328212,350152.8715692033,-350152.8715692033,-350064.8715692033,1e-10,0.0,1
3510.0,152.89635064559312,351152.8963506456,-351152.8963506456,-351064.8963506456,1e-10,0.0,1
3520.0,152.92106158583925,352152.92106158583,-352152.92106158583,-352064.92106158583,1e-10,0.0,1
3530.0,152.94570242403307,353152.94570242404,-353152.94570242404,-353064.94570242404,1e-10,0.0,1
3540.0,152.97027355679236,354152.97027355677,-354152.97027355677,-354064.97027355677,1e-10,0.0,1
3550.0,152.99477537737852,355152.9947753774,-355152.9947753774,-355064.9947753774,1e-10,0.0,1
3560.0,153.01920827573414,356153.0192082757,-356153.0192082757,-356065.0192082757,1e-10,0.0,1
3570.0,153.0435726385205,357153.04357263853,-357153.04357263853,-357065.04357263853,1e-10,0.0,1
3580.0,153.0678688491541,358153.06786884915,-358153.06786884915,-358065.06786884915,1e-10,0.0,1
3590.0,153.09209728784302,359153.0920972878,-359153.0920972878,-359065.0920972878,1e-10,0.0,1
3600.0,153.11625833162236,360153.11625833163,-360153.11625833163,-360065.11625833163,1e-10,0.0,1
3610.0,153.14035235438976,361153.1403523544,-361153.1403523544,-361065.1403523544,1e-10,0.0,1
3620.0,153.16437972693993,362153.1643797269,-362153.1643797269,-362065.1643797269,1e-10,0.0,1
3630.0,153.18834081699887,363153.188340817,-363153.188340817,-363065.188340817,1e-10,0.0,1
3640.0,153.21223598925775,364153.2122359893,-364153.2122359893,-364065.2122359893,1e-10,0.0,1
3650.0,153.2360656054061,365153.2360656054,-365153.2360656054,-365065.2360656054,1e-10,0.0,1
3660.0,153.25983002416484,366153.25983002415,-366153.25983002415,-366065.25983002415,1e-10,0.0,1
3670.0,153.2835296013184,367153.2835296013,-367153.2835296013,-367065.2835296013,1e-10,0.0,1
3680.0,153.30716468974697,368153.30716468976,-368153.30716468976,-368065.30716468976,1e-10,0.0,1
3690.0,153.33073563945783,369153.33073563944,-369153.33073563944,-369065.33073563944,1e-10,0.0,1
3700.0,153.3542427976165,370153.3542427976,-370153.3542427976,-370065.3542427976,1e-10,0.0,1
3710.0,153.37768650857754,371153.3776865086,-371153.3776865086,-371065.3776865086,1e-10,0.0,1
3720.0,153.4010671139146,372153.4010671139,-372153.4010671139,-372065.4010671139,1e-10,0.0,1
3730.0,153.42438495245037,373153.42438495246,-373153.42438495246,-373065.42438495246,1e-10,0.0,1
3740.0,153.44764036028624,374153.4476403603,-374153.4476403603,-374065.4476403603,1e-10,0.0,1
3750.0,153.47083367083098,375153.4708336708,-375153.4708336708,-375065.4708336708,1e-10,0.0,1
3760.0,153.49396521482984,376153.4939652148,-376153.4939652148,-376065.4939652148,1e-10,0.0,1
3770.0,153.5170353203925,377153.5170353204,-377153.5170353204,-377065.5170353204,1e-10,0.0,1
3780.0,153.54004431302113,378153.540044313,-378153.540044313,-378065.540044313,1e-10,0.0,1
3790.0,153.56299251563806,379153.5629925156,-379153.5629925156,-379065.5629925156,1e-10,0.0,1
3800.0,153.58588024861282,380153.58588024863,-380153.58588024863,-380065.58588024863,1e-10,0.0,1
3810.0,153.608707829789,381153.6087078298,-381153.6087078298,-381065.6087078298,1e-10,0.0,1
3820.0,153.6314755745108,382153.6314755745,-382153.6314755745,-382065.6314755745,1e-10,0.0,1
3830.0,153.6541837956491,383153.6541837957,-383153.6541837957,-383065.6541837957,1e-10,0.0,1
3840.0,153.67683280362724,384153.67683280364,-384153.67683280364,-384065.67683280364,1e-10,0.0,1
3850.0,153.69942290644664,385153.69942290644,-385153.69942290644,-385065.69942290644,1e-10,0.0,1
3860.0,153.7219544097117,386153.72195440973,-386153.72195440973,-386065.72195440973,1e-10,0.0,1
3870.0,153.74442761665483,387153.74442761665,-387153.74442761665,-387065.74442761665,1e-10,0.0,1
3880.0,153.76684282816078,388153.76684282813,-388153.76684282813,-388065.76684282813,1e-10,0.0,1
3890.0,153.7892003427908,389153.7892003428,-389153.7892003428,-389065.7892003428,1e-10,0.0,1
3900.0,153.8115004568066,390153.8115004568,-390153.8115004568,-390065.8115004568,1e-10,0.0,1
3910.0,153.83374346419396,391153.8337434642,-391153.8337434642,-391065.8337434642,1e-10,0.0,1
3920.0,153.85592965668576,392153.8559296567,-392153.8559296567,-392065.8559296567,1e-10,0.0,1
3930.0,153.87805932378515,393153.87805932376,-393153.87805932376,-393065.87805932376,1e-10,0.0,1
3940.0,153.90013275278812,394153.9001327528,-394153.9001327528,-394065.9001327528,1e-10,0.0,1
3950.0,153.92215022880583,395153.9221502288,-395153.9221502288,-395065.9221502288,1e-10,0.0,1
3960.0,153.94411203478685,396153.9441120348,-396153.9441120348,-396065.9441120348,1e-10,0.0,1
3970.0,153.96601845153893,397153.96601845155,-397153.96601845155,-397065.96601845155,1e-10,0.0,1
3980.0,153.9878697577504,398153.98786975775,-398153.98786975775,-398065.98786975775,1e-10,0.0,1
3990.0,154.0096662300116,399154.00966623,-399154.00966623,-399066.00966623,1e-10,0.0,1
4000.0,154.03140814283586,400154.0314081428,-400154.0314081428,-400066.0314081428,1e-10,0.0,1
